Legacy URL,Normalised URL,Discovery source,Current status code,Current redirect destination,Indexability,Canonical URL,Robots directive,Sitemap inclusion,Title,Meta description,H1,Content type,Word count,GSC clicks,GSC impressions,Average position,GA4 sessions,Conversions,Active ad usage,Backlinks,Internal links,New URL,Required response: 200/301/308/404/410,Redirect reason,Priority: P0/P1/P2/P3,QA result,Owner,Notes
https://sciencedivine.org/,https://sciencedivine.org/,WordPress REST API: pages | XML sitemap: https://sciencedivine.org/sitemap-misc.xml,200,,Yes,https://sciencedivine.org/,"index, follow, max-snippet:-1, max-image-preview:large, max-video-preview:-1",Yes,Home,"The Science Divine Foundation, a global initiative spreading the message of love, awareness, and meditation.",,page,817,,,,,,,,,,,,,NOT TESTED,SEO migration lead,WP modified: 2025-12-04T17:09:43
https://sciencedivine.org/3days-workshop/,https://sciencedivine.org/3days-workshop/,WordPress REST API: pages | XML sitemap: https://sciencedivine.org/page-sitemap.xml,200,,Yes,https://sciencedivine.org/3days-workshop/,"index, follow, max-snippet:-1, max-image-preview:large, max-video-preview:-1",Yes,3days workshop,"Life Transforming Meditation Retreat Looking to activate your mind’s full potential !!Join us on a 3-day advanced meditation retreat 🧘‍♀️ 25th - 27th November, Haridwar Book Now Get a free consultation 40+ YEARS OF SPIRITUAL GUIDANCE BY SAKSHI SHREE 5M+ Lives Impacted Worldwide 1,000+ Meditation Events Organized Globally 9/10 Experience Inner Peace and Clarity Seeker",,page,1716,,,,,,,,,,,,,NOT TESTED,SEO migration lead,WP modified: 2025-12-04T17:32:34
https://sciencedivine.org/7-chakras-of-body/,https://sciencedivine.org/7-chakras-of-body/,WordPress REST API: posts | XML sitemap: https://sciencedivine.org/post-sitemap.xml,200,,Yes,https://sciencedivine.org/7-chakras-of-body/,"index, follow, max-snippet:-1, max-image-preview:large, max-video-preview:-1",Yes,What are the 7 Chakras &#038; How They Affect Your Life,"Explore what are the 7 chakras of life and discover how they influence every aspect of your well-being. Learn to harmonize the 7 chakras in our body for a healthier, more balanced life.",,post,716,,,,,,,,,,,,,NOT TESTED,SEO migration lead,WP modified: 2024-03-30T07:06:17
https://sciencedivine.org/about-sakshi-shree/,https://sciencedivine.org/about-sakshi-shree/,WordPress REST API: pages | XML sitemap: https://sciencedivine.org/page-sitemap.xml,200,,Yes,https://sciencedivine.org/about-sakshi-shree/,"index, follow, max-snippet:-1, max-image-preview:large, max-video-preview:-1",Yes,About Sakshi shree,"Sakshi Shree - A spiritual master and mystic! In the supermarket of spirituality, today, spiritual masters have been replaced by strange readymade systems, stereotype techniques and methods of meditation which have no soul in them. They are like generic over-the-counter pills doing more harm than good. Sakshi Shree will guide you with specific spiritual processes,",The Deep Connection Between Meditation and the Soul,page,422,,,,,,,,,,,,,NOT TESTED,SEO migration lead,WP modified: 2025-12-04T17:31:45
https://sciencedivine.org/about-science-divine-movement/,https://sciencedivine.org/about-science-divine-movement/,WordPress REST API: pages | XML sitemap: https://sciencedivine.org/page-sitemap.xml,200,,Yes,https://sciencedivine.org/about-science-divine-movement/,"index, follow, max-snippet:-1, max-image-preview:large, max-video-preview:-1",Yes,About &#8211; Science Divine Movement,"Science Divine Movement Sound Body, Sound Mind, Self Realisation. Our Mission Our mission at the Science Divine Movement is to ignite a transformative journey for individuals seeking spiritual growth and personal fulfillment. Through accessible teachings and holistic practices, we empower our community to awaken their inner potential, cultivate a deeper understanding of themselves, and embrace",,page,428,,,,,,,,,,,,,NOT TESTED,SEO migration lead,WP modified: 2025-05-28T18:01:46
https://sciencedivine.org/addictions/,https://sciencedivine.org/addictions/,WordPress REST API: pages | XML sitemap: https://sciencedivine.org/page-sitemap.xml,200,,Yes,https://sciencedivine.org/addictions/,"index, follow, max-snippet:-1, max-image-preview:large, max-video-preview:-1",Yes,Addictions,"Addiction can happen for many reasons, often as a way to cope with difficult emotions or situations. It's a struggle that affects not only our bodies but also our hearts and minds, leaving us feeling overwhelmed and trapped in a cycle we can't break. We at Science Divine understand these struggles deeply. With compassion, understanding, and under Sakshi Shree ji's guidance we offer a helping hand to guide individuals through the challenges of addiction. Join us on a journey of healing and transformation. Break free from the grip of addiction and reclaim control of your life.",,page,212,,,,,,,,,,,,,NOT TESTED,SEO migration lead,WP modified: 2025-05-29T16:48:10
https://sciencedivine.org/ajna-chakra/,https://sciencedivine.org/ajna-chakra/,WordPress REST API: posts | XML sitemap: https://sciencedivine.org/post-sitemap.xml,200,,Yes,https://sciencedivine.org/ajna-chakra/,"index, follow, max-snippet:-1, max-image-preview:large, max-video-preview:-1",Yes,What is Ajna Chakra &#038; How to Activate it,"Discover the secrets of the Ajna Chakra, including its location, benefits, and powers. Learn effective techniques for Ajna Chakra activation through meditation, mudras, and more in this comprehensive guide.",,post,608,,,,,,,,,,,,,NOT TESTED,SEO migration lead,WP modified: 2024-04-03T09:58:33
https://sciencedivine.org/anahata-chakra/,https://sciencedivine.org/anahata-chakra/,WordPress REST API: posts | XML sitemap: https://sciencedivine.org/post-sitemap.xml,200,,Yes,https://sciencedivine.org/anahata-chakra/,"index, follow, max-snippet:-1, max-image-preview:large, max-video-preview:-1",Yes,What is Anahata Chakra &#038; How to Activate it,"Learn how to activate Anahata Chakra with meditation, mudras, and practices for emotional balance and spiritual growth.",,post,613,,,,,,,,,,,,,NOT TESTED,SEO migration lead,WP modified: 2024-04-03T10:01:13
https://sciencedivine.org/annapurna-sewa/,https://sciencedivine.org/annapurna-sewa/,WordPress REST API: pages | XML sitemap: https://sciencedivine.org/page-sitemap.xml,200,,Yes,https://sciencedivine.org/annapurna-sewa/,"index, follow, max-snippet:-1, max-image-preview:large, max-video-preview:-1",Yes,Annapurna Sewa,"Annapurna Sewa — Feeding Hearts, Nourishing Souls Annapurna Sewa — Feeding Hearts, Nourishing Souls At the heart of every spiritual path lies compassion — and Annapurna Sewa is compassion served on a plate. Under the guidance of Sadhguru Sakshi Shree, this initiative ensures that every soul who enters the ashram is fed — freely, lovingly,","Annapurna Sewa — Feeding Hearts, Nourishing Souls",page,415,,,,,,,,,,,,,NOT TESTED,SEO migration lead,WP modified: 2025-12-05T16:17:21
https://sciencedivine.org/anxiety/,https://sciencedivine.org/anxiety/,WordPress REST API: pages | XML sitemap: https://sciencedivine.org/page-sitemap.xml,200,,Yes,https://sciencedivine.org/anxiety/,"index, follow, max-snippet:-1, max-image-preview:large, max-video-preview:-1",Yes,Anxiety,"If feeling anxious about what lies ahead or overwhelmed by constant worry makes you feel lonely, then know that you are not alone. Anxiety has a way of magnifying life's challenges, making even the simplest tasks seem daunting. But there's hope and a way forward. Join us on a journey to discover peace amidst the chaos. Under Sakshi Shree ji's guidance, explore practical solutions and age-old wisdom to help calm your mind and ease your worries. Find support in a welcoming community as you overcome anxiety and regain control of your life.",,page,215,,,,,,,,,,,,,NOT TESTED,SEO migration lead,WP modified: 2025-05-29T16:48:14
https://sciencedivine.org/asana-for-high-blood-pressure/,https://sciencedivine.org/asana-for-high-blood-pressure/,WordPress REST API: posts | XML sitemap: https://sciencedivine.org/post-sitemap.xml,200,,Yes,https://sciencedivine.org/asana-for-high-blood-pressure/,"index, follow, max-snippet:-1, max-image-preview:large, max-video-preview:-1",Yes,Easy Asana for High Blood Pressure Management,Learn asana for high blood pressure with simple steps. These easy yoga asanas for high BP are perfect for beginners looking to manage bp with gentle movements.,,post,1138,,,,,,,,,,,,,NOT TESTED,SEO migration lead,WP modified: 2024-04-03T11:12:34
https://sciencedivine.org/basics-of-meditation/,https://sciencedivine.org/basics-of-meditation/,WordPress REST API: posts | XML sitemap: https://sciencedivine.org/post-sitemap.xml,200,,Yes,https://sciencedivine.org/basics-of-meditation/,"index, follow, max-snippet:-1, max-image-preview:large, max-video-preview:-1",Yes,Discovering the Basics of Meditation: A Beginner's Guide to Inner Peace,"Unlock the secrets of meditation with this comprehensive guide. From understanding its benefits to mastering the basics, embark on a journey towards serenity and mindfulness.",,post,372,,,,,,,,,,,,,NOT TESTED,SEO migration lead,WP modified: 2024-03-30T06:53:09
https://sciencedivine.org/become-a-member/,https://sciencedivine.org/become-a-member/,WordPress REST API: pages | XML sitemap: https://sciencedivine.org/page-sitemap.xml,200,,Yes,https://sciencedivine.org/become-a-member/,"index, follow, max-snippet:-1, max-image-preview:large, max-video-preview:-1",Yes,Become a Member,"Become a Member and Transform Your Life Our Free Membership Program opens doors to a wealth of knowledge and practices, inspired by the wisdom of Sakshi Shree Ji. Whether you&#039;re a seasoned spiritual seeker or just beginning your quest for inner growth, this program is designed to cater to your unique needs. Get ready to",,page,340,,,,,,,,,,,,,NOT TESTED,SEO migration lead,WP modified: 2025-01-07T16:34:48
https://sciencedivine.org/benefits-of-meditation/,https://sciencedivine.org/benefits-of-meditation/,WordPress REST API: posts | XML sitemap: https://sciencedivine.org/post-sitemap.xml,200,,Yes,https://sciencedivine.org/benefits-of-meditation/,"index, follow, max-snippet:-1, max-image-preview:large, max-video-preview:-1",Yes,What is Meditation? Basics & How It Can Benefit You,Tap into meditation transformative power! Discover diverse types and brain benefits through home practice. Enrich your well-being with this ancient art.,,post,905,,,,,,,,,,,,,NOT TESTED,SEO migration lead,WP modified: 2024-04-03T11:06:53
https://sciencedivine.org/birthday-event/,https://sciencedivine.org/birthday-event/,WordPress REST API: pages | XML sitemap: https://sciencedivine.org/page-sitemap.xml,200,,Yes,https://sciencedivine.org/birthday-event/,"index, follow, max-snippet:-1, max-image-preview:large, max-video-preview:-1",Yes,Birthday-Event,"Experience the Silence That Speaks And transform your life from within. Celebrating Sakshi shree Guruji&#039;s Birthday Shiksha Sewa Mahotsav A special Meditation, Pravachan & Blessings program Book Your Seat Before It’s Gone! Date & Time 14th December, 2025 | 10:00 AM Location Siddha Sudarshan Sakshi Dham 9, Avanthika Rd, Chiranjiv Vihar, Shastri Nagar, Ghaziabad, Uttar",,page,303,,,,,,,,,,,,,NOT TESTED,SEO migration lead,WP modified: 2025-12-09T18:18:11
https://sciencedivine.org/build-mental-power/,https://sciencedivine.org/build-mental-power/,WordPress REST API: posts | XML sitemap: https://sciencedivine.org/post-sitemap.xml,200,,Yes,https://sciencedivine.org/build-mental-power/,"index, follow, max-snippet:-1, max-image-preview:large, max-video-preview:-1",Yes,Daily Habits to Build Mental Power,Building mental power is a personal journey. Build it through small daily habits to thrive in any sphere of life.,Daily Habits to Build Mental Power,post,1072,,,,,,,,,,,,,NOT TESTED,SEO migration lead,WP modified: 2024-07-20T06:49:33
https://sciencedivine.org/cancellation-and-refund-policy/,https://sciencedivine.org/cancellation-and-refund-policy/,WordPress REST API: pages | XML sitemap: https://sciencedivine.org/page-sitemap.xml,200,,Yes,https://sciencedivine.org/cancellation-and-refund-policy/,"index, follow, max-snippet:-1, max-image-preview:large, max-video-preview:-1",Yes,Cancellation and Refund Policy,"At Science Divine Foundation, we strive to provide a seamless and enriching spiritual and wellness experience. We understand that circumstances may change, and you may need to cancel your participation. This policy outlines the terms and conditions for cancellations and refunds for our events, online courses, and other offerings. 1. Cancellation by Participants For Online",,page,348,,,,,,,,,,,,,NOT TESTED,SEO migration lead,WP modified: 2025-02-15T15:05:48
https://sciencedivine.org/cart/,https://sciencedivine.org/cart/,WordPress REST API: pages | XML sitemap: https://sciencedivine.org/page-sitemap.xml,200,,Yes,https://sciencedivine.org/cart/,"index, follow, max-snippet:-1, max-image-preview:large, max-video-preview:-1",Yes,Cart,,,page,8,,,,,,,,,,,,,NOT TESTED,SEO migration lead,WP modified: 2023-09-21T07:16:55
https://sciencedivine.org/category/addictions/,https://sciencedivine.org/category/addictions/,WordPress REST API: categories,200,,Yes,https://sciencedivine.org/category/addictions/,max-image-preview:large,No,Addictions,Addictions,,category archive,577,,,,,,,,,,,,,NOT TESTED,SEO migration lead,Published item count: 2
https://sciencedivine.org/category/anxiety/,https://sciencedivine.org/category/anxiety/,WordPress REST API: categories,200,,Yes,https://sciencedivine.org/category/anxiety/,max-image-preview:large,No,Anxiety,,,category archive,900,,,,,,,,,,,,,NOT TESTED,SEO migration lead,Published item count: 19
https://sciencedivine.org/category/chakras/,https://sciencedivine.org/category/chakras/,WordPress REST API: categories,200,,Yes,https://sciencedivine.org/category/chakras/,max-image-preview:large,No,Chakras,,,category archive,885,,,,,,,,,,,,,NOT TESTED,SEO migration lead,Published item count: 10
https://sciencedivine.org/category/depression/,https://sciencedivine.org/category/depression/,WordPress REST API: categories,200,,Yes,https://sciencedivine.org/category/depression/,max-image-preview:large,No,Depression,,,category archive,772,,,,,,,,,,,,,NOT TESTED,SEO migration lead,Published item count: 7
https://sciencedivine.org/category/finding-purpose/,https://sciencedivine.org/category/finding-purpose/,WordPress REST API: categories,200,,Yes,https://sciencedivine.org/category/finding-purpose/,max-image-preview:large,No,Finding-Purpose,Finding Purpose - Science Divine,,category archive,526,,,,,,,,,,,,,NOT TESTED,SEO migration lead,Published item count: 1
https://sciencedivine.org/category/gratitude/,https://sciencedivine.org/category/gratitude/,WordPress REST API: categories,200,,Yes,https://sciencedivine.org/category/gratitude/,max-image-preview:large,No,Gratitude,Gratitude – Science Divine,,category archive,673,,,,,,,,,,,,,NOT TESTED,SEO migration lead,Published item count: 5
https://sciencedivine.org/category/manifestation/,https://sciencedivine.org/category/manifestation/,WordPress REST API: categories,200,,Yes,https://sciencedivine.org/category/manifestation/,max-image-preview:large,No,Manifestation,Manifestation,,category archive,873,,,,,,,,,,,,,NOT TESTED,SEO migration lead,Published item count: 15
https://sciencedivine.org/category/meditation/,https://sciencedivine.org/category/meditation/,WordPress REST API: categories,200,,Yes,https://sciencedivine.org/category/meditation/,max-image-preview:large,No,MEDITATION,,,category archive,879,,,,,,,,,,,,,NOT TESTED,SEO migration lead,Published item count: 67
https://sciencedivine.org/category/mindfulness/,https://sciencedivine.org/category/mindfulness/,WordPress REST API: categories,200,,Yes,https://sciencedivine.org/category/mindfulness/,max-image-preview:large,No,Mindfulness,,,category archive,870,,,,,,,,,,,,,NOT TESTED,SEO migration lead,Published item count: 15
https://sciencedivine.org/category/overthinking/,https://sciencedivine.org/category/overthinking/,WordPress REST API: categories,200,,Yes,https://sciencedivine.org/category/overthinking/,max-image-preview:large,No,Overthinking,Overthinking - Science Divine,,category archive,880,,,,,,,,,,,,,NOT TESTED,SEO migration lead,Published item count: 13
https://sciencedivine.org/category/positive-thinking/,https://sciencedivine.org/category/positive-thinking/,WordPress REST API: categories,200,,Yes,https://sciencedivine.org/category/positive-thinking/,max-image-preview:large,No,Positive Thinking,Positive Thinking - Science Divine,,category archive,873,,,,,,,,,,,,,NOT TESTED,SEO migration lead,Published item count: 20
https://sciencedivine.org/category/relationships/,https://sciencedivine.org/category/relationships/,WordPress REST API: categories,200,,Yes,https://sciencedivine.org/category/relationships/,max-image-preview:large,No,Relationships,,,category archive,874,,,,,,,,,,,,,NOT TESTED,SEO migration lead,Published item count: 24
https://sciencedivine.org/category/sakshi-wisdom/,https://sciencedivine.org/category/sakshi-wisdom/,WordPress REST API: categories,200,,Yes,https://sciencedivine.org/category/sakshi-wisdom/,max-image-preview:large,No,Sakshi Wisdom,,,category archive,868,,,,,,,,,,,,,NOT TESTED,SEO migration lead,Published item count: 44
https://sciencedivine.org/category/sleeping-disorder/,https://sciencedivine.org/category/sleeping-disorder/,WordPress REST API: categories,200,,Yes,https://sciencedivine.org/category/sleeping-disorder/,max-image-preview:large,No,Sleeping Disorder,Sleeping Disorder,,category archive,844,,,,,,,,,,,,,NOT TESTED,SEO migration lead,Published item count: 8
https://sciencedivine.org/category/stress/,https://sciencedivine.org/category/stress/,WordPress REST API: categories,200,,Yes,https://sciencedivine.org/category/stress/,max-image-preview:large,No,Stress,,,category archive,829,,,,,,,,,,,,,NOT TESTED,SEO migration lead,Published item count: 8
https://sciencedivine.org/category/wellness/,https://sciencedivine.org/category/wellness/,WordPress REST API: categories,200,,Yes,https://sciencedivine.org/category/wellness/,max-image-preview:large,No,Wellness,,,category archive,883,,,,,,,,,,,,,NOT TESTED,SEO migration lead,Published item count: 21
https://sciencedivine.org/category/yoga/,https://sciencedivine.org/category/yoga/,WordPress REST API: categories,200,,Yes,https://sciencedivine.org/category/yoga/,max-image-preview:large,No,Yoga,,,category archive,883,,,,,,,,,,,,,NOT TESTED,SEO migration lead,Published item count: 36
https://sciencedivine.org/chakras-in-human-body/,https://sciencedivine.org/chakras-in-human-body/,WordPress REST API: posts | XML sitemap: https://sciencedivine.org/post-sitemap.xml,200,,Yes,https://sciencedivine.org/chakras-in-human-body/,"index, follow, max-snippet:-1, max-image-preview:large, max-video-preview:-1",Yes,A Simple Guide to Chakras: How to Balance Them,"Discover the secrets of chakras in the human body with our comprehensive guide. Learn what chakras are, how to open and balance them.",,post,605,,,,,,,,,,,,,NOT TESTED,SEO migration lead,WP modified: 2024-04-03T10:04:46
https://sciencedivine.org/change-your-destiny/,https://sciencedivine.org/change-your-destiny/,WordPress REST API: posts | XML sitemap: https://sciencedivine.org/post-sitemap.xml,200,,Yes,https://sciencedivine.org/change-your-destiny/,"index, follow, max-snippet:-1, max-image-preview:large, max-video-preview:-1",Yes,Can You Really Change Your Destiny?,"Are you ready to take control of your life? With these tools, you can create the life you have always dreamed of. The journey of a thousand miles begins with a single step, why not take that step today?",Can You Really Change Your Destiny?,post,1449,,,,,,,,,,,,,NOT TESTED,SEO migration lead,WP modified: 2024-07-25T12:23:40
https://sciencedivine.org/checkout/,https://sciencedivine.org/checkout/,WordPress REST API: pages | XML sitemap: https://sciencedivine.org/page-sitemap.xml,302,https://sciencedivine.org/cart/,No,https://sciencedivine.org/checkout/,"index, follow, max-snippet:-1, max-image-preview:large, max-video-preview:-1",Yes,Checkout,,,page,0,,,,,,,,,,,,,NOT TESTED,SEO migration lead,WP modified: 2023-09-21T07:16:56
https://sciencedivine.org/coming-soon-course/,https://sciencedivine.org/coming-soon-course/,WordPress REST API: posts | XML sitemap: https://sciencedivine.org/post-sitemap.xml,200,,Yes,https://sciencedivine.org/coming-soon-course/,"index, follow, max-snippet:-1, max-image-preview:large, max-video-preview:-1",Yes,Coming Soon,Coming Soon...,,post,2,,,,,,,,,,,,,NOT TESTED,SEO migration lead,WP modified: 2024-06-20T06:23:47
https://sciencedivine.org/connect-with-the-divine-power/,https://sciencedivine.org/connect-with-the-divine-power/,WordPress REST API: posts | XML sitemap: https://sciencedivine.org/post-sitemap.xml,200,,Yes,https://sciencedivine.org/connect-with-the-divine-power/,"index, follow, max-snippet:-1, max-image-preview:large, max-video-preview:-1",Yes,Connect With The Divine Power,"Whether you call it God, the Universe, or a higher power, the pursuit of this connection is a common thread that weaves through the tapestry of human existence.",,post,1190,,,,,,,,,,,,,NOT TESTED,SEO migration lead,WP modified: 2024-07-11T09:06:34
https://sciencedivine.org/conscious-mind-and-subconscious-mind/,https://sciencedivine.org/conscious-mind-and-subconscious-mind/,WordPress REST API: posts | XML sitemap: https://sciencedivine.org/post-sitemap.xml,200,,Yes,https://sciencedivine.org/conscious-mind-and-subconscious-mind/,"index, follow, max-snippet:-1, max-image-preview:large, max-video-preview:-1",Yes,The Basics of Conscious mind and Subconscious mind,"Dive deep into the fascinating world of your mind. Explore the basics of the conscious and subconscious mind, their differences, and the incredible power they hold in shaping your life.",,post,1064,,,,,,,,,,,,,NOT TESTED,SEO migration lead,WP modified: 2024-04-03T10:05:45
https://sciencedivine.org/conscious/,https://sciencedivine.org/conscious/,WordPress REST API: posts | XML sitemap: https://sciencedivine.org/post-sitemap.xml,200,,Yes,https://sciencedivine.org/conscious/,"index, follow, max-snippet:-1, max-image-preview:large, max-video-preview:-1",Yes,How to Be Conscious: Wake Up Your Mind Every Day,Find out how to wake up your mind and be more conscious every day with simple steps. Learn easy ways to be more present and enjoy life more fully.,,post,760,,,,,,,,,,,,,NOT TESTED,SEO migration lead,WP modified: 2024-03-30T06:37:33
https://sciencedivine.org/contact/,https://sciencedivine.org/contact/,WordPress REST API: pages | XML sitemap: https://sciencedivine.org/page-sitemap.xml,200,,Yes,https://sciencedivine.org/contact/,"index, follow, max-snippet:-1, max-image-preview:large, max-video-preview:-1",Yes,Contact,"Silence isn’t empty, its full. Sakshi Shree is a enlightened mentor who believes in using scientifically proven techniques to help people. Contact Us For Podcast: Name: Arjun LalMobile: 9315944774Email: info@sciencedivine.orgName: Tushar ChaudharyMobile: 9540072189Email: info@sciencedivine.org Contact Us For College Events: Name: Archana NiraliMobile: 9899612838Email: info@sciencedivine.orgName: Tushar ChaudharyMobile: 9540072189Email: info@sciencedivine.org Address Siddh Sudarshan Sakshi Dham 8, Avantika Rd,",,page,92,,,,,,,,,,,,,NOT TESTED,SEO migration lead,WP modified: 2025-12-04T17:36:09
https://sciencedivine.org/courses/,https://sciencedivine.org/courses/,WordPress REST API: pages | XML sitemap: https://sciencedivine.org/page-sitemap.xml | commercial URL list,200,,Yes,https://sciencedivine.org/courses/,"index, follow, max-snippet:-1, max-image-preview:large, max-video-preview:-1",Yes,Courses,"Explore Our Transformative Courses for Personal Growth and Wellness Discover a range of transformative courses designed to enhance personal growth, promote well-being, and empower you on your journey towards a fulfilling life. Transformative Growth Courses Design Your Destiny Embark on a profound journey of self-discovery and empowerment with “Design Your Destiny ”. This transformative course",,page,201,,,,,,VERIFY IN GOOGLE ADS/META,,,,,,P1,NOT TESTED,SEO migration lead,WP modified: 2025-05-29T16:46:14
https://sciencedivine.org/declutter-your-mind-and-cleanse-your-soul/,https://sciencedivine.org/declutter-your-mind-and-cleanse-your-soul/,WordPress REST API: posts | XML sitemap: https://sciencedivine.org/post-sitemap.xml,200,,Yes,https://sciencedivine.org/declutter-your-mind-and-cleanse-your-soul/,"index, follow, max-snippet:-1, max-image-preview:large, max-video-preview:-1",Yes,Declutter Your Mind and Cleanse Your Soul,"In today's hectic world, taking time to cleanse the mind and soul is crucial for our well-being. Just as our bodies process the food and drink we consume, our minds constantly handle thoughts and emotions.",,post,877,,,,,,,,,,,,,NOT TESTED,SEO migration lead,WP modified: 2024-07-11T09:35:26
https://sciencedivine.org/deep-breathing-for-better-brain/,https://sciencedivine.org/deep-breathing-for-better-brain/,WordPress REST API: posts | XML sitemap: https://sciencedivine.org/post-sitemap.xml,200,,Yes,https://sciencedivine.org/deep-breathing-for-better-brain/,"index, follow, max-snippet:-1, max-image-preview:large, max-video-preview:-1",Yes,"Breathe Better, Think Better, Deep Breathing For Better Brain Function",Want to be smarter? Light Up Your Brain with the surprising benefits of deep breathing. Get started with simple techniques that make a big difference.,,post,1076,,,,,,,,,,,,,NOT TESTED,SEO migration lead,WP modified: 2024-07-13T07:14:27
https://sciencedivine.org/deep-connection-between-meditation-and-the-soul/,https://sciencedivine.org/deep-connection-between-meditation-and-the-soul/,WordPress REST API: posts | XML sitemap: https://sciencedivine.org/post-sitemap.xml,200,,Yes,https://sciencedivine.org/deep-connection-between-meditation-and-the-soul/,"index, follow, max-snippet:-1, max-image-preview:large, max-video-preview:-1",Yes,The Deep Connection Between Meditation and the Soul,"Want to live a more meaningful and peaceful life? If you are feeling lost in the chaos of life, find your center through meditation. Learn how connecting with your soul can lead to emotional stability, better decision-making, and a deeper sense of purpose.",The Deep Connection Between Meditation and the Soul,post,1161,,,,,,,,,,,,,NOT TESTED,SEO migration lead,WP modified: 2024-08-14T17:39:23
https://sciencedivine.org/deepening-connection-in-marriage/,https://sciencedivine.org/deepening-connection-in-marriage/,WordPress REST API: posts | XML sitemap: https://sciencedivine.org/post-sitemap.xml,200,,Yes,https://sciencedivine.org/deepening-connection-in-marriage/,"index, follow, max-snippet:-1, max-image-preview:large, max-video-preview:-1",Yes,Rekindling Intimacy and Deepening Connection in Marriage,"Marriage is a journey filled with love, companionship, and shared dreams, but it's not without its challenges. Over time, the daily grind and life’s responsibilities can take a toll on the intimacy and connection between spouses.",,post,855,,,,,,,,,,,,,NOT TESTED,SEO migration lead,WP modified: 2024-07-11T09:19:24
https://sciencedivine.org/depression/,https://sciencedivine.org/depression/,WordPress REST API: pages | XML sitemap: https://sciencedivine.org/page-sitemap.xml,200,,Yes,https://sciencedivine.org/depression/,"index, follow, max-snippet:-1, max-image-preview:large, max-video-preview:-1",Yes,Depression,"Feeling the weight of depression can be like drowning in an ocean of darkness, where each day feels like an uphill battle. We understand that it robs you of joy, saps your energy, and distorts your perception of the world around you. But with Sakshi Shree ji's spiritual tools and techniques, there lies a pathway to healing and inner peace. Rooted in ancient wisdom, these practices gently guide you through the fog of depression, offering solace and strength along the journey. You're not alone- we are here to support you every step of the way.",,page,186,,,,,,,,,,,,,NOT TESTED,SEO migration lead,WP modified: 2025-05-29T16:48:06
https://sciencedivine.org/design-your-destiny-2/,https://sciencedivine.org/design-your-destiny-2/,WordPress REST API: pages | XML sitemap: https://sciencedivine.org/page-sitemap.xml,200,,Yes,https://sciencedivine.org/design-your-destiny-2/,"index, follow, max-snippet:-1, max-image-preview:large, max-video-preview:-1",Yes,Design Your Destiny,"DESIGN YOUR DESTINY BY SAKSHI SHREE Unlock Destiny, Create New Life. Find your hidden potential and make a fresh start. Discover your inner strengths and create a life that fulfills you. Start Course Trusted By 50,000+ Students Meditation Yoga Mindfulness Sprituality Welness Sprituality Mindfulness Wellness Enlightenment Meditation Yoga Mindfulness Sprituality Welness Sprituality Mindfulness Wellness Enlightenment","Unlock Destiny, Create New Life.",page,665,,,,,,,,,,,,,NOT TESTED,SEO migration lead,WP modified: 2026-05-22T14:17:35
https://sciencedivine.org/design-your-destiny-event-landing-page/,https://sciencedivine.org/design-your-destiny-event-landing-page/,WordPress REST API: pages | XML sitemap: https://sciencedivine.org/page-sitemap.xml,200,,Yes,https://sciencedivine.org/design-your-destiny-event-landing-page/,"index, follow, max-snippet:-1, max-image-preview:large, max-video-preview:-1",Yes,Design Your Destiny Event Landing Page,"Bangalore || Sep’15 2023 Design Your Destiny Discover a profound depth of inner silenceEnjoy deep rest & rejuvenationBegin or renew a restorative meditation practice Register Now “A 7-session Yoga course that helps you to transform into a joyful, relaxed and energetic human being.” “A 7-session Yoga course that helps you to transform into a joyful,",Design Your Destiny,page,567,,,,,,,,,,,,,NOT TESTED,SEO migration lead,WP modified: 2023-08-17T17:32:09
https://sciencedivine.org/design-your-destiny/,https://sciencedivine.org/design-your-destiny/,WordPress REST API: pages | XML sitemap: https://sciencedivine.org/page-sitemap.xml,200,,Yes,https://sciencedivine.org/design-your-destiny/,"index, follow, max-snippet:-1, max-image-preview:large, max-video-preview:-1",Yes,Design Your Destiny,"The Design Your Destiny: Science Divine Basic Course is a three and half hour online video course to help you achieve the state of Sound Body, Sound Mind and Self-Realization. The course covers three fundamental maxims or Three Maha Mantras for achieving all that you want in life from great material prosperity and riches to",,page,514,,,,,,,,,,,,,NOT TESTED,SEO migration lead,WP modified: 2023-09-11T11:59:40
https://sciencedivine.org/designyourdestiny/,https://sciencedivine.org/designyourdestiny/,WordPress REST API: pages | XML sitemap: https://sciencedivine.org/page-sitemap.xml,200,,Yes,https://sciencedivine.org/designyourdestiny/,"index, follow, max-snippet:-1, max-image-preview:large, max-video-preview:-1",Yes,Designyourdestiny,Design Your Destiny - Transform Your Life with Sakshi Shree Design Your Destiny A Life-Transforming Program by Sakshi Shree Unlock your true potential and create a life you love. Discover the power within you to transform your reality and step into your highest self through ancient wisdom and modern practices. ENROLL NOW The Pillars of,Design Your Destiny,page,574,,,,,,,,,,,,,NOT TESTED,SEO migration lead,WP modified: 2026-01-14T13:18:50
https://sciencedivine.org/dhyan-sewa/,https://sciencedivine.org/dhyan-sewa/,WordPress REST API: pages | XML sitemap: https://sciencedivine.org/page-sitemap.xml,200,,Yes,https://sciencedivine.org/dhyan-sewa/,"index, follow, max-snippet:-1, max-image-preview:large, max-video-preview:-1",Yes,Dhyan Sewa,"Dhyan & Gyan Sewa — Spreading the Light, Sharing the Wisdom Dhyan Sewa &quot;Spreading the Light,of inner peace&quot; Guided by Sadhguru Sakshi Shree, this sacred initiative of the Science Divine Foundation brings the timeless gift of meditation to every seeker. In a world that never stops talking, Dhyan Sewa invites you to listen — not","Dhyan Sewa "" Spreading the Light,of inner peace """,page,578,,,,,,,,,,,,,NOT TESTED,SEO migration lead,WP modified: 2025-12-05T15:36:18
https://sciencedivine.org/donation/,https://sciencedivine.org/donation/,WordPress REST API: pages | XML sitemap: https://sciencedivine.org/page-sitemap.xml | commercial URL list,200,,Yes,https://sciencedivine.org/donation/,"index, follow, max-snippet:-1, max-image-preview:large, max-video-preview:-1",Yes,Donation,Who We AreJhuggi Jhopdi Shiksha Sewa Samiti is a non-profit organization putting heart and soul in providing modern education along with meditation to the underprivileged kids residing in Jhuggi Jhopdis (hutments) and slums in India. Our organization has been religiously working to reduce the educational disparity and ensure a brighter future for our kids. Who,,page,888,,,,,,VERIFY IN GOOGLE ADS/META,,,,,,P1,NOT TESTED,SEO migration lead,WP modified: 2025-01-07T16:41:11
https://sciencedivine.org/donor-dashboard/,https://sciencedivine.org/donor-dashboard/,WordPress REST API: pages | XML sitemap: https://sciencedivine.org/page-sitemap.xml,200,,Yes,https://sciencedivine.org/donor-dashboard/,"index, follow, max-snippet:-1, max-image-preview:large, max-video-preview:-1",Yes,Donor Dashboard,,,page,0,,,,,,,,,,,,,NOT TESTED,SEO migration lead,WP modified: 2025-04-07T12:42:55
https://sciencedivine.org/education-sewa/,https://sciencedivine.org/education-sewa/,WordPress REST API: pages | XML sitemap: https://sciencedivine.org/page-sitemap.xml,200,,Yes,https://sciencedivine.org/education-sewa/,"index, follow, max-snippet:-1, max-image-preview:large, max-video-preview:-1",Yes,Education sewa,"Shiksha Sewa — Illuminating Young Minds Shiksha Sewa — Illuminating Young Minds Through the Light of Knowledge Every child is a divine spark of potential, waiting for the light of knowledge to awaken it. Shiksha Seva, inspired by the guiding vision of Sadguru Sakshi Shree, serves as a beacon of hope—transforming education into a sacred",Shiksha Sewa — Illuminating Young Minds,page,421,,,,,,,,,,,,,NOT TESTED,SEO migration lead,WP modified: 2025-12-05T15:34:05
https://sciencedivine.org/elementor-28339/,https://sciencedivine.org/elementor-28339/,WordPress REST API: pages | XML sitemap: https://sciencedivine.org/page-sitemap.xml,200,,Yes,https://sciencedivine.org/elementor-28339/,"index, follow, max-snippet:-1, max-image-preview:large, max-video-preview:-1",Yes,Elementor #28339,"Shiksha Sewa Mahotsav | Guruji&#039;s Birthday Registration Experience the Silence That Speaks And transform your life from within. A special Meditation, Pravachan & Blessings program Celebrating Skashi shree Guruji&#039;s Birthday Shiksha Sewa Mahotsav Date & Time 14th December, 2025 | 10:00 AM Location Grand Convention Center, New Delhi, India Entry Fee Free (Registration Mandatory) 👉",Celebrating Skashi shree Guruji's Birthday,page,357,,,,,,,,,,,,,NOT TESTED,SEO migration lead,WP modified: 2025-12-02T11:34:45
https://sciencedivine.org/embark-on-your-meditation-journey/,https://sciencedivine.org/embark-on-your-meditation-journey/,WordPress REST API: posts | XML sitemap: https://sciencedivine.org/post-sitemap.xml,200,,Yes,https://sciencedivine.org/embark-on-your-meditation-journey/,"index, follow, max-snippet:-1, max-image-preview:large, max-video-preview:-1",Yes,Embark on Your Meditation Journey: A Beginner's Comprehensive Guide,"Begin your meditation journey with ease. Discover practical steps, expert tips, and essential insights in this comprehensive guide tailored for beginners. Transform your mind and body starting today!",,post,441,,,,,,,,,,,,,NOT TESTED,SEO migration lead,WP modified: 2024-03-28T06:08:17
https://sciencedivine.org/event-new/,https://sciencedivine.org/event-new/,WordPress REST API: pages | XML sitemap: https://sciencedivine.org/page-sitemap.xml | commercial URL list,200,,Yes,https://sciencedivine.org/event-new/,"index, follow, max-snippet:-1, max-image-preview:large, max-video-preview:-1",Yes,Event New,"Find the Events for Conscious Awakening Join us at enriching events, where we seamlessly blend learning with inspiration, to foster growth and build lasting connections. Upcoming Events Shiksha Sewa Sankalp Mahotsav On the sacred occasion of Guruji’s birthday, we are blessed with an opportunity to attend a powerful session of Meditation, Pravachan & Divine Blessings",,page,423,,,,,,VERIFY IN GOOGLE ADS/META,,,,,,P1,NOT TESTED,SEO migration lead,WP modified: 2026-03-23T15:21:49
https://sciencedivine.org/events-gallery/,https://sciencedivine.org/events-gallery/,WordPress REST API: pages | XML sitemap: https://sciencedivine.org/page-sitemap.xml,200,,Yes,https://sciencedivine.org/events-gallery/,"index, follow, max-snippet:-1, max-image-preview:large, max-video-preview:-1",Yes,Events Gallery,,,page,128,,,,,,,,,,,,,NOT TESTED,SEO migration lead,WP modified: 2025-05-29T17:06:15
https://sciencedivine.org/feminine-energy/,https://sciencedivine.org/feminine-energy/,WordPress REST API: posts | XML sitemap: https://sciencedivine.org/post-sitemap.xml,200,,Yes,https://sciencedivine.org/feminine-energy/,"index, follow, max-snippet:-1, max-image-preview:large, max-video-preview:-1",Yes,Understanding Feminine Energy and 6 Ways to Reclaim it,"Dive into the transformative journey of reclaiming your feminine energy. Explore the essence of feminine power, signs of imbalance, and practical steps to reconnect with your inner self and the natural world.",,post,809,,,,,,,,,,,,,NOT TESTED,SEO migration lead,WP modified: 2024-07-11T09:57:25
https://sciencedivine.org/finding-purpose/,https://sciencedivine.org/finding-purpose/,WordPress REST API: pages | XML sitemap: https://sciencedivine.org/page-sitemap.xml,200,,Yes,https://sciencedivine.org/finding-purpose/,"index, follow, max-snippet:-1, max-image-preview:large, max-video-preview:-1",Yes,Finding Purpose,"Sometimes, figuring out your purpose can be like searching for something tiny in a huge pile of hay. You need to understand yourself, try new things, and maybe do things that feel a bit scary. But once you find what truly makes you happy inside, it's like finding the last piece of a puzzle. If you are trying to find your purpose, just go with it and don't be afraid of the journey. Sakshi Shree Ji’s guidance along with our powerful programs are designed to help. Find simple ways to understand yourself better and find what really matters to you.",,page,224,,,,,,,,,,,,,NOT TESTED,SEO migration lead,WP modified: 2025-05-29T16:47:15
https://sciencedivine.org/five-effective-yoga-poses/,https://sciencedivine.org/five-effective-yoga-poses/,WordPress REST API: posts | XML sitemap: https://sciencedivine.org/post-sitemap.xml,200,,Yes,https://sciencedivine.org/five-effective-yoga-poses/,"index, follow, max-snippet:-1, max-image-preview:large, max-video-preview:-1",Yes,5 Effective Yoga Poses for Ultimate Stress Relief and Deep Relaxation,"Discover the art of relaxation and stress relief through Yoga. This guide explores 5 essential yoga poses designed to calm the mind, soothe the body, and uplift your spirit.",,post,437,,,,,,,,,,,,,NOT TESTED,SEO migration lead,WP modified: 2024-03-30T07:27:35
https://sciencedivine.org/gateway-to-nirvana/,https://sciencedivine.org/gateway-to-nirvana/,WordPress REST API: posts | XML sitemap: https://sciencedivine.org/post-sitemap.xml,200,,Yes,https://sciencedivine.org/gateway-to-nirvana/,"index, follow, max-snippet:-1, max-image-preview:large, max-video-preview:-1",Yes,Gateway to Nirvana: Meditation and Self Healing,Ever wondered what Gateway to Nirvana really means? A few simple changes can guide you there and it is easier than you think.,Gateway to Nirvana: Meditation and Self Healing,post,1245,,,,,,,,,,,,,NOT TESTED,SEO migration lead,WP modified: 2024-08-13T15:23:19
https://sciencedivine.org/get-solutions-for/,https://sciencedivine.org/get-solutions-for/,WordPress REST API: pages | XML sitemap: https://sciencedivine.org/page-sitemap.xml,200,,No,https://sciencedivine.org/get-solutions-for/,"noindex, nofollow",Yes,Get Solutions For,Overthinking Overthinking No More: Techniques for Clarity and Calm by Sakshi Shree Know More Addictions Find Your Freedom: Overcoming Addiction with Help and Hope Know More Parenting Sakshi Shree’s Guide to Parenting Through the Ages Know More Sleeping Disorder Sleep Better Every Night: Simple Steps to Beat Sleep Problems with Sakshi Shree Know More Wellness,,page,90,,,,,,,,,,,,,NOT TESTED,SEO migration lead,WP modified: 2025-05-28T16:12:02
https://sciencedivine.org/get-started-with/,https://sciencedivine.org/get-started-with/,WordPress REST API: pages | XML sitemap: https://sciencedivine.org/page-sitemap.xml,200,,No,https://sciencedivine.org/get-started-with/,"noindex, nofollow",Yes,Get Started with,Yoga Easy Yoga for Everyday Peace by Science Divine Know More Finding Purpose Finding Your Purpose: A Journey to Self-Discovery with Sakshi Shree Know More Manifestation Manifest Your Success: Unleash Your Potential with Sakshi Shree’s Powerful Techniques Know More Gratitude Finding Light in the Storm: The Transformative Power of Gratitude with Sakshi Shree Know More,,page,98,,,,,,,,,,,,,NOT TESTED,SEO migration lead,WP modified: 2025-05-28T16:44:15
https://sciencedivine.org/gomti-chakra/,https://sciencedivine.org/gomti-chakra/,WordPress REST API: posts | XML sitemap: https://sciencedivine.org/post-sitemap.xml,200,,Yes,https://sciencedivine.org/gomti-chakra/,"index, follow, max-snippet:-1, max-image-preview:large, max-video-preview:-1",Yes,The Magic of Gomti Chakra: How It Can Change Your Life,"Discover the magic of Gomti Chakra and how its spiritual and healing benefits can bring positive changes to your life. Learn about energizing Gomti Chakra for prosperity, health, and protection.",,post,563,,,,,,,,,,,,,NOT TESTED,SEO migration lead,WP modified: 2024-04-03T10:03:55
https://sciencedivine.org/gratitude/,https://sciencedivine.org/gratitude/,WordPress REST API: pages | XML sitemap: https://sciencedivine.org/page-sitemap.xml,200,,Yes,https://sciencedivine.org/gratitude/,"index, follow, max-snippet:-1, max-image-preview:large, max-video-preview:-1",Yes,Gratitude,"In life's tough times, being thankful can be like finding a bright light in a dark storm. Gratitude isn't about pretending everything's perfect, but about finding good things even when times are tough. When you're grateful, you focus on what you have, not what's missing, bringing more happiness into your life. Join us today and discover the power of gratitude with Sakshi Shree Ji. His guidance can help you find joy, even in hard times, lighting up your path to a brighter future.",,page,198,,,,,,,,,,,,,NOT TESTED,SEO migration lead,WP modified: 2025-05-29T16:47:31
https://sciencedivine.org/habits-that-can-change-your-life/,https://sciencedivine.org/habits-that-can-change-your-life/,WordPress REST API: posts | XML sitemap: https://sciencedivine.org/post-sitemap.xml,200,,Yes,https://sciencedivine.org/habits-that-can-change-your-life/,"index, follow, max-snippet:-1, max-image-preview:large, max-video-preview:-1",Yes,Easy Habits That Can Transform Your Life In a Month,Ready to change your life? Pick these Habits That Can Change Your Life and see how they can lead to big changes in just a month!,,post,940,,,,,,,,,,,,,NOT TESTED,SEO migration lead,WP modified: 2024-07-13T09:59:38
https://sciencedivine.org/har-ghar-shiksha-donation/,https://sciencedivine.org/har-ghar-shiksha-donation/,WordPress REST API: pages | XML sitemap: https://sciencedivine.org/page-sitemap.xml,200,,Yes,https://sciencedivine.org/har-ghar-shiksha-donation/,"index, follow, max-snippet:-1, max-image-preview:large, max-video-preview:-1",Yes,Har Ghar Shiksha donation,"Make a Difference Today Your generous donation helps us continue our mission to provide quality education to underprivileged children across India. Every contribution, no matter how small, has a significant impact. How Your Donation Helps ₹500 provides a child with school supplies for a month₹1,000 supports teacher training programs₹2,500 provides books for an entire classroom₹5,000",Contact Details,page,156,,,,,,,,,,,,,NOT TESTED,SEO migration lead,WP modified: 2025-04-10T18:02:18
https://sciencedivine.org/har-ghar-shiksha-volunteers/,https://sciencedivine.org/har-ghar-shiksha-volunteers/,WordPress REST API: pages | XML sitemap: https://sciencedivine.org/page-sitemap.xml,200,,Yes,https://sciencedivine.org/har-ghar-shiksha-volunteers/,"index, follow, max-snippet:-1, max-image-preview:large, max-video-preview:-1",Yes,Har Ghar Shiksha volunteers,"Volunteers Become part of the movement! Share your skills, time, and passion to help transform children&#039;s lives. Volunteer 1 Workshops across India Volunteer 2Lives touched through meditation Volunteer 3Teaching Hours delivered We’re not just changing lives. We’re building a new India — child by child, soul by soul. How can you get involved as a",Volunteers,page,170,,,,,,,,,,,,,NOT TESTED,SEO migration lead,WP modified: 2025-12-04T18:05:53
https://sciencedivine.org/har-ghar-shiksha/,https://sciencedivine.org/har-ghar-shiksha/,WordPress REST API: pages | XML sitemap: https://sciencedivine.org/page-sitemap.xml,200,,Yes,https://sciencedivine.org/har-ghar-shiksha/,"index, follow, max-snippet:-1, max-image-preview:large, max-video-preview:-1",Yes,Har Ghar Shiksha,"Har Ghar Shiksha, Har Ghar Dhyan Education and Meditation in Every Home.A massive movement for education and meditation.A commitment to the birth of a new humanity. Join the Movement Learn More Sakshi Shree&#039;s Commitment: To create a new human being flourishing on earth, which is only possible through education and meditation. About Har Ghar Shiksha,","Har Ghar Shiksha, Har Ghar Dhyan",page,536,,,,,,,,,,,,,NOT TESTED,SEO migration lead,WP modified: 2025-12-04T17:56:16
https://sciencedivine.org/harmonizing-mind-and-body/,https://sciencedivine.org/harmonizing-mind-and-body/,WordPress REST API: posts | XML sitemap: https://sciencedivine.org/post-sitemap.xml,200,,Yes,https://sciencedivine.org/harmonizing-mind-and-body/,"index, follow, max-snippet:-1, max-image-preview:large, max-video-preview:-1",Yes,Harmonizing Mind and Body: The Transformative Power of Yoga and Meditation,"Dive into the serene world of yoga and meditation and discover how these ancient practices can enhance physical and mental harmony, promote well-being, and transform your life. Explore practical tips, insights, and the science behind the art of inner peace.",,post,552,,,,,,,,,,,,,NOT TESTED,SEO migration lead,WP modified: 2024-03-30T06:16:32
https://sciencedivine.org/healing-after-failed-love/,https://sciencedivine.org/healing-after-failed-love/,WordPress REST API: posts | XML sitemap: https://sciencedivine.org/post-sitemap.xml,200,,Yes,https://sciencedivine.org/healing-after-failed-love/,"index, follow, max-snippet:-1, max-image-preview:large, max-video-preview:-1",Yes,How to Heal After Failed Love,"If healing your broken heart seems tough, then this is for you! Practical ways to heal from love failure and attract love.",,post,1212,,,,,,,,,,,,,NOT TESTED,SEO migration lead,WP modified: 2024-07-12T11:34:53
https://sciencedivine.org/hello-world/,https://sciencedivine.org/hello-world/,WordPress REST API: posts | XML sitemap: https://sciencedivine.org/post-sitemap.xml,200,,Yes,https://sciencedivine.org/hello-world/,"index, follow, max-snippet:-1, max-image-preview:large, max-video-preview:-1",Yes,Hello world!,"Welcome to WordPress. This is your first post. Edit or delete it, then start writing!",,post,15,,,,,,,,,,,,,NOT TESTED,SEO migration lead,WP modified: 2023-06-05T08:39:34
https://sciencedivine.org/home-copy/,https://sciencedivine.org/home-copy/,WordPress REST API: pages | XML sitemap: https://sciencedivine.org/page-sitemap.xml,200,,Yes,https://sciencedivine.org/home-copy/,"index, follow, max-snippet:-1, max-image-preview:large, max-video-preview:-1",Yes,Home OLD,"Sound Body | Sound Mind | Self Realisation SCIENCE DIVINE the science of divine living Founded by the enlightened master Sakshi Shree, The Science Divine Movement is a mission to spread love, awareness, and meditation around the world. With the help of meditation, the Movement focuses on freeing individuals from belief systems, discriminations, rituals, and",SCIENCE DIVINE,page,1095,,,,,,,,,,,,,NOT TESTED,SEO migration lead,WP modified: 2025-12-04T18:37:16
https://sciencedivine.org/how-energy-flow-shapes-your-physical/,https://sciencedivine.org/how-energy-flow-shapes-your-physical/,WordPress REST API: posts | XML sitemap: https://sciencedivine.org/post-sitemap.xml,200,,Yes,https://sciencedivine.org/how-energy-flow-shapes-your-physical/,"index, follow, max-snippet:-1, max-image-preview:large, max-video-preview:-1",Yes,How Energy Flow Shapes Your Physical and Mental Well-Being,"If you're feeling stuck, it could be a sign that your energy is blocked. Your energy flow impacts everything - when it flows freely, your mind is clearer, and your life feels lighter.",How Energy Flow Shapes Your Physical and Mental Well-Being,post,1386,,,,,,,,,,,,,NOT TESTED,SEO migration lead,WP modified: 2024-08-13T16:31:39
https://sciencedivine.org/how-to-make-life-a-game/,https://sciencedivine.org/how-to-make-life-a-game/,WordPress REST API: posts | XML sitemap: https://sciencedivine.org/post-sitemap.xml,200,,Yes,https://sciencedivine.org/how-to-make-life-a-game/,"index, follow, max-snippet:-1, max-image-preview:large, max-video-preview:-1",Yes,How to make life a game? || Sakshi Shree,"Transform your life into a joyful game with Sakshi Shree's teachings. Discover how a playful mindset, clear goals, mindfulness, and gratitude can lead to personal growth and happiness. Visit Sciencedivine Foundation to learn more.",,post,666,,,,,,,,,,,,,NOT TESTED,SEO migration lead,WP modified: 2024-07-23T07:46:27
https://sciencedivine.org/impact-of-spirituality-on-academic-pursuits/,https://sciencedivine.org/impact-of-spirituality-on-academic-pursuits/,WordPress REST API: posts | XML sitemap: https://sciencedivine.org/post-sitemap.xml,200,,Yes,https://sciencedivine.org/impact-of-spirituality-on-academic-pursuits/,"index, follow, max-snippet:-1, max-image-preview:large, max-video-preview:-1",Yes,Impact of Spirituality on Academic Pursuits,"In the bustling corridors of academia, where students juggle textbooks anddeadlines, there exists a quiet force that often goes unnoticed yet profoundlyshapes their lives: spirituality. Beyond the equations and essays, spiritualityprovides a compass, guiding students through the maze of uncertainties andchallenges.",,post,818,,,,,,,,,,,,,NOT TESTED,SEO migration lead,WP modified: 2024-05-17T06:52:11
https://sciencedivine.org/initiatives/,https://sciencedivine.org/initiatives/,WordPress REST API: pages | XML sitemap: https://sciencedivine.org/page-sitemap.xml,200,,Yes,https://sciencedivine.org/initiatives/,"index, follow, max-snippet:-1, max-image-preview:large, max-video-preview:-1",Yes,Initiatives,"SAVE HUMANITY By spreading Science Divine MovementFor Sound Body, Sound Mind, Self Realization Have you experienced the guidance of Sakshi Shree?Do you wish his divine wisdom to touch millions and billions of hearts around the world?He walks this path for you. The blessings, the teachings, the light—they reach you because of his unwavering efforts. Now,",,page,369,,,,,,,,,,,,,NOT TESTED,SEO migration lead,WP modified: 2025-12-05T16:45:35
https://sciencedivine.org/join-sunday-event/,https://sciencedivine.org/join-sunday-event/,WordPress REST API: pages | XML sitemap: https://sciencedivine.org/page-sitemap.xml,200,,Yes,https://sciencedivine.org/join-sunday-event/,"index, follow, max-snippet:-1, max-image-preview:large, max-video-preview:-1",Yes,Join Sunday Event,"Congrats for registering for the workshop. A Life Changing Journey Awaits You on 13th April. 13th April, Don&#039;t go yet, Join the below whatsapp group to get your link for workshop. Join Whatsapp Group Now Subscribe YouTube Channel Your Meditation session is scheduled for Sunday, 13th April, 2025 at 11:00 AM . You will be",,page,69,,,,,,,,,,,,,NOT TESTED,SEO migration lead,WP modified: 2025-03-05T15:04:30
https://sciencedivine.org/landing-page-copy-2/,https://sciencedivine.org/landing-page-copy-2/,WordPress REST API: pages | XML sitemap: https://sciencedivine.org/page-sitemap.xml,200,,Yes,https://sciencedivine.org/landing-page-copy-2/,"index, follow, max-snippet:-1, max-image-preview:large, max-video-preview:-1",Yes,Los Angles &#8211; USA Tour Copy,0 + This workshop by Sakshi Shree has already been conducted in 50+ cities in India and internationally. 0 + Life transformation workshops have already been conducted in 50+ cities. 0 + Participants have benefited and have been able to change the direction of their lives with the help of this workshop. 1 st Time,,page,782,,,,,,,,,,,,,NOT TESTED,SEO migration lead,WP modified: 2024-05-30T10:50:50
https://sciencedivine.org/latest-testimonials-videos/,https://sciencedivine.org/latest-testimonials-videos/,WordPress REST API: pages | XML sitemap: https://sciencedivine.org/page-sitemap.xml,200,,Yes,https://sciencedivine.org/latest-testimonials-videos/,"index, follow, max-snippet:-1, max-image-preview:large, max-video-preview:-1",Yes,Latest Testimonials Videos,All Testimonials https://www.youtube.com/watch?v=QLmL230dApkhttps://www.youtube.com/watch?v=EiFMTSo8Ywshttps://www.youtube.com/watch?v=6bkJdkmAt20https://www.youtube.com/watch?v=5KmsxqJXACMhttps://youtu.be/LiILI9iLK0U?si=TBlBMMt4Yd46mSj6https://youtu.be/FERuXT0Z8JE?si=rA6QCDVpy1xhqTWphttps://youtu.be/wjPponfjB_g?si=fsWNYgELIWUnvSMRhttps://youtu.be/LV74UV9AUNE?si=rd6aO8_YJOsd35vDhttps://youtu.be/60_cJkCAc5I?si=MeTq3KzqzowSKHK-https://youtu.be/jEiClzy2ZhY?si=m6yV0WlzFvXTMYGehttps://youtu.be/4XbvVT7yK2U?si=PfIncVYQnwzqJGiLhttps://youtu.be/FmQlrZ5XVmY?si=rXzxAbzPpJtqYYyrhttps://youtu.be/6PiX_XQcPFE?si=sBB88AkhKINOCN6dhttps://youtu.be/XaOeGL4Mp2E?si=Z8xZLnVULVh9805phttps://youtu.be/6c3XtzTbu80?si=fcljZe_0F1XLWOQshttps://youtu.be/zYBYARtrr94?si=RzF-gQrEz2F7t5Z2https://youtu.be/W3bfSZkEaDg?si=mPQRr5bhWHHQJe7Nhttps://youtu.be/XSkmVjlvXd4?si=sQXkYWXDc3Zbk7eShttps://youtu.be/2P6i7tnydMI?si=YNkIzhYhjabGGKG_https://youtu.be/7AMCDdnCjuI?si=iFpEIo6SDi43TbCYhttps://youtu.be/PSwaCSEjPLM?si=OKcDKW1ls4NgZASB,,page,2,,,,,,,,,,,,,NOT TESTED,SEO migration lead,WP modified: 2025-02-24T14:38:39
https://sciencedivine.org/manifestation/,https://sciencedivine.org/manifestation/,WordPress REST API: pages | XML sitemap: https://sciencedivine.org/page-sitemap.xml,200,,Yes,https://sciencedivine.org/manifestation/,"index, follow, max-snippet:-1, max-image-preview:large, max-video-preview:-1",Yes,Manifestation,"Imagine you're aiming for a promotion at work but have been feeling stuck in your current position for some time. Despite your hard work and dedication, opportunities for advancement seem scarce, and self-doubt starts creeping in. This is where manifestation can be incredibly helpful! Cultivate positivity, emphasizing strengths and belief in your potential. Sakshi Shree ji's teachings amplify this practice, offering valuable techniques to enhance manifestation. With our powerful programs, gain insights into aligning thoughts with goals and manifest your way to success.",,page,197,,,,,,,,,,,,,NOT TESTED,SEO migration lead,WP modified: 2025-05-29T16:47:18
https://sciencedivine.org/manipura-chakra/,https://sciencedivine.org/manipura-chakra/,WordPress REST API: posts | XML sitemap: https://sciencedivine.org/post-sitemap.xml,200,,Yes,https://sciencedivine.org/manipura-chakra/,"index, follow, max-snippet:-1, max-image-preview:large, max-video-preview:-1",Yes,Manipura Chakra: A beginners Guide to activate it,"Discover the secrets of the Manipura Chakra, from its location and benefits to effective activation techniques. Learn about Manipura Chakra asanas, meditation, and the power it holds within you.",,post,593,,,,,,,,,,,,,NOT TESTED,SEO migration lead,WP modified: 2024-04-03T10:02:04
https://sciencedivine.org/master-art-of-deep-relaxation/,https://sciencedivine.org/master-art-of-deep-relaxation/,WordPress REST API: posts | XML sitemap: https://sciencedivine.org/post-sitemap.xml,200,,Yes,https://sciencedivine.org/master-art-of-deep-relaxation/,"index, follow, max-snippet:-1, max-image-preview:large, max-video-preview:-1",Yes,Master the Art of Deep Relaxation: Unveiling the Secrets of Guided Meditation for Ultimate Stress Relief,"Explore the transformative power of guided meditation for stress relief. Dive into the art of deep relaxation and unlock the secrets to a calmer, more balanced life with our comprehensive guide.",,post,422,,,,,,,,,,,,,NOT TESTED,SEO migration lead,WP modified: 2024-03-28T06:14:57
https://sciencedivine.org/master-your-own-fate/,https://sciencedivine.org/master-your-own-fate/,WordPress REST API: posts | XML sitemap: https://sciencedivine.org/post-sitemap.xml,200,,Yes,https://sciencedivine.org/master-your-own-fate/,"index, follow, max-snippet:-1, max-image-preview:large, max-video-preview:-1",Yes,Master Your Own Fate,"If you are wondering if your fate is written or you can change it, use this practical guide to write your life story and create your own fate.",,post,1004,,,,,,,,,,,,,NOT TESTED,SEO migration lead,WP modified: 2025-02-20T18:39:56
https://sciencedivine.org/mastering-calm/,https://sciencedivine.org/mastering-calm/,WordPress REST API: posts | XML sitemap: https://sciencedivine.org/post-sitemap.xml,200,,Yes,https://sciencedivine.org/mastering-calm/,"index, follow, max-snippet:-1, max-image-preview:large, max-video-preview:-1",Yes,Mastering Calm: Effective Meditation Practices for Managing Stress and Anxiety,"Discover the transformative power of meditation in managing stress and anxiety. Explore proven techniques, practical tips, and the science behind the serenity in our comprehensive guide to mastering calm through meditation.",,post,312,,,,,,,,,,,,,NOT TESTED,SEO migration lead,WP modified: 2024-03-28T10:29:22
https://sciencedivine.org/mastering-life-s-challenges/,https://sciencedivine.org/mastering-life-s-challenges/,WordPress REST API: posts | XML sitemap: https://sciencedivine.org/post-sitemap.xml,200,,Yes,https://sciencedivine.org/mastering-life-s-challenges/,"index, follow, max-snippet:-1, max-image-preview:large, max-video-preview:-1",Yes,Mastering Life's Challenges: Elevating Your Journey with Meditation and Emotional Intelligence,"Unlock the synergy of Meditation and Emotional Intelligence to navigate life&#039;s challenges with grace. Explore techniques, insights, and strategies to elevate your mental, emotional, and spiritual well-being in our comprehensive guide.",,post,404,,,,,,,,,,,,,NOT TESTED,SEO migration lead,WP modified: 2024-03-30T06:54:08
https://sciencedivine.org/meditation-and-mental-health/,https://sciencedivine.org/meditation-and-mental-health/,WordPress REST API: posts | XML sitemap: https://sciencedivine.org/post-sitemap.xml,200,,Yes,https://sciencedivine.org/meditation-and-mental-health/,"index, follow, max-snippet:-1, max-image-preview:large, max-video-preview:-1",Yes,Meditation and Mental Health: Transformative Stories of Healing and Renewal,Discover the profound impact of meditation on mental health through real stories of transformation. Explore scientific insights and learn practical tips to begin your journey towards inner peace and emotional well-being.,,post,413,,,,,,,,,,,,,NOT TESTED,SEO migration lead,WP modified: 2024-03-30T06:30:31
https://sciencedivine.org/meditation-at-home/,https://sciencedivine.org/meditation-at-home/,WordPress REST API: posts | XML sitemap: https://sciencedivine.org/post-sitemap.xml,200,,Yes,https://sciencedivine.org/meditation-at-home/,"index, follow, max-snippet:-1, max-image-preview:large, max-video-preview:-1",Yes,Mastering Meditation at Home: A Step-by-Step Guide to Inner Peace,"Unlock the secrets of home meditation with our comprehensive guide. Discover tips, techniques, and benefits of meditating in the comfort of your own space.",,post,447,,,,,,,,,,,,,NOT TESTED,SEO migration lead,WP modified: 2024-03-30T07:28:26
https://sciencedivine.org/meditation-for-kids/,https://sciencedivine.org/meditation-for-kids/,WordPress REST API: posts | XML sitemap: https://sciencedivine.org/post-sitemap.xml,200,,Yes,https://sciencedivine.org/meditation-for-kids/,"index, follow, max-snippet:-1, max-image-preview:large, max-video-preview:-1",Yes,Meditation for Kids: Essential Guide to Promoting Calm and Focus,"Discover the transformative power of meditation for children. Explore practical tips, benefits, and age-appropriate techniques to foster calmness and concentration in kids.",,post,371,,,,,,,,,,,,,NOT TESTED,SEO migration lead,WP modified: 2024-04-03T11:25:22
https://sciencedivine.org/meditation-for-seniors/,https://sciencedivine.org/meditation-for-seniors/,WordPress REST API: posts | XML sitemap: https://sciencedivine.org/post-sitemap.xml,200,,Yes,https://sciencedivine.org/meditation-for-seniors/,"index, follow, max-snippet:-1, max-image-preview:large, max-video-preview:-1",Yes,Meditation for Seniors: Embrace a Journey to Serenity and Healthy Aging,"Explore the transformative power of meditation for seniors. Dive into our comprehensive guide on how meditation fosters peaceful ageing, enhances mental clarity, and supports physical health. Begin your journey to serenity today.",,post,355,,,,,,,,,,,,,NOT TESTED,SEO migration lead,WP modified: 2024-03-30T06:21:03
https://sciencedivine.org/meditation-into-your-daily-routine/,https://sciencedivine.org/meditation-into-your-daily-routine/,WordPress REST API: posts | XML sitemap: https://sciencedivine.org/post-sitemap.xml,200,,Yes,https://sciencedivine.org/meditation-into-your-daily-routine/,"index, follow, max-snippet:-1, max-image-preview:large, max-video-preview:-1",Yes,Unlocking Serenity: A Guide to Incorporating Meditation into Your Daily Routine,"Discover the art of tranquillity with our comprehensive guide on incorporating meditation into your daily routine. Unlock a more mindful, serene life today.",,post,413,,,,,,,,,,,,,NOT TESTED,SEO migration lead,WP modified: 2024-03-30T06:53:18
https://sciencedivine.org/meditation/,https://sciencedivine.org/meditation/,WordPress REST API: pages | XML sitemap: https://sciencedivine.org/page-sitemap.xml,200,,Yes,https://sciencedivine.org/meditation/,"index, follow, max-snippet:-1, max-image-preview:large, max-video-preview:-1",Yes,Meditation,"Meditation is a timeless practice that offers profound benefits for both body and mind. In our fast-paced lives, the need for such practices has never been greater. It's a simple yet powerful technique that involves focusing your attention and quieting the chatter of the mind. Research has shown that meditation reduces stress, enhances emotional well-being, and even promotes physical healing by lowering blood pressure and boosting the immune system. So, why wait? Take the first step towards a more fulfilling life today, and let Sakshi Shree Ji's wisdom illuminate your path to inner peace and well-being.",,page,211,,,,,,,,,,,,,NOT TESTED,SEO migration lead,WP modified: 2025-05-29T16:47:30
https://sciencedivine.org/mind-power-meditation-2/,https://sciencedivine.org/mind-power-meditation-2/,WordPress REST API: pages | XML sitemap: https://sciencedivine.org/page-sitemap.xml,200,,Yes,https://sciencedivine.org/mind-power-meditation-2/,"index, follow, max-snippet:-1, max-image-preview:large, max-video-preview:-1",Yes,Mind power Meditation,"Mind Power Meditation is a transformative practice that harnesses the untapped potential of the mind to unlock inner strength, clarity, and manifestation abilities. Through this meditation technique, individuals learn to harness the power of their thoughts and focus them towards achieving their goals and desires. Over the past many years, the Mind Power Meditation has helped",,page,402,,,,,,,,,,,,,NOT TESTED,SEO migration lead,WP modified: 2023-10-25T04:26:03
https://sciencedivine.org/mind-power-meditation-landing-page/,https://sciencedivine.org/mind-power-meditation-landing-page/,WordPress REST API: pages | XML sitemap: https://sciencedivine.org/page-sitemap.xml | commercial URL list,200,,Yes,https://sciencedivine.org/mind-power-meditation-landing-page/,"index, follow, max-snippet:-1, max-image-preview:large, max-video-preview:-1",Yes,Mind Power Meditation Landing Page,"Bangalore || Sep’15 2023 Mind Power Meditation Manifestation of your dreams & desires.Heightened creativity and intuition.Enhanced focus and concentration. Register Now “A 7-session Yoga course that helps you to transform into a joyful, relaxed and energetic human being.” “A 7-session Yoga course that helps you to transform into a joyful, relaxed and energetic human being.”",Mind Power Meditation,page,587,,,,,,VERIFY IN GOOGLE ADS/META,,,,,,P1,NOT TESTED,SEO migration lead,WP modified: 2024-04-13T09:34:31
https://sciencedivine.org/mind-power-meditation/,https://sciencedivine.org/mind-power-meditation/,WordPress REST API: pages | XML sitemap: https://sciencedivine.org/page-sitemap.xml | commercial URL list,200,,Yes,https://sciencedivine.org/mind-power-meditation/,"index, follow, max-snippet:-1, max-image-preview:large, max-video-preview:-1",Yes,Mind Power Meditation,"Mind Power Meditation Empower Your Mind Through Meditation Explore Mind Power Meditation to enhance focus, creativity, and manifest your desires with clarity and effectiveness. Start Course Trusted By 10,000+ Students Meditation Yoga Mindfulness Sprituality Welness Sprituality Mindfulness Wellness Enlightenment Meditation Yoga Mindfulness Sprituality Welness Sprituality Mindfulness Wellness Enlightenment What is Mind Power Meditation? Step into",Empower Your Mind Through Meditation,page,568,,,,,,VERIFY IN GOOGLE ADS/META,,,,,,P1,NOT TESTED,SEO migration lead,WP modified: 2025-07-15T19:31:20
https://sciencedivine.org/mindfulness/,https://sciencedivine.org/mindfulness/,WordPress REST API: pages | XML sitemap: https://sciencedivine.org/page-sitemap.xml,200,,Yes,https://sciencedivine.org/mindfulness/,"index, follow, max-snippet:-1, max-image-preview:large, max-video-preview:-1",Yes,Mindfulness,"Mind is our most powerful tool that can make or break our life. Under control, it's a great ally, out of control, your worst enemy But what if there was a way to harness its power for good? A practice that empowers you to take charge of your mind and transform your life - mindfulness. Tame the chaos within, cultivate inner peace, and embrace the present moment. As stress fades and clarity dawns, you'll unlock the true potential of your mind. With Sakshi Shree Ji's guidance, mindfulness becomes a beacon of hope. Start your journey today and rewrite the script of your life with mindfulness.",,page,227,,,,,,,,,,,,,NOT TESTED,SEO migration lead,WP modified: 2025-05-29T16:48:02
https://sciencedivine.org/muladhara-chakra/,https://sciencedivine.org/muladhara-chakra/,WordPress REST API: posts | XML sitemap: https://sciencedivine.org/post-sitemap.xml,200,,Yes,https://sciencedivine.org/muladhara-chakra/,"index, follow, max-snippet:-1, max-image-preview:large, max-video-preview:-1",Yes,What is Muladhara Chakra and How to Activate it,"Discover the secrets of the Muladhara Chakra, your root to stability and energy. Learn its location, activation techniques, benefits, and powers for a grounded and enriched life.",,post,509,,,,,,,,,,,,,NOT TESTED,SEO migration lead,WP modified: 2024-04-03T10:03:17
https://sciencedivine.org/my-account/,https://sciencedivine.org/my-account/,WordPress REST API: pages | XML sitemap: https://sciencedivine.org/page-sitemap.xml,200,,Yes,https://sciencedivine.org/my-account/,"index, follow, max-snippet:-1, max-image-preview:large, max-video-preview:-1",Yes,My account,,,page,17,,,,,,,,,,,,,NOT TESTED,SEO migration lead,WP modified: 2023-09-21T07:16:56
https://sciencedivine.org/negative-loop-of-mind/,https://sciencedivine.org/negative-loop-of-mind/,WordPress REST API: posts | XML sitemap: https://sciencedivine.org/post-sitemap.xml,200,,Yes,https://sciencedivine.org/negative-loop-of-mind/,"index, follow, max-snippet:-1, max-image-preview:large, max-video-preview:-1",Yes,Negative Loop of Mind: How to Overcome Negative Thoughts,"Negative self-talk is that little voice in our heads that often tells us we are not good enough, smart enough, or capable enough.",,post,1104,,,,,,,,,,,,,NOT TESTED,SEO migration lead,WP modified: 2024-07-11T09:05:17
https://sciencedivine.org/negativity-within-family/,https://sciencedivine.org/negativity-within-family/,WordPress REST API: posts | XML sitemap: https://sciencedivine.org/post-sitemap.xml,200,,Yes,https://sciencedivine.org/negativity-within-family/,"index, follow, max-snippet:-1, max-image-preview:large, max-video-preview:-1",Yes,Negativity Within Family: What it Looks Like and How to Find Peace,"In our mind, family is a sanctuary of love and support where we go when life pulls us down. People often relate ‘Negativity Within Family’ with a swirl of emotions, shaped by their childhood and current family dynamics.",,post,1013,,,,,,,,,,,,,NOT TESTED,SEO migration lead,WP modified: 2024-07-11T11:19:35
https://sciencedivine.org/new-har-ghar-shiksha/,https://sciencedivine.org/new-har-ghar-shiksha/,WordPress REST API: pages | XML sitemap: https://sciencedivine.org/page-sitemap.xml,200,,Yes,https://sciencedivine.org/new-har-ghar-shiksha/,"index, follow, max-snippet:-1, max-image-preview:large, max-video-preview:-1",Yes,New Har Ghar Shiksha,"Har Ghar Shiksha, Har Ghar Dhyan Bringing education and meditation to the doorsteps of india and its forgotten childrenAn initiative by Sakshi Shree under the Science Divine Foundation Transforming lives in 700+ districts through Education, Vocation, and Meditation.&quot;Education without meditation is incomplete; meditation without purpose is unfulfilled. Together, they create the enlightened human of tomorrow.&quot;-","Har Ghar Shiksha, Har Ghar Dhyan",page,905,,,,,,,,,,,,,NOT TESTED,SEO migration lead,WP modified: 2025-04-09T15:21:41
https://sciencedivine.org/new-sample-page/,https://sciencedivine.org/new-sample-page/,WordPress REST API: pages | XML sitemap: https://sciencedivine.org/page-sitemap.xml,200,,Yes,https://sciencedivine.org/new-sample-page/,"index, follow, max-snippet:-1, max-image-preview:large, max-video-preview:-1",Yes,New Sample Page,"Create Healthy Living Session of Relaxtion Massage therapy has been shown to relieve depression, especially in people who have chronic fatigue syndrome other studies also suggest benefit. Welcomr to our Beauty Center Narayana Health adheres to national and international standards for healthcare hospitals are NABH National Accreditation Board for Booking Now Health is headquartered Bendalure",,page,504,,,,,,,,,,,,,NOT TESTED,SEO migration lead,WP modified: 2025-01-02T17:46:56
https://sciencedivine.org/nirman-sewa/,https://sciencedivine.org/nirman-sewa/,WordPress REST API: pages | XML sitemap: https://sciencedivine.org/page-sitemap.xml,200,,Yes,https://sciencedivine.org/nirman-sewa/,"index, follow, max-snippet:-1, max-image-preview:large, max-video-preview:-1",Yes,Nirman Sewa,"SAKSHIDHAM INTERNATIONAL VRINDAVAN | Spiritual Retreat & Wellness A Sacred Space for Transformation SAKSHIDHAM INTERNATIONAL VRINDAVAN The Spiritual Retreat & Wellness Center, established to help you achieve personal guidance, grace, and blessings for a stress-free, successful, and happy life. Explore Membership Guidance from Sadguru Sakshi Shree &quot;The institution provides definite scientific techniques and spiritual practices",,page,292,,,,,,,,,,,,,NOT TESTED,SEO migration lead,WP modified: 2025-12-04T18:33:20
https://sciencedivine.org/optimistic-mind/,https://sciencedivine.org/optimistic-mind/,WordPress REST API: posts | XML sitemap: https://sciencedivine.org/post-sitemap.xml,200,,Yes,https://sciencedivine.org/optimistic-mind/,"index, follow, max-snippet:-1, max-image-preview:large, max-video-preview:-1",Yes,7 Ways to Foster an Optimistic Mind,Learn how to harness the power of optimism with these seven powerful techniques. Start your journey to a brighter future today.,,post,901,,,,,,,,,,,,,NOT TESTED,SEO migration lead,WP modified: 2024-07-11T10:00:48
https://sciencedivine.org/overthinking/,https://sciencedivine.org/overthinking/,WordPress REST API: pages | XML sitemap: https://sciencedivine.org/page-sitemap.xml,200,,Yes,https://sciencedivine.org/overthinking/,"index, follow, max-snippet:-1, max-image-preview:large, max-video-preview:-1",Yes,Overthinking,"Replaying scenarios and imagining worst-case outcomes sound familiar? Overthinking can feel like a relentless whirlwind of doubt and uncertainty, leaving us trapped and unable to escape. It drains our mental energy, leaving us exhausted, anxious, and unable to focus. Physically, it can feel like tension headaches, fatigue, and disrupted sleep patterns. The burden of overthinking can be overwhelming, impacting our relationships, work, and overall well-being. At Science Divine, discover the techniques to quiet the mind's chatter, find clarity, and nurture inner peace. Through mindfulness and self-awareness practices, break free from overthinking and regain control of your thoughts and emotions.",,page,211,,,,,,,,,,,,,NOT TESTED,SEO migration lead,WP modified: 2025-05-29T16:32:55
https://sciencedivine.org/parenting/,https://sciencedivine.org/parenting/,WordPress REST API: pages | XML sitemap: https://sciencedivine.org/page-sitemap.xml,200,,Yes,https://sciencedivine.org/parenting/,"index, follow, max-snippet:-1, max-image-preview:large, max-video-preview:-1",Yes,Parenting,"Parenting is a rollercoaster ride filled with love, laughter, and its fair share of challenges. From the early years of sleepless nights and diaper changes to navigating the turbulent waters of adolescence and beyond, parents face a myriad of obstacles along the way. Join us on an incredible journey through the ups and downs of parenthood, guided by the wisdom of Sakshi Shree ji. Together, we can navigate the challenges and celebrate the joys, forging deeper connections with our children and ourselves along the way.",,page,206,,,,,,,,,,,,,NOT TESTED,SEO migration lead,WP modified: 2025-05-29T16:48:07
https://sciencedivine.org/personal-session/,https://sciencedivine.org/personal-session/,WordPress REST API: pages | XML sitemap: https://sciencedivine.org/page-sitemap.xml | commercial URL list,200,,Yes,https://sciencedivine.org/personal-session/,"index, follow, max-snippet:-1, max-image-preview:large, max-video-preview:-1",Yes,personal session,"Unlock the life you truly desire Feeling stuck or facing challenges?Sakshi Shree reads your past, present, and future like an open book. Without you saying a single word, he writes down the main problems in your life and provides powerful, effective remedies. Hide Razorpay Logo Book Your Slot Sakshi Shree reads your past, present and",,page,1234,,,,,,VERIFY IN GOOGLE ADS/META,,,,,,P1,NOT TESTED,SEO migration lead,WP modified: 2025-12-04T18:50:01
https://sciencedivine.org/podcast/,https://sciencedivine.org/podcast/,WordPress REST API: pages | XML sitemap: https://sciencedivine.org/page-sitemap.xml,200,,Yes,https://sciencedivine.org/podcast/,"index, follow, max-snippet:-1, max-image-preview:large, max-video-preview:-1",Yes,Podcast,"DISCOVER OUR PODCAST EPISODES &quot;Sakshi Shree&#039;s podcast is a spiritual gem. His wisdom resonates in every episode, offering profound insights and practical guidance. It&#039;s a transformative journey I&#039;m grateful to embark upon with each listen.&quot; Rahul Bansal Start-up Owner, India All9 General03 Vikram Sampath06 Series C16 Series D18 All9 General03 Vikram Sampath06 Series C16 PODCAST",,page,376,,,,,,,,,,,,,NOT TESTED,SEO migration lead,WP modified: 2024-03-03T06:11:36
https://sciencedivine.org/positive-thinking/,https://sciencedivine.org/positive-thinking/,WordPress REST API: pages | XML sitemap: https://sciencedivine.org/page-sitemap.xml,200,,Yes,https://sciencedivine.org/positive-thinking/,"index, follow, max-snippet:-1, max-image-preview:large, max-video-preview:-1",Yes,Positive Thinking,"Positive thinking is like having a sunny outlook on life, even when it's cloudy. Just like meditation helps calm the mind, positive thinking can lift your spirits and make tough times feel more manageable. When you believe in yourself and focus on your strengths, opportunities seem to appear out of nowhere. With Sakshi Shree Ji's guidance, you can amplify this positive energy and manifest your dreams into reality. So, why not take a leap of faith and start embracing the power of positive thinking today? You never know what wonders it might bring into your life.",,page,206,,,,,,,,,,,,,NOT TESTED,SEO migration lead,WP modified: 2025-05-29T16:48:10
https://sciencedivine.org/power-of-law-of-attraction/,https://sciencedivine.org/power-of-law-of-attraction/,WordPress REST API: posts | XML sitemap: https://sciencedivine.org/post-sitemap.xml,200,,Yes,https://sciencedivine.org/power-of-law-of-attraction/,"index, follow, max-snippet:-1, max-image-preview:large, max-video-preview:-1",Yes,Is the Law of Attraction Real?,Your thoughts can shape your reality- Myth or Real? Understand the science behind it and avoid common mistakes. Turn your dream into real-life success!,Is the Law of Attraction a Myth?,post,1251,,,,,,,,,,,,,NOT TESTED,SEO migration lead,WP modified: 2025-02-20T18:38:42
https://sciencedivine.org/power-of-manifestaion/,https://sciencedivine.org/power-of-manifestaion/,WordPress REST API: posts | XML sitemap: https://sciencedivine.org/post-sitemap.xml,200,,Yes,https://sciencedivine.org/power-of-manifestaion/,"index, follow, max-snippet:-1, max-image-preview:large, max-video-preview:-1",Yes,"Fear not. Death is a comma, not a full stop","Generally, we are afraid of death. Barring a few enlightened men, no one wants to leave the body. Why such fear of death?",,post,630,,,,,,,,,,,,,NOT TESTED,SEO migration lead,WP modified: 2024-04-03T12:14:16
https://sciencedivine.org/power-of-manifestation-for-your-dream-life/,https://sciencedivine.org/power-of-manifestation-for-your-dream-life/,WordPress REST API: posts | XML sitemap: https://sciencedivine.org/post-sitemap.xml,200,,Yes,https://sciencedivine.org/power-of-manifestation-for-your-dream-life/,"index, follow, max-snippet:-1, max-image-preview:large, max-video-preview:-1",Yes,The Secret to Manifesting Your Dream Life,Want to make your dream life your reality? Use the Power of Manifestation to attract your desired things and transform your life.,,post,1032,,,,,,,,,,,,,NOT TESTED,SEO migration lead,WP modified: 2024-07-12T09:54:23
https://sciencedivine.org/power-of-spirituality-in-self-discovery/,https://sciencedivine.org/power-of-spirituality-in-self-discovery/,WordPress REST API: posts | XML sitemap: https://sciencedivine.org/post-sitemap.xml,200,,Yes,https://sciencedivine.org/power-of-spirituality-in-self-discovery/,"index, follow, max-snippet:-1, max-image-preview:large, max-video-preview:-1",Yes,Power Of Spirituality In Self Discovery,"Struggling to find yourself in a world full of distractions? Clear the clutter with spirituality, reconnect with yourself and find inner peace.",Power Of Spirituality In Self Discovery,post,1131,,,,,,,,,,,,,NOT TESTED,SEO migration lead,WP modified: 2024-07-25T09:39:53
https://sciencedivine.org/prana-energy-or-soul-energy/,https://sciencedivine.org/prana-energy-or-soul-energy/,WordPress REST API: posts | XML sitemap: https://sciencedivine.org/post-sitemap.xml,200,,Yes,https://sciencedivine.org/prana-energy-or-soul-energy/,"index, follow, max-snippet:-1, max-image-preview:large, max-video-preview:-1",Yes,Key to Better Life: The Power of Prana Energy or Soul Energy,"Do you believe in a force that infuses all of existence? If you do, then imagine what would happen if you could tap into this energy. There is a ""life breath"" that flows through our bodies which is the gateway to the divine. We call it our prana energy or soul energy.",,post,1302,,,,,,,,,,,,,NOT TESTED,SEO migration lead,WP modified: 2024-07-11T09:01:33
https://sciencedivine.org/pranayama-for-high-blood-pressure/,https://sciencedivine.org/pranayama-for-high-blood-pressure/,WordPress REST API: posts | XML sitemap: https://sciencedivine.org/post-sitemap.xml,200,,Yes,https://sciencedivine.org/pranayama-for-high-blood-pressure/,"index, follow, max-snippet:-1, max-image-preview:large, max-video-preview:-1",Yes,Pranayama for High Blood Pressure,Looking for a natural way to control your BP? Our guide to pranayama for high blood pressure offers simple breathing exercises to help lower your blood pressure,,post,672,,,,,,,,,,,,,NOT TESTED,SEO migration lead,WP modified: 2024-04-03T11:15:09
https://sciencedivine.org/privacy-policy/,https://sciencedivine.org/privacy-policy/,WordPress REST API: pages | XML sitemap: https://sciencedivine.org/page-sitemap.xml,200,,Yes,https://sciencedivine.org/privacy-policy/,"index, follow, max-snippet:-1, max-image-preview:large, max-video-preview:-1",Yes,Privacy Policy,"Rama Intellectual and Research Pvt Ltd (Science Divine) Privacy PolicyLast Updated: 03/03/2024Welcome to *Rama Intellectual and Research Pvt Ltd, operating under the brand name Science Divine (“Company,” “we,” “us,” “our”). We are committed to safeguarding your privacy and handling your personal information with care and transparency. This Privacy Policy explains how we collect, use, protect,",Rama Intellectual and Research Pvt Ltd (Science Divine) Privacy Policy,page,441,,,,,,,,,,,,,NOT TESTED,SEO migration lead,WP modified: 2025-03-03T11:03:14
https://sciencedivine.org/product-category/uncategorized/,https://sciencedivine.org/product-category/uncategorized/,XML sitemap: https://sciencedivine.org/productcat-sitemap.xml,200,,Yes,https://sciencedivine.org/product-category/uncategorized/,max-image-preview:large,Yes,Uncategorized - Science Divine,,Uncategorized,,528,,,,,,,,,,,,,NOT TESTED,SEO migration lead,
https://sciencedivine.org/product/science-divine-diamond-diary/,https://sciencedivine.org/product/science-divine-diamond-diary/,WordPress REST API: product | commercial URL list,200,,Yes,https://sciencedivine.org/product/science-divine-diamond-diary/,"index, follow, max-snippet:-1, max-image-preview:large, max-video-preview:-1",No,Science Divine Diamond Diary,"Are you ready to transform your life and manifest your dreams? The Diamond Diary, crafted by the renowned spiritual master Sakshi Shree, is a manifestation device like no other.",,product,34,,,,,,VERIFY IN GOOGLE ADS/META,,,,,,P1,NOT TESTED,SEO migration lead,WP modified: 2026-03-23T16:18:52
https://sciencedivine.org/public/dominoqq/,https://sciencedivine.org/public/dominoqq/,security audit,200,,Yes,,,No,,,,,0,,,,,,,,,,410,Confirmed suspected hacked/spam URL; must return 410 and never redirect,P0,NOT TESTED,SEO migration lead,P0: live production returned 200 during 2026-08-21 audit
https://sciencedivine.org/relationship/,https://sciencedivine.org/relationship/,WordPress REST API: pages | XML sitemap: https://sciencedivine.org/page-sitemap.xml,200,,Yes,https://sciencedivine.org/relationship/,"index, follow, max-snippet:-1, max-image-preview:large, max-video-preview:-1",Yes,Relationship,"Relationships are a great source of immense joy and fulfillment, but they can also bring challenges that weigh heavily on the heart. When communication breaks down or conflicts arise, it can feel like the very foundation of your connection is crumbling beneath you. Sakshi Shree ji's spiritual teachings have the keys to nurturing and strengthening your relationships. Through practices grounded in love, empathy, and understanding, you can mend rifts and cultivate deeper connections with your loved ones. Let us walk this journey with you, offering guidance and support as you navigate the complexities of relationships and discover the profound beauty they hold.",,page,210,,,,,,,,,,,,,NOT TESTED,SEO migration lead,WP modified: 2024-05-07T12:35:38
https://sciencedivine.org/sahasrara-chakra/,https://sciencedivine.org/sahasrara-chakra/,WordPress REST API: posts | XML sitemap: https://sciencedivine.org/post-sitemap.xml,200,,Yes,https://sciencedivine.org/sahasrara-chakra/,"index, follow, max-snippet:-1, max-image-preview:large, max-video-preview:-1",Yes,What is Sahasrara Chakra &#038; How to Activate it,"Learn about Sahasrara Chakra powers, location, meditation techniques, and benefits to unlock a higher state of consciousness and spiritual enlightenment.",,post,693,,,,,,,,,,,,,NOT TESTED,SEO migration lead,WP modified: 2024-04-03T09:57:26
https://sciencedivine.org/sample-design/,https://sciencedivine.org/sample-design/,WordPress REST API: pages | XML sitemap: https://sciencedivine.org/page-sitemap.xml,200,,Yes,https://sciencedivine.org/sample-design/,"index, follow, max-snippet:-1, max-image-preview:large, max-video-preview:-1",Yes,sample design,"Our Approach: The trinity We believe in a holistic approach that nurtures the complete development of a child - intellectual, practical, and spiritual. Education Vocation Meditation Education: Access That Builds Futures We ensure that every child from marginalized communities, especially those in jhugghis, is admitted into the nearest public or private school. Our support includes:",Our Approach: The trinity,page,934,,,,,,,,,,,,,NOT TESTED,SEO migration lead,WP modified: 2025-12-04T18:57:13
https://sciencedivine.org/sample-page/,https://sciencedivine.org/sample-page/,WordPress REST API: pages | XML sitemap: https://sciencedivine.org/page-sitemap.xml,200,,Yes,https://sciencedivine.org/sample-page/,"index, follow, max-snippet:-1, max-image-preview:large, max-video-preview:-1",Yes,Sample Page,This is an example page. It&#039;s different from a blog post because it will stay in one place and will show up in your site navigation (in most themes). Most people start with an About page that introduces them to potential site visitors. It might say something like this: Hi there! I&#039;m a bike messenger,,page,155,,,,,,,,,,,,,NOT TESTED,SEO migration lead,WP modified: 2023-06-05T08:39:34
https://sciencedivine.org/sanjeevi-kriya-landing-page/,https://sciencedivine.org/sanjeevi-kriya-landing-page/,WordPress REST API: pages | XML sitemap: https://sciencedivine.org/page-sitemap.xml | commercial URL list,200,,Yes,https://sciencedivine.org/sanjeevi-kriya-landing-page/,"index, follow, max-snippet:-1, max-image-preview:large, max-video-preview:-1",Yes,Sanjeevi Kriya Landing Page,"Bangalore || Sep’15 2023 Sanjeevi Kriya Cultivates Inner Peace and ClarityBalances Energy CentersEnhances mental clarity and focus Register Now “A 7-session Yoga course that helps you to transform into a joyful, relaxed and energetic human being.” “A 7-session Yoga course that helps you to transform into a joyful, relaxed and energetic human being.” What is",Sanjeevi Kriya,page,639,,,,,,VERIFY IN GOOGLE ADS/META,,,,,,P1,NOT TESTED,SEO migration lead,WP modified: 2024-04-13T09:38:18
https://sciencedivine.org/sanjeevni-kriya-2/,https://sciencedivine.org/sanjeevni-kriya-2/,WordPress REST API: pages | XML sitemap: https://sciencedivine.org/page-sitemap.xml,200,,Yes,https://sciencedivine.org/sanjeevni-kriya-2/,"index, follow, max-snippet:-1, max-image-preview:large, max-video-preview:-1",Yes,Sanjeevni Kriya,"SANJEEVANI KRIYA BY SAKSHI SHREE Revitalize Your Body and Spirit. Discover Sanjeevani Kriya&#039;s transformative power for holistic well-being, revitalizing body, mind, and spirit to achieve your utmost potential. Start Course Trusted By 10,000+ Students Meditation Yoga Mindfulness Sprituality Welness Sprituality Mindfulness Wellness Enlightenment Meditation Yoga Mindfulness Sprituality Welness Sprituality Mindfulness Wellness Enlightenment What is Sanjeevani",Revitalize Your Body and Spirit.,page,475,,,,,,,,,,,,,NOT TESTED,SEO migration lead,WP modified: 2025-07-15T19:31:28
https://sciencedivine.org/sanjeevni-kriya-old/,https://sciencedivine.org/sanjeevni-kriya-old/,WordPress REST API: pages | XML sitemap: https://sciencedivine.org/page-sitemap.xml,200,,Yes,https://sciencedivine.org/sanjeevni-kriya-old/,"index, follow, max-snippet:-1, max-image-preview:large, max-video-preview:-1",Yes,Sanjeevni Kriya old,"Immortality Meditation holds the key to a transformative journey towards love and divinity. It is not merely an act of meditation or doing something, but rather a practice that guides you towards stillness and doing nothing. However, achieving this state is no easy task, as the mind tends to wander even in moments of apparent",,page,388,,,,,,,,,,,,,NOT TESTED,SEO migration lead,WP modified: 2023-08-27T14:52:07
https://sciencedivine.org/sanjeevni-kriya/,https://sciencedivine.org/sanjeevni-kriya/,WordPress REST API: pages | XML sitemap: https://sciencedivine.org/page-sitemap.xml | commercial URL list,200,,Yes,https://sciencedivine.org/sanjeevni-kriya/,"index, follow, max-snippet:-1, max-image-preview:large, max-video-preview:-1",Yes,Sanjeevni Kriya,"Immortality Meditation holds the key to a transformative journey towards love and divinity. It is not merely an act of meditation or doing something, but rather a practice that guides you towards stillness and doing nothing. However, achieving this state is no easy task, as the mind tends to wander even in moments of apparent",,page,416,,,,,,VERIFY IN GOOGLE ADS/META,,,,,,P1,NOT TESTED,SEO migration lead,WP modified: 2023-09-13T09:47:03
https://sciencedivine.org/science-of-joyful-living-march/,https://sciencedivine.org/science-of-joyful-living-march/,WordPress REST API: pages | XML sitemap: https://sciencedivine.org/page-sitemap.xml | commercial URL list,200,,Yes,https://sciencedivine.org/science-of-joyful-living-march/,"index, follow, max-snippet:-1, max-image-preview:large, max-video-preview:-1",Yes,Science Of Joyful Living,"Science Of Joyful Living Embrace Joy, Live Your Life. Discover the keys to joy and fulfillment through practical, science-backed strategies. Start Course Trusted By 10,000+ Students Meditation Yoga Mindfulness Sprituality Welness Sprituality Mindfulness Wellness Enlightenment Meditation Yoga Mindfulness Sprituality Welness Sprituality Mindfulness Wellness Enlightenment What is Science Of Joyful living? Discover the Science of Joyful","Embrace Joy, Live Your Life.",page,649,,,,,,VERIFY IN GOOGLE ADS/META,,,,,,P1,NOT TESTED,SEO migration lead,WP modified: 2025-07-15T19:31:11
https://sciencedivine.org/session/,https://sciencedivine.org/session/,WordPress REST API: pages | XML sitemap: https://sciencedivine.org/page-sitemap.xml | commercial URL list,200,,Yes,https://sciencedivine.org/session/,"index, follow, max-snippet:-1, max-image-preview:large, max-video-preview:-1",Yes,Session,"A meeting can change your life. Firstly, Sakshi Shree reads your life like an open book and without you speaking even a single word, he writes down the main problems of your life and provides powerful and effective remedies. Talk to us +91 93159 44774 Chat on WhatsApp +91 93159 44774 E-Mail info@sciencedivine.org SAKSHI SHREE",,page,251,,,,,,VERIFY IN GOOGLE ADS/META,,,,,,P1,NOT TESTED,SEO migration lead,WP modified: 2024-07-01T06:35:09
https://sciencedivine.org/seven-chakras/,https://sciencedivine.org/seven-chakras/,WordPress REST API: posts | XML sitemap: https://sciencedivine.org/post-sitemap.xml,200,,Yes,https://sciencedivine.org/seven-chakras/,"index, follow, max-snippet:-1, max-image-preview:large, max-video-preview:-1",Yes,How to Activate Seven Chakras in Human Body,"Learn the secrets of seven chakra meditation, healing, and how to activate the power of seven chakras in human body for balance and harmony.",,post,661,,,,,,,,,,,,,NOT TESTED,SEO migration lead,WP modified: 2024-03-30T06:17:37
https://sciencedivine.org/shiksha-sewa/,https://sciencedivine.org/shiksha-sewa/,WordPress REST API: pages | XML sitemap: https://sciencedivine.org/page-sitemap.xml,200,,Yes,https://sciencedivine.org/shiksha-sewa/,"index, follow, max-snippet:-1, max-image-preview:large, max-video-preview:-1",Yes,Shiksha Sewa,"Science Divine Foundation Har Ghar Shiksha, Har Ghar Dhyan Bringing education and meditation to the doorsteps of India and its forgotten children.&quot;Education without meditation is incomplete; meditation without purpose is unfulfilled. Together, they create the enlightened human of tomorrow.&quot;– Sakshi Shree Sponsor a Child Join the Movement Our Vision Sakshi Shree&#039;s Commitment To create a",,page,889,,,,,,,,,,,,,NOT TESTED,SEO migration lead,WP modified: 2025-12-04T19:10:38
https://sciencedivine.org/shop/,https://sciencedivine.org/shop/,WordPress REST API: pages | XML sitemap: https://sciencedivine.org/page-sitemap.xml,200,,Yes,https://sciencedivine.org/shop/,"index, follow, max-snippet:-1, max-image-preview:large, max-video-preview:-1",Yes,Shop,,Shop,page,0,,,,,,,,,,,,,NOT TESTED,SEO migration lead,WP modified: 2023-09-21T07:16:55
https://sciencedivine.org/silence-isnt-empty-its-full-2/,https://sciencedivine.org/silence-isnt-empty-its-full-2/,WordPress REST API: posts | XML sitemap: https://sciencedivine.org/post-sitemap.xml,200,,Yes,https://sciencedivine.org/silence-isnt-empty-its-full-2/,"index, follow, max-snippet:-1, max-image-preview:large, max-video-preview:-1",Yes,Embracing Authenticity and Self-Respect: The Empowering Rebellion of the Heart,The strength of rebellion resides within the remarkable minds of the youth. It&#039;s important for them to discover the art of living daringly.,,post,451,,,,,,,,,,,,,NOT TESTED,SEO migration lead,WP modified: 2024-04-03T12:17:08
https://sciencedivine.org/silence-isnt-empty-its-full/,https://sciencedivine.org/silence-isnt-empty-its-full/,WordPress REST API: posts | XML sitemap: https://sciencedivine.org/post-sitemap.xml,200,,Yes,https://sciencedivine.org/silence-isnt-empty-its-full/,"index, follow, max-snippet:-1, max-image-preview:large, max-video-preview:-1",Yes,Embracing Authenticity and Self-Respect: The Empowering Rebellion of the Heart,The strength of rebellion resides within the remarkable minds of the youth. It&#039;s important for them to discover the art of living daringly.,,post,451,,,,,,,,,,,,,NOT TESTED,SEO migration lead,WP modified: 2024-04-03T12:18:56
https://sciencedivine.org/silent-retreats-unveiled/,https://sciencedivine.org/silent-retreats-unveiled/,WordPress REST API: posts | XML sitemap: https://sciencedivine.org/post-sitemap.xml,200,,Yes,https://sciencedivine.org/silent-retreats-unveiled/,"index, follow, max-snippet:-1, max-image-preview:large, max-video-preview:-1",Yes,Silent Retreats Unveiled: Embrace the Power of Meditation and Solitude,"Discover the transformative power of silent retreats. Dive deep into the realms of meditation and solitude, uncovering a path to inner peace and self-discovery. Explore our comprehensive guide for a serene journey into silence.",,post,404,,,,,,,,,,,,,NOT TESTED,SEO migration lead,WP modified: 2024-04-03T11:43:10
https://sciencedivine.org/sitemap.html,https://sciencedivine.org/sitemap.html,XML sitemap: https://sciencedivine.org/sitemap-misc.xml,200,,Yes,,,Yes,XML Sitemap,,XML Sitemap Index,,0,,,,,,,,,,,,,NOT TESTED,SEO migration lead,
https://sciencedivine.org/sleeping-disorder/,https://sciencedivine.org/sleeping-disorder/,WordPress REST API: pages | XML sitemap: https://sciencedivine.org/page-sitemap.xml,200,,Yes,https://sciencedivine.org/sleeping-disorder/,"index, follow, max-snippet:-1, max-image-preview:large, max-video-preview:-1",Yes,Sleeping Disorder,"Struggling to get a good night's sleep? Dealing with a sleeping disorder can feel like fighting an uphill battle every night. Tossing and turning, unable to find rest, can leave you feeling exhausted and drained during the day. Find peace and tranquility in the darkness of night, and wake up refreshed and rejuvenated each morning. Whether it's through calming techniques, mindfulness practices, or soothing rituals, we're here to support you every step of the way on your path to peaceful sleep.",,page,200,,,,,,,,,,,,,NOT TESTED,SEO migration lead,WP modified: 2025-05-29T16:48:06
https://sciencedivine.org/spiritual-practises-to-tackle-loneliness/,https://sciencedivine.org/spiritual-practises-to-tackle-loneliness/,WordPress REST API: posts | XML sitemap: https://sciencedivine.org/post-sitemap.xml,200,,Yes,https://sciencedivine.org/spiritual-practises-to-tackle-loneliness/,"index, follow, max-snippet:-1, max-image-preview:large, max-video-preview:-1",Yes,Spiritual Practises to Tackle Loneliness,"We all feel lonely at some point in our lives; it is a normal human experience. Loneliness can strike when we least expect it, often leaving us feeling isolated and disconnected from those around us.",,post,935,,,,,,,,,,,,,NOT TESTED,SEO migration lead,WP modified: 2024-07-11T09:29:56
https://sciencedivine.org/spirituality-and-materialism/,https://sciencedivine.org/spirituality-and-materialism/,WordPress REST API: posts | XML sitemap: https://sciencedivine.org/post-sitemap.xml,200,,Yes,https://sciencedivine.org/spirituality-and-materialism/,"index, follow, max-snippet:-1, max-image-preview:large, max-video-preview:-1",Yes,Does Spirituality Require Renouncement of Materialism?,Is it possible to be spiritual while enjoying modern comforts? There is a way to have it all. Find spiritual growth without renouncing materialism.,Does Spirituality Require Renouncement of Materialism?,post,1087,,,,,,,,,,,,,NOT TESTED,SEO migration lead,WP modified: 2025-02-20T18:38:37
https://sciencedivine.org/spiritualitys-role-in-healing-childhood-trauma/,https://sciencedivine.org/spiritualitys-role-in-healing-childhood-trauma/,WordPress REST API: posts | XML sitemap: https://sciencedivine.org/post-sitemap.xml,200,,Yes,https://sciencedivine.org/spiritualitys-role-in-healing-childhood-trauma/,"index, follow, max-snippet:-1, max-image-preview:large, max-video-preview:-1",Yes,Spirituality’s Role in Healing Childhood Trauma,"Do you struggle with deep-rooted fears or sudden bursts of anger, but don’t knowwhere they come from? Then you are overcome with guilt but somehow end updoing the same despite your best efforts.",,post,874,,,,,,,,,,,,,NOT TESTED,SEO migration lead,WP modified: 2024-07-11T09:37:51
https://sciencedivine.org/stop-negative-thinking/,https://sciencedivine.org/stop-negative-thinking/,WordPress REST API: posts | XML sitemap: https://sciencedivine.org/post-sitemap.xml,200,,Yes,https://sciencedivine.org/stop-negative-thinking/,"index, follow, max-snippet:-1, max-image-preview:large, max-video-preview:-1",Yes,10 Ways to Overcome Negative Thoughts,Learn how to beat negativity with our 10 simple strategies. Find out how to think positively and improve your mood easily.,,post,1095,,,,,,,,,,,,,NOT TESTED,SEO migration lead,WP modified: 2024-07-11T10:05:58
https://sciencedivine.org/stress-reduction/,https://sciencedivine.org/stress-reduction/,WordPress REST API: posts | XML sitemap: https://sciencedivine.org/post-sitemap.xml,200,,Yes,https://sciencedivine.org/stress-reduction/,"index, follow, max-snippet:-1, max-image-preview:large, max-video-preview:-1",Yes,Master Stress Management: Simple Techniques for Effective Stress Reduction,"Discover simple, yet powerful techniques to reduce stress in your daily life. From mindful breathing to time management, learn how to regain control and achieve tranquillity. Embrace a stress-free lifestyle today",,post,404,,,,,,,,,,,,,NOT TESTED,SEO migration lead,WP modified: 2024-03-30T07:28:30
https://sciencedivine.org/stress/,https://sciencedivine.org/stress/,WordPress REST API: pages | XML sitemap: https://sciencedivine.org/page-sitemap.xml,200,,Yes,https://sciencedivine.org/stress/,"index, follow, max-snippet:-1, max-image-preview:large, max-video-preview:-1",Yes,Stress,"Feeling buried under a mountain of tasks? It's not just about the work itself. When deadlines loom and time feels scarce, stress creeps in. In a world where cutting back on tasks or finding extra hours isn't an option, Sakshi Shree ji's teachings offer a different approach: boosting your energy to match the challenge. Explore simple methods to recharge and enhance your ability to tackle life head-on with renewed vigor. With Sakshi Shree ji's guidance, you'll discover how to navigate through overwhelming tasks with ease and grace, reclaiming control over your life and finding peace amidst the chaos.",,page,211,,,,,,,,,,,,,NOT TESTED,SEO migration lead,WP modified: 2024-04-10T11:17:19
https://sciencedivine.org/subscribe-to-our-newsletter/,https://sciencedivine.org/subscribe-to-our-newsletter/,WordPress REST API: pages | XML sitemap: https://sciencedivine.org/page-sitemap.xml,200,,Yes,https://sciencedivine.org/subscribe-to-our-newsletter/,"index, follow, max-snippet:-1, max-image-preview:large, max-video-preview:-1",Yes,Subscribe to our newsletter,"Subscribe to our newsletter for a dose of inspiration delivered straight to your inbox. Stay updated with empowering insights, spiritual wisdom, and transformative stories, tailored to nourish your mind and soul.",,page,32,,,,,,,,,,,,,NOT TESTED,SEO migration lead,WP modified: 2025-12-04T19:10:09
https://sciencedivine.org/sunday-event-1-february/,https://sciencedivine.org/sunday-event-1-february/,WordPress REST API: pages | XML sitemap: https://sciencedivine.org/page-sitemap.xml,200,,Yes,https://sciencedivine.org/sunday-event-1-february/,"index, follow, max-snippet:-1, max-image-preview:large, max-video-preview:-1",Yes,Sunday Event 1Feb,"FREE Masterclass: Discover the Power of Meditation to Find Peace, Clarity and Joy Join Sakshi Shree, an enlightened spiritual master and mystic with 40 years of experience, as he helps you unlock the calm and clarity already within you. 1 February 2026 10 AM Siddha Sudarshan Sakshi Dham 9, Avanthika Rd, Chiranjiv Vihar, Shastri Nagar,","FREE Masterclass: Discover the Power of Meditation to Find Peace, Clarity and Joy",page,1203,,,,,,,,,,,,,NOT TESTED,SEO migration lead,WP modified: 2025-12-04T19:25:44
https://sciencedivine.org/sunday-event-1-march/,https://sciencedivine.org/sunday-event-1-march/,WordPress REST API: pages | XML sitemap: https://sciencedivine.org/page-sitemap.xml,200,,Yes,https://sciencedivine.org/sunday-event-1-march/,"index, follow, max-snippet:-1, max-image-preview:large, max-video-preview:-1",Yes,Sunday Event 1 March,"FREE Masterclass: Discover the Power of Meditation to Find Peace, Clarity and Joy Join Sakshi Shree, an enlightened spiritual master and mystic with 40 years of experience, as he helps you unlock the calm and clarity already within you. 1 March 2026 10 AM Siddha Sudarshan Sakshi Dham 9, Avanthika Rd, Chiranjiv Vihar, Shastri Nagar,","FREE Masterclass: Discover the Power of Meditation to Find Peace, Clarity and Joy",page,1203,,,,,,,,,,,,,NOT TESTED,SEO migration lead,WP modified: 2025-12-04T19:25:06
https://sciencedivine.org/sunday-event-3-may/,https://sciencedivine.org/sunday-event-3-may/,WordPress REST API: pages | XML sitemap: https://sciencedivine.org/page-sitemap.xml,200,,Yes,https://sciencedivine.org/sunday-event-3-may/,"index, follow, max-snippet:-1, max-image-preview:large, max-video-preview:-1",Yes,Sunday Event 3 May,"FREE Masterclass: Discover the Power of Meditation to Find Peace, Clarity and Joy Join Sakshi Shree, an enlightened spiritual master and mystic with 40 years of experience, as he helps you unlock the calm and clarity already within you. 3 May 2026 10 AM Siddha Sudarshan Sakshi Dham 9, Avanthika Rd, Chiranjiv Vihar, Shastri Nagar,","FREE Masterclass: Discover the Power of Meditation to Find Peace, Clarity and Joy",page,1203,,,,,,,,,,,,,NOT TESTED,SEO migration lead,WP modified: 2025-12-04T19:27:02
https://sciencedivine.org/sunday-event-4-january/,https://sciencedivine.org/sunday-event-4-january/,WordPress REST API: pages | XML sitemap: https://sciencedivine.org/page-sitemap.xml,200,,Yes,https://sciencedivine.org/sunday-event-4-january/,"index, follow, max-snippet:-1, max-image-preview:large, max-video-preview:-1",Yes,Sunday Event 4 January,"FREE Masterclass: Discover the Power of Meditation to Find Peace, Clarity and Joy Join Sakshi Shree, an enlightened spiritual master and mystic with 40 years of experience, as he helps you unlock the calm and clarity already within you. 4 January 2026 10 AM Siddha Sudarshan Sakshi Dham 9, Avanthika Rd, Chiranjiv Vihar, Shastri Nagar,","FREE Masterclass: Discover the Power of Meditation to Find Peace, Clarity and Joy",page,1203,,,,,,,,,,,,,NOT TESTED,SEO migration lead,WP modified: 2025-12-04T19:24:36
https://sciencedivine.org/sunday-event-5-april/,https://sciencedivine.org/sunday-event-5-april/,WordPress REST API: pages | XML sitemap: https://sciencedivine.org/page-sitemap.xml,200,,Yes,https://sciencedivine.org/sunday-event-5-april/,"index, follow, max-snippet:-1, max-image-preview:large, max-video-preview:-1",Yes,Sunday Event 5 April,"FREE Masterclass: Discover the Power of Meditation to Find Peace, Clarity and Joy Join Sakshi Shree, an enlightened spiritual master and mystic with 40 years of experience, as he helps you unlock the calm and clarity already within you. 5 April 2026 10 AM Siddha Sudarshan Sakshi Dham 9, Avanthika Rd, Chiranjiv Vihar, Shastri Nagar,","FREE Masterclass: Discover the Power of Meditation to Find Peace, Clarity and Joy",page,1203,,,,,,,,,,,,,NOT TESTED,SEO migration lead,WP modified: 2025-12-04T19:27:32
https://sciencedivine.org/svadhisthana-chakra/,https://sciencedivine.org/svadhisthana-chakra/,WordPress REST API: posts | XML sitemap: https://sciencedivine.org/post-sitemap.xml,200,,Yes,https://sciencedivine.org/svadhisthana-chakra/,"index, follow, max-snippet:-1, max-image-preview:large, max-video-preview:-1",Yes,A Beginner's Guide to the Svadhisthana Chakra,"Dive into the essence of your being with our beginner's guide to the Svadhisthana Chakra. Discover yoga poses, healing techniques, and the benefits of activation for a harmonious life.",,post,549,,,,,,,,,,,,,NOT TESTED,SEO migration lead,WP modified: 2024-04-03T10:02:46
https://sciencedivine.org/tag/10-ways-to-overcome-negative-thoughts/,https://sciencedivine.org/tag/10-ways-to-overcome-negative-thoughts/,WordPress REST API: tags,200,,Yes,https://sciencedivine.org/tag/10-ways-to-overcome-negative-thoughts/,max-image-preview:large,No,10 Ways to Overcome Negative Thoughts,,Tag: 10 Ways to Overcome Negative Thoughts,tag archive,554,,,,,,,,,,,,,NOT TESTED,SEO migration lead,Published item count: 1
https://sciencedivine.org/tag/7-chakras-in-our-body/,https://sciencedivine.org/tag/7-chakras-in-our-body/,WordPress REST API: tags,200,,Yes,https://sciencedivine.org/tag/7-chakras-in-our-body/,max-image-preview:large,No,7 chakras in our body,,Tag: 7 chakras in our body,tag archive,750,,,,,,,,,,,,,NOT TESTED,SEO migration lead,Published item count: 4
https://sciencedivine.org/tag/7-chakras-of-body/,https://sciencedivine.org/tag/7-chakras-of-body/,WordPress REST API: tags,200,,Yes,https://sciencedivine.org/tag/7-chakras-of-body/,max-image-preview:large,No,7 chakras of body,,Tag: 7 chakras of body,tag archive,816,,,,,,,,,,,,,NOT TESTED,SEO migration lead,Published item count: 5
https://sciencedivine.org/tag/7-chakras-of-life/,https://sciencedivine.org/tag/7-chakras-of-life/,WordPress REST API: tags,200,,Yes,https://sciencedivine.org/tag/7-chakras-of-life/,max-image-preview:large,No,7 chakras of life,,Tag: 7 chakras of life,tag archive,816,,,,,,,,,,,,,NOT TESTED,SEO migration lead,Published item count: 5
https://sciencedivine.org/tag/7-chakras/,https://sciencedivine.org/tag/7-chakras/,WordPress REST API: tags,200,,Yes,https://sciencedivine.org/tag/7-chakras/,max-image-preview:large,No,7 chakras,,Tag: 7 chakras,tag archive,814,,,,,,,,,,,,,NOT TESTED,SEO migration lead,Published item count: 5
https://sciencedivine.org/tag/7-ways-to-foster-an-optimistic-mind/,https://sciencedivine.org/tag/7-ways-to-foster-an-optimistic-mind/,WordPress REST API: tags,200,,Yes,https://sciencedivine.org/tag/7-ways-to-foster-an-optimistic-mind/,max-image-preview:large,No,7 Ways to Foster an Optimistic Mind,,Tag: 7 Ways to Foster an Optimistic Mind,tag archive,556,,,,,,,,,,,,,NOT TESTED,SEO migration lead,Published item count: 1
https://sciencedivine.org/tag/academic-growth/,https://sciencedivine.org/tag/academic-growth/,WordPress REST API: tags,200,,Yes,https://sciencedivine.org/tag/academic-growth/,max-image-preview:large,No,academic growth,,Tag: academic growth,tag archive,550,,,,,,,,,,,,,NOT TESTED,SEO migration lead,Published item count: 1
https://sciencedivine.org/tag/acknowledge/,https://sciencedivine.org/tag/acknowledge/,WordPress REST API: tags,200,,Yes,https://sciencedivine.org/tag/acknowledge/,max-image-preview:large,No,acknowledge,,Tag: acknowledge,tag archive,549,,,,,,,,,,,,,NOT TESTED,SEO migration lead,Published item count: 1
https://sciencedivine.org/tag/ajna-chakra-benefits/,https://sciencedivine.org/tag/ajna-chakra-benefits/,WordPress REST API: tags,200,,Yes,https://sciencedivine.org/tag/ajna-chakra-benefits/,max-image-preview:large,No,ajna chakra benefits,,Tag: ajna chakra benefits,tag archive,554,,,,,,,,,,,,,NOT TESTED,SEO migration lead,Published item count: 1
https://sciencedivine.org/tag/ajna-chakra-meditation-benefits/,https://sciencedivine.org/tag/ajna-chakra-meditation-benefits/,WordPress REST API: tags,200,,Yes,https://sciencedivine.org/tag/ajna-chakra-meditation-benefits/,max-image-preview:large,No,ajna chakra meditation benefits,,Tag: ajna chakra meditation benefits,tag archive,555,,,,,,,,,,,,,NOT TESTED,SEO migration lead,Published item count: 1
https://sciencedivine.org/tag/ajna-chakra-mudra/,https://sciencedivine.org/tag/ajna-chakra-mudra/,WordPress REST API: tags,200,,Yes,https://sciencedivine.org/tag/ajna-chakra-mudra/,max-image-preview:large,No,ajna chakra mudra,,Tag: ajna chakra mudra,tag archive,554,,,,,,,,,,,,,NOT TESTED,SEO migration lead,Published item count: 1
https://sciencedivine.org/tag/ajna-chakra-powers/,https://sciencedivine.org/tag/ajna-chakra-powers/,WordPress REST API: tags,200,,Yes,https://sciencedivine.org/tag/ajna-chakra-powers/,max-image-preview:large,No,ajna chakra powers,,Tag: ajna chakra powers,tag archive,554,,,,,,,,,,,,,NOT TESTED,SEO migration lead,Published item count: 1
https://sciencedivine.org/tag/ajna-chakra/,https://sciencedivine.org/tag/ajna-chakra/,WordPress REST API: tags,200,,Yes,https://sciencedivine.org/tag/ajna-chakra/,max-image-preview:large,No,ajna chakra,,Tag: ajna chakra,tag archive,553,,,,,,,,,,,,,NOT TESTED,SEO migration lead,Published item count: 1
https://sciencedivine.org/tag/anahata-chakra-benefits/,https://sciencedivine.org/tag/anahata-chakra-benefits/,WordPress REST API: tags,200,,Yes,https://sciencedivine.org/tag/anahata-chakra-benefits/,max-image-preview:large,No,anahata chakra benefits,,Tag: anahata chakra benefits,tag archive,554,,,,,,,,,,,,,NOT TESTED,SEO migration lead,Published item count: 1
https://sciencedivine.org/tag/anahata-chakra-in-body/,https://sciencedivine.org/tag/anahata-chakra-in-body/,WordPress REST API: tags,200,,Yes,https://sciencedivine.org/tag/anahata-chakra-in-body/,max-image-preview:large,No,anahata chakra in body,,Tag: anahata chakra in body,tag archive,555,,,,,,,,,,,,,NOT TESTED,SEO migration lead,Published item count: 1
https://sciencedivine.org/tag/anahata-chakra-mudra/,https://sciencedivine.org/tag/anahata-chakra-mudra/,WordPress REST API: tags,200,,Yes,https://sciencedivine.org/tag/anahata-chakra-mudra/,max-image-preview:large,No,anahata chakra mudra,,Tag: anahata chakra mudra,tag archive,554,,,,,,,,,,,,,NOT TESTED,SEO migration lead,Published item count: 1
https://sciencedivine.org/tag/anahata-chakra/,https://sciencedivine.org/tag/anahata-chakra/,WordPress REST API: tags,200,,Yes,https://sciencedivine.org/tag/anahata-chakra/,max-image-preview:large,No,anahata chakra,,Tag: anahata chakra,tag archive,553,,,,,,,,,,,,,NOT TESTED,SEO migration lead,Published item count: 1
https://sciencedivine.org/tag/asana-for-blood-pressure/,https://sciencedivine.org/tag/asana-for-blood-pressure/,WordPress REST API: tags,200,,Yes,https://sciencedivine.org/tag/asana-for-blood-pressure/,max-image-preview:large,No,asana for blood pressure,,Tag: asana for blood pressure,tag archive,524,,,,,,,,,,,,,NOT TESTED,SEO migration lead,Published item count: 1
https://sciencedivine.org/tag/asana-for-bp/,https://sciencedivine.org/tag/asana-for-bp/,WordPress REST API: tags,200,,Yes,https://sciencedivine.org/tag/asana-for-bp/,max-image-preview:large,No,asana for bp,,Tag: asana for bp,tag archive,523,,,,,,,,,,,,,NOT TESTED,SEO migration lead,Published item count: 1
https://sciencedivine.org/tag/asana-for-high-blood-pressure/,https://sciencedivine.org/tag/asana-for-high-blood-pressure/,WordPress REST API: tags,200,,Yes,https://sciencedivine.org/tag/asana-for-high-blood-pressure/,max-image-preview:large,No,asana for high blood pressure,,Tag: asana for high blood pressure,tag archive,525,,,,,,,,,,,,,NOT TESTED,SEO migration lead,Published item count: 1
https://sciencedivine.org/tag/asana-for-high-bp/,https://sciencedivine.org/tag/asana-for-high-bp/,WordPress REST API: tags,200,,Yes,https://sciencedivine.org/tag/asana-for-high-bp/,max-image-preview:large,No,asana for high bp,,Tag: asana for high bp,tag archive,524,,,,,,,,,,,,,NOT TESTED,SEO migration lead,Published item count: 1
https://sciencedivine.org/tag/asana-for-hypertension/,https://sciencedivine.org/tag/asana-for-hypertension/,WordPress REST API: tags,200,,Yes,https://sciencedivine.org/tag/asana-for-hypertension/,max-image-preview:large,No,asana for hypertension,,Tag: asana for hypertension,tag archive,522,,,,,,,,,,,,,NOT TESTED,SEO migration lead,Published item count: 1
https://sciencedivine.org/tag/become-conscious/,https://sciencedivine.org/tag/become-conscious/,WordPress REST API: tags,200,,Yes,https://sciencedivine.org/tag/become-conscious/,max-image-preview:large,No,become conscious,,Tag: become conscious,tag archive,680,,,,,,,,,,,,,NOT TESTED,SEO migration lead,Published item count: 3
https://sciencedivine.org/tag/benefits-of-balanced-chakras/,https://sciencedivine.org/tag/benefits-of-balanced-chakras/,WordPress REST API: tags,200,,Yes,https://sciencedivine.org/tag/benefits-of-balanced-chakras/,max-image-preview:large,No,benefits of balanced chakras,,Tag: benefits of balanced chakras,tag archive,555,,,,,,,,,,,,,NOT TESTED,SEO migration lead,Published item count: 1
https://sciencedivine.org/tag/benefits-of-higher-consciousness/,https://sciencedivine.org/tag/benefits-of-higher-consciousness/,WordPress REST API: tags,200,,Yes,https://sciencedivine.org/tag/benefits-of-higher-consciousness/,max-image-preview:large,No,benefits of higher consciousness,,Tag: benefits of higher consciousness,tag archive,552,,,,,,,,,,,,,NOT TESTED,SEO migration lead,Published item count: 1
https://sciencedivine.org/tag/benefits-of-meditation/,https://sciencedivine.org/tag/benefits-of-meditation/,WordPress REST API: tags,200,,Yes,https://sciencedivine.org/tag/benefits-of-meditation/,max-image-preview:large,No,benefits of meditation,,Tag: benefits of meditation,tag archive,582,,,,,,,,,,,,,NOT TESTED,SEO migration lead,Published item count: 2
https://sciencedivine.org/tag/benefits-of-positive-thinking/,https://sciencedivine.org/tag/benefits-of-positive-thinking/,WordPress REST API: tags,200,,Yes,https://sciencedivine.org/tag/benefits-of-positive-thinking/,max-image-preview:large,No,benefits of positive thinking,,Tag: benefits of positive thinking,tag archive,523,,,,,,,,,,,,,NOT TESTED,SEO migration lead,Published item count: 1
https://sciencedivine.org/tag/benefits-of-spiritual-healing/,https://sciencedivine.org/tag/benefits-of-spiritual-healing/,WordPress REST API: tags,200,,Yes,https://sciencedivine.org/tag/benefits-of-spiritual-healing/,max-image-preview:large,No,benefits of spiritual healing,,Tag: benefits of spiritual healing,tag archive,552,,,,,,,,,,,,,NOT TESTED,SEO migration lead,Published item count: 1
https://sciencedivine.org/tag/better-life/,https://sciencedivine.org/tag/better-life/,WordPress REST API: tags,200,,Yes,https://sciencedivine.org/tag/better-life/,max-image-preview:large,No,Better Life,,Tag: Better Life,tag archive,556,,,,,,,,,,,,,NOT TESTED,SEO migration lead,Published item count: 1
https://sciencedivine.org/tag/blood-pressure-yoga-asanas/,https://sciencedivine.org/tag/blood-pressure-yoga-asanas/,WordPress REST API: tags,200,,Yes,https://sciencedivine.org/tag/blood-pressure-yoga-asanas/,max-image-preview:large,No,blood pressure yoga asanas,,Tag: blood pressure yoga asanas,tag archive,524,,,,,,,,,,,,,NOT TESTED,SEO migration lead,Published item count: 1
https://sciencedivine.org/tag/brahma-muhurta-benefits/,https://sciencedivine.org/tag/brahma-muhurta-benefits/,WordPress REST API: tags,200,,Yes,https://sciencedivine.org/tag/brahma-muhurta-benefits/,max-image-preview:large,No,brahma muhurta benefits,,Tag: brahma muhurta benefits,tag archive,552,,,,,,,,,,,,,NOT TESTED,SEO migration lead,Published item count: 1
https://sciencedivine.org/tag/brahma-muhurta-for-success/,https://sciencedivine.org/tag/brahma-muhurta-for-success/,WordPress REST API: tags,200,,Yes,https://sciencedivine.org/tag/brahma-muhurta-for-success/,max-image-preview:large,No,brahma muhurta for success,,Tag: brahma muhurta for success,tag archive,553,,,,,,,,,,,,,NOT TESTED,SEO migration lead,Published item count: 1
https://sciencedivine.org/tag/brahma-muhurta-time/,https://sciencedivine.org/tag/brahma-muhurta-time/,WordPress REST API: tags,200,,Yes,https://sciencedivine.org/tag/brahma-muhurta-time/,max-image-preview:large,No,brahma muhurta time,,Tag: brahma muhurta time,tag archive,552,,,,,,,,,,,,,NOT TESTED,SEO migration lead,Published item count: 1
https://sciencedivine.org/tag/brahma-muhurta/,https://sciencedivine.org/tag/brahma-muhurta/,WordPress REST API: tags,200,,Yes,https://sciencedivine.org/tag/brahma-muhurta/,max-image-preview:large,No,brahma muhurta,,Tag: brahma muhurta,tag archive,551,,,,,,,,,,,,,NOT TESTED,SEO migration lead,Published item count: 1
https://sciencedivine.org/tag/chakras-in-body/,https://sciencedivine.org/tag/chakras-in-body/,WordPress REST API: tags,200,,Yes,https://sciencedivine.org/tag/chakras-in-body/,max-image-preview:large,No,chakras in body,,Tag: chakras in body,tag archive,554,,,,,,,,,,,,,NOT TESTED,SEO migration lead,Published item count: 1
https://sciencedivine.org/tag/chakras-in-human-body/,https://sciencedivine.org/tag/chakras-in-human-body/,WordPress REST API: tags,200,,Yes,https://sciencedivine.org/tag/chakras-in-human-body/,max-image-preview:large,No,chakras in human body,,Tag: chakras in human body,tag archive,555,,,,,,,,,,,,,NOT TESTED,SEO migration lead,Published item count: 1
https://sciencedivine.org/tag/chakras/,https://sciencedivine.org/tag/chakras/,WordPress REST API: tags,200,,Yes,https://sciencedivine.org/tag/chakras/,max-image-preview:large,No,chakras,,Tag: chakras,tag archive,552,,,,,,,,,,,,,NOT TESTED,SEO migration lead,Published item count: 1
https://sciencedivine.org/tag/components-of-mental-health/,https://sciencedivine.org/tag/components-of-mental-health/,WordPress REST API: tags,200,,Yes,https://sciencedivine.org/tag/components-of-mental-health/,max-image-preview:large,No,components of mental health,,Tag: components of mental health,tag archive,529,,,,,,,,,,,,,NOT TESTED,SEO migration lead,Published item count: 1
https://sciencedivine.org/tag/concept-of-mental-health/,https://sciencedivine.org/tag/concept-of-mental-health/,WordPress REST API: tags,200,,Yes,https://sciencedivine.org/tag/concept-of-mental-health/,max-image-preview:large,No,concept of mental health,,Tag: concept of mental health,tag archive,529,,,,,,,,,,,,,NOT TESTED,SEO migration lead,Published item count: 1
https://sciencedivine.org/tag/conscious-and-subconscious/,https://sciencedivine.org/tag/conscious-and-subconscious/,WordPress REST API: tags,200,,Yes,https://sciencedivine.org/tag/conscious-and-subconscious/,max-image-preview:large,No,conscious and subconscious,,Tag: conscious and subconscious,tag archive,553,,,,,,,,,,,,,NOT TESTED,SEO migration lead,Published item count: 1
https://sciencedivine.org/tag/conscious-mind-and-subconscious-mind/,https://sciencedivine.org/tag/conscious-mind-and-subconscious-mind/,WordPress REST API: tags,200,,Yes,https://sciencedivine.org/tag/conscious-mind-and-subconscious-mind/,max-image-preview:large,No,conscious mind and subconscious mind,,Tag: conscious mind and subconscious mind,tag archive,617,,,,,,,,,,,,,NOT TESTED,SEO migration lead,Published item count: 2
https://sciencedivine.org/tag/conscious-mind-vs-subconscious-mind/,https://sciencedivine.org/tag/conscious-mind-vs-subconscious-mind/,WordPress REST API: tags,200,,Yes,https://sciencedivine.org/tag/conscious-mind-vs-subconscious-mind/,max-image-preview:large,No,conscious mind vs subconscious mind,,Tag: conscious mind vs subconscious mind,tag archive,617,,,,,,,,,,,,,NOT TESTED,SEO migration lead,Published item count: 2
https://sciencedivine.org/tag/conscious-mind/,https://sciencedivine.org/tag/conscious-mind/,WordPress REST API: tags,200,,Yes,https://sciencedivine.org/tag/conscious-mind/,max-image-preview:large,No,conscious mind,,Tag: conscious mind,tag archive,616,,,,,,,,,,,,,NOT TESTED,SEO migration lead,Published item count: 2
https://sciencedivine.org/tag/conscious-thinking/,https://sciencedivine.org/tag/conscious-thinking/,WordPress REST API: tags,200,,Yes,https://sciencedivine.org/tag/conscious-thinking/,max-image-preview:large,No,conscious thinking,,Tag: conscious thinking,tag archive,680,,,,,,,,,,,,,NOT TESTED,SEO migration lead,Published item count: 3
https://sciencedivine.org/tag/conscious/,https://sciencedivine.org/tag/conscious/,WordPress REST API: tags,200,,Yes,https://sciencedivine.org/tag/conscious/,max-image-preview:large,No,conscious,,Tag: conscious,tag archive,615,,,,,,,,,,,,,NOT TESTED,SEO migration lead,Published item count: 2
https://sciencedivine.org/tag/consciousness/,https://sciencedivine.org/tag/consciousness/,WordPress REST API: tags,200,,Yes,https://sciencedivine.org/tag/consciousness/,max-image-preview:large,No,consciousness,,Tag: consciousness,tag archive,549,,,,,,,,,,,,,NOT TESTED,SEO migration lead,Published item count: 1
https://sciencedivine.org/tag/cosmic-consciousness/,https://sciencedivine.org/tag/cosmic-consciousness/,WordPress REST API: tags,200,,Yes,https://sciencedivine.org/tag/cosmic-consciousness/,max-image-preview:large,No,cosmic consciousness,,Tag: cosmic consciousness,tag archive,550,,,,,,,,,,,,,NOT TESTED,SEO migration lead,Published item count: 1
https://sciencedivine.org/tag/creating-balance/,https://sciencedivine.org/tag/creating-balance/,WordPress REST API: tags,200,,Yes,https://sciencedivine.org/tag/creating-balance/,max-image-preview:large,No,creating balance,,Tag: creating balance,tag archive,550,,,,,,,,,,,,,NOT TESTED,SEO migration lead,Published item count: 1
https://sciencedivine.org/tag/cutting-out-morning-news-use-of-mobile/,https://sciencedivine.org/tag/cutting-out-morning-news-use-of-mobile/,WordPress REST API: tags,200,,Yes,https://sciencedivine.org/tag/cutting-out-morning-news-use-of-mobile/,max-image-preview:large,No,Cutting out morning news/ Use of mobile,,Tag: Cutting out morning news/ Use of mobile,tag archive,555,,,,,,,,,,,,,NOT TESTED,SEO migration lead,Published item count: 1
https://sciencedivine.org/tag/difference-between-conscious-and-subconscious-mind/,https://sciencedivine.org/tag/difference-between-conscious-and-subconscious-mind/,WordPress REST API: tags,200,,Yes,https://sciencedivine.org/tag/difference-between-conscious-and-subconscious-mind/,max-image-preview:large,No,difference between conscious and subconscious mind,,Tag: difference between conscious and subconscious mind,tag archive,556,,,,,,,,,,,,,NOT TESTED,SEO migration lead,Published item count: 1
https://sciencedivine.org/tag/dont-avoid/,https://sciencedivine.org/tag/dont-avoid/,WordPress REST API: tags,200,,Yes,https://sciencedivine.org/tag/dont-avoid/,max-image-preview:large,No,Don't avoid,,Tag: Don't avoid,tag archive,550,,,,,,,,,,,,,NOT TESTED,SEO migration lead,Published item count: 1
https://sciencedivine.org/tag/dont-hesitate-to-seek-professional-support/,https://sciencedivine.org/tag/dont-hesitate-to-seek-professional-support/,WordPress REST API: tags,200,,Yes,https://sciencedivine.org/tag/dont-hesitate-to-seek-professional-support/,max-image-preview:large,No,Don't hesitate to seek professional support,,Tag: Don't hesitate to seek professional support,tag archive,554,,,,,,,,,,,,,NOT TESTED,SEO migration lead,Published item count: 1
https://sciencedivine.org/tag/enhanced-focus/,https://sciencedivine.org/tag/enhanced-focus/,WordPress REST API: tags,200,,Yes,https://sciencedivine.org/tag/enhanced-focus/,max-image-preview:large,No,Enhanced Focus,,Tag: Enhanced Focus,tag archive,550,,,,,,,,,,,,,NOT TESTED,SEO migration lead,Published item count: 1
https://sciencedivine.org/tag/feminine-energy/,https://sciencedivine.org/tag/feminine-energy/,WordPress REST API: tags,200,,Yes,https://sciencedivine.org/tag/feminine-energy/,max-image-preview:large,No,Feminine Energy,,Tag: Feminine Energy,tag archive,553,,,,,,,,,,,,,NOT TESTED,SEO migration lead,Published item count: 1
https://sciencedivine.org/tag/feminine/,https://sciencedivine.org/tag/feminine/,WordPress REST API: tags,200,,Yes,https://sciencedivine.org/tag/feminine/,max-image-preview:large,No,Feminine,,Tag: Feminine,tag archive,552,,,,,,,,,,,,,NOT TESTED,SEO migration lead,Published item count: 1
https://sciencedivine.org/tag/focus-consciously-on-positivity/,https://sciencedivine.org/tag/focus-consciously-on-positivity/,WordPress REST API: tags,200,,Yes,https://sciencedivine.org/tag/focus-consciously-on-positivity/,max-image-preview:large,No,Focus consciously on positivity,,Tag: Focus consciously on positivity,tag archive,552,,,,,,,,,,,,,NOT TESTED,SEO migration lead,Published item count: 1
https://sciencedivine.org/tag/gomti-chakra-benefits/,https://sciencedivine.org/tag/gomti-chakra-benefits/,WordPress REST API: tags,200,,Yes,https://sciencedivine.org/tag/gomti-chakra-benefits/,max-image-preview:large,No,gomti chakra benefits,,Tag: gomti chakra benefits,tag archive,556,,,,,,,,,,,,,NOT TESTED,SEO migration lead,Published item count: 1
https://sciencedivine.org/tag/gomti-chakra-tree-benefits/,https://sciencedivine.org/tag/gomti-chakra-tree-benefits/,WordPress REST API: tags,200,,Yes,https://sciencedivine.org/tag/gomti-chakra-tree-benefits/,max-image-preview:large,No,gomti chakra tree benefits,,Tag: gomti chakra tree benefits,tag archive,557,,,,,,,,,,,,,NOT TESTED,SEO migration lead,Published item count: 1
https://sciencedivine.org/tag/gomti-chakra/,https://sciencedivine.org/tag/gomti-chakra/,WordPress REST API: tags,200,,Yes,https://sciencedivine.org/tag/gomti-chakra/,max-image-preview:large,No,gomti chakra,,Tag: gomti chakra,tag archive,555,,,,,,,,,,,,,NOT TESTED,SEO migration lead,Published item count: 1
https://sciencedivine.org/tag/health-and-wellness/,https://sciencedivine.org/tag/health-and-wellness/,WordPress REST API: tags,200,,Yes,https://sciencedivine.org/tag/health-and-wellness/,max-image-preview:large,No,Health and wellness,,Tag: Health and wellness,tag archive,554,,,,,,,,,,,,,NOT TESTED,SEO migration lead,Published item count: 1
https://sciencedivine.org/tag/health/,https://sciencedivine.org/tag/health/,WordPress REST API: tags,200,,Yes,https://sciencedivine.org/tag/health/,max-image-preview:large,No,Health,,Tag: Health,tag archive,552,,,,,,,,,,,,,NOT TESTED,SEO migration lead,Published item count: 1
https://sciencedivine.org/tag/high-blood-pressure-yoga-asanas/,https://sciencedivine.org/tag/high-blood-pressure-yoga-asanas/,WordPress REST API: tags,200,,Yes,https://sciencedivine.org/tag/high-blood-pressure-yoga-asanas/,max-image-preview:large,No,high blood pressure yoga asanas,,Tag: high blood pressure yoga asanas,tag archive,525,,,,,,,,,,,,,NOT TESTED,SEO migration lead,Published item count: 1
https://sciencedivine.org/tag/high-blood-pressure-yoga-exercises/,https://sciencedivine.org/tag/high-blood-pressure-yoga-exercises/,WordPress REST API: tags,200,,Yes,https://sciencedivine.org/tag/high-blood-pressure-yoga-exercises/,max-image-preview:large,No,high blood pressure yoga exercises,,Tag: high blood pressure yoga exercises,tag archive,530,,,,,,,,,,,,,NOT TESTED,SEO migration lead,Published item count: 1
https://sciencedivine.org/tag/high-blood-pressure-yoga-poses/,https://sciencedivine.org/tag/high-blood-pressure-yoga-poses/,WordPress REST API: tags,200,,Yes,https://sciencedivine.org/tag/high-blood-pressure-yoga-poses/,max-image-preview:large,No,high blood pressure yoga poses,,Tag: high blood pressure yoga poses,tag archive,491,,,,,,,,,,,,,NOT TESTED,SEO migration lead,Published item count: 0
https://sciencedivine.org/tag/how-does-manifestation-work/,https://sciencedivine.org/tag/how-does-manifestation-work/,WordPress REST API: tags,200,,Yes,https://sciencedivine.org/tag/how-does-manifestation-work/,max-image-preview:large,No,how does manifestation work,,Tag: how does manifestation work,tag archive,524,,,,,,,,,,,,,NOT TESTED,SEO migration lead,Published item count: 1
https://sciencedivine.org/tag/how-manifestation-works/,https://sciencedivine.org/tag/how-manifestation-works/,WordPress REST API: tags,200,,Yes,https://sciencedivine.org/tag/how-manifestation-works/,max-image-preview:large,No,how manifestation works,,Tag: how manifestation works,tag archive,523,,,,,,,,,,,,,NOT TESTED,SEO migration lead,Published item count: 1
https://sciencedivine.org/tag/how-to-activate-ajna-chakra/,https://sciencedivine.org/tag/how-to-activate-ajna-chakra/,WordPress REST API: tags,200,,Yes,https://sciencedivine.org/tag/how-to-activate-ajna-chakra/,max-image-preview:large,No,how to activate ajna chakra,,Tag: how to activate ajna chakra,tag archive,556,,,,,,,,,,,,,NOT TESTED,SEO migration lead,Published item count: 1
https://sciencedivine.org/tag/how-to-activate-anahata-chakra/,https://sciencedivine.org/tag/how-to-activate-anahata-chakra/,WordPress REST API: tags,200,,Yes,https://sciencedivine.org/tag/how-to-activate-anahata-chakra/,max-image-preview:large,No,how to activate anahata chakra,,Tag: how to activate anahata chakra,tag archive,556,,,,,,,,,,,,,NOT TESTED,SEO migration lead,Published item count: 1
https://sciencedivine.org/tag/how-to-activate-manipura-chakra/,https://sciencedivine.org/tag/how-to-activate-manipura-chakra/,WordPress REST API: tags,200,,Yes,https://sciencedivine.org/tag/how-to-activate-manipura-chakra/,max-image-preview:large,No,how to activate manipura chakra,,Tag: how to activate manipura chakra,tag archive,555,,,,,,,,,,,,,NOT TESTED,SEO migration lead,Published item count: 1
https://sciencedivine.org/tag/how-to-activate-muladhara-chakra/,https://sciencedivine.org/tag/how-to-activate-muladhara-chakra/,WordPress REST API: tags,200,,Yes,https://sciencedivine.org/tag/how-to-activate-muladhara-chakra/,max-image-preview:large,No,how to activate muladhara chakra,,Tag: how to activate muladhara chakra,tag archive,556,,,,,,,,,,,,,NOT TESTED,SEO migration lead,Published item count: 1
https://sciencedivine.org/tag/how-to-activate-sahasrara-chakra/,https://sciencedivine.org/tag/how-to-activate-sahasrara-chakra/,WordPress REST API: tags,200,,Yes,https://sciencedivine.org/tag/how-to-activate-sahasrara-chakra/,max-image-preview:large,No,how to activate sahasrara chakra,,Tag: how to activate sahasrara chakra,tag archive,556,,,,,,,,,,,,,NOT TESTED,SEO migration lead,Published item count: 1
https://sciencedivine.org/tag/how-to-activate-seven-chakras-in-human-body/,https://sciencedivine.org/tag/how-to-activate-seven-chakras-in-human-body/,WordPress REST API: tags,200,,Yes,https://sciencedivine.org/tag/how-to-activate-seven-chakras-in-human-body/,max-image-preview:large,No,how to activate seven chakras in human body,,Tag: how to activate seven chakras in human body,tag archive,558,,,,,,,,,,,,,NOT TESTED,SEO migration lead,Published item count: 1
https://sciencedivine.org/tag/how-to-activate-vishuddha-chakra/,https://sciencedivine.org/tag/how-to-activate-vishuddha-chakra/,WordPress REST API: tags,200,,Yes,https://sciencedivine.org/tag/how-to-activate-vishuddha-chakra/,max-image-preview:large,No,how to activate vishuddha chakra,,Tag: how to activate vishuddha chakra,tag archive,556,,,,,,,,,,,,,NOT TESTED,SEO migration lead,Published item count: 1
https://sciencedivine.org/tag/how-to-be-conscious/,https://sciencedivine.org/tag/how-to-be-conscious/,WordPress REST API: tags,200,,Yes,https://sciencedivine.org/tag/how-to-be-conscious/,max-image-preview:large,No,how to be conscious,,Tag: how to be conscious,tag archive,682,,,,,,,,,,,,,NOT TESTED,SEO migration lead,Published item count: 3
https://sciencedivine.org/tag/how-to-be-fully-conscious/,https://sciencedivine.org/tag/how-to-be-fully-conscious/,WordPress REST API: tags,200,,Yes,https://sciencedivine.org/tag/how-to-be-fully-conscious/,max-image-preview:large,No,how to be fully conscious,,Tag: how to be fully conscious,tag archive,557,,,,,,,,,,,,,NOT TESTED,SEO migration lead,Published item count: 1
https://sciencedivine.org/tag/how-to-become-a-spiritual-person/,https://sciencedivine.org/tag/how-to-become-a-spiritual-person/,WordPress REST API: tags,200,,Yes,https://sciencedivine.org/tag/how-to-become-a-spiritual-person/,max-image-preview:large,No,how to become a spiritual person,,Tag: how to become a spiritual person,tag archive,554,,,,,,,,,,,,,NOT TESTED,SEO migration lead,Published item count: 1
https://sciencedivine.org/tag/how-to-do-meditation-at-home/,https://sciencedivine.org/tag/how-to-do-meditation-at-home/,WordPress REST API: tags,200,,Yes,https://sciencedivine.org/tag/how-to-do-meditation-at-home/,max-image-preview:large,No,how to do meditation at home,,Tag: how to do meditation at home,tag archive,523,,,,,,,,,,,,,NOT TESTED,SEO migration lead,Published item count: 1
https://sciencedivine.org/tag/how-to-do-meditation/,https://sciencedivine.org/tag/how-to-do-meditation/,WordPress REST API: tags,200,,Yes,https://sciencedivine.org/tag/how-to-do-meditation/,max-image-preview:large,No,how to do meditation,,Tag: how to do meditation,tag archive,560,,,,,,,,,,,,,NOT TESTED,SEO migration lead,Published item count: 2
https://sciencedivine.org/tag/how-to-energise-gomti-chakra/,https://sciencedivine.org/tag/how-to-energise-gomti-chakra/,WordPress REST API: tags,200,,Yes,https://sciencedivine.org/tag/how-to-energise-gomti-chakra/,max-image-preview:large,No,how to energise gomti chakra,,Tag: how to energise gomti chakra,tag archive,558,,,,,,,,,,,,,NOT TESTED,SEO migration lead,Published item count: 1
https://sciencedivine.org/tag/how-to-get-peace-of-mind/,https://sciencedivine.org/tag/how-to-get-peace-of-mind/,WordPress REST API: tags,200,,Yes,https://sciencedivine.org/tag/how-to-get-peace-of-mind/,max-image-preview:large,No,how to get peace of mind,,Tag: how to get peace of mind,tag archive,590,,,,,,,,,,,,,NOT TESTED,SEO migration lead,Published item count: 2
https://sciencedivine.org/tag/how-to-grow-spiritually/,https://sciencedivine.org/tag/how-to-grow-spiritually/,WordPress REST API: tags,200,,Yes,https://sciencedivine.org/tag/how-to-grow-spiritually/,max-image-preview:large,No,how to grow spiritually,,Tag: how to grow spiritually,tag archive,554,,,,,,,,,,,,,NOT TESTED,SEO migration lead,Published item count: 1
https://sciencedivine.org/tag/how-to-increase-consciousness/,https://sciencedivine.org/tag/how-to-increase-consciousness/,WordPress REST API: tags,200,,Yes,https://sciencedivine.org/tag/how-to-increase-consciousness/,max-image-preview:large,No,how to increase consciousness,,Tag: how to increase consciousness,tag archive,552,,,,,,,,,,,,,NOT TESTED,SEO migration lead,Published item count: 1
https://sciencedivine.org/tag/how-to-open-all-seven-chakras/,https://sciencedivine.org/tag/how-to-open-all-seven-chakras/,WordPress REST API: tags,200,,Yes,https://sciencedivine.org/tag/how-to-open-all-seven-chakras/,max-image-preview:large,No,how to open all seven chakras,,Tag: how to open all seven chakras,tag archive,556,,,,,,,,,,,,,NOT TESTED,SEO migration lead,Published item count: 1
https://sciencedivine.org/tag/how-to-open-chakras/,https://sciencedivine.org/tag/how-to-open-chakras/,WordPress REST API: tags,200,,Yes,https://sciencedivine.org/tag/how-to-open-chakras/,max-image-preview:large,No,how to open chakras,,Tag: how to open chakras,tag archive,555,,,,,,,,,,,,,NOT TESTED,SEO migration lead,Published item count: 1
https://sciencedivine.org/tag/how-to-open-svadhisthana-chakra/,https://sciencedivine.org/tag/how-to-open-svadhisthana-chakra/,WordPress REST API: tags,200,,Yes,https://sciencedivine.org/tag/how-to-open-svadhisthana-chakra/,max-image-preview:large,No,how to open svadhisthana chakra,,Tag: how to open svadhisthana chakra,tag archive,554,,,,,,,,,,,,,NOT TESTED,SEO migration lead,Published item count: 1
https://sciencedivine.org/tag/how-to-stay-conscious/,https://sciencedivine.org/tag/how-to-stay-conscious/,WordPress REST API: tags,200,,Yes,https://sciencedivine.org/tag/how-to-stay-conscious/,max-image-preview:large,No,how to stay conscious,,Tag: how to stay conscious,tag archive,682,,,,,,,,,,,,,NOT TESTED,SEO migration lead,Published item count: 3
https://sciencedivine.org/tag/how-to-unblock-chakras/,https://sciencedivine.org/tag/how-to-unblock-chakras/,WordPress REST API: tags,200,,Yes,https://sciencedivine.org/tag/how-to-unblock-chakras/,max-image-preview:large,No,how to unblock chakras,,Tag: how to unblock chakras,tag archive,555,,,,,,,,,,,,,NOT TESTED,SEO migration lead,Published item count: 1
https://sciencedivine.org/tag/importance-of-meditation/,https://sciencedivine.org/tag/importance-of-meditation/,WordPress REST API: tags,200,,Yes,https://sciencedivine.org/tag/importance-of-meditation/,max-image-preview:large,No,importance of meditation,,Tag: importance of meditation,tag archive,520,,,,,,,,,,,,,NOT TESTED,SEO migration lead,Published item count: 1
https://sciencedivine.org/tag/importance-of-positive-thinking/,https://sciencedivine.org/tag/importance-of-positive-thinking/,WordPress REST API: tags,200,,Yes,https://sciencedivine.org/tag/importance-of-positive-thinking/,max-image-preview:large,No,importance of positive thinking,,Tag: importance of positive thinking,tag archive,523,,,,,,,,,,,,,NOT TESTED,SEO migration lead,Published item count: 1
https://sciencedivine.org/tag/importance-of-spirituality-in-education/,https://sciencedivine.org/tag/importance-of-spirituality-in-education/,WordPress REST API: tags,200,,Yes,https://sciencedivine.org/tag/importance-of-spirituality-in-education/,max-image-preview:large,No,importance of spirituality in education,,Tag: importance of spirituality in education,tag archive,555,,,,,,,,,,,,,NOT TESTED,SEO migration lead,Published item count: 1
https://sciencedivine.org/tag/increased-creativity/,https://sciencedivine.org/tag/increased-creativity/,WordPress REST API: tags,200,,Yes,https://sciencedivine.org/tag/increased-creativity/,max-image-preview:large,No,Increased Creativity,,Tag: Increased Creativity,tag archive,550,,,,,,,,,,,,,NOT TESTED,SEO migration lead,Published item count: 1
https://sciencedivine.org/tag/magical-power-in-gomti-chakra/,https://sciencedivine.org/tag/magical-power-in-gomti-chakra/,WordPress REST API: tags,200,,Yes,https://sciencedivine.org/tag/magical-power-in-gomti-chakra/,max-image-preview:large,No,magical power in gomti chakra,,Tag: magical power in gomti chakra,tag archive,558,,,,,,,,,,,,,NOT TESTED,SEO migration lead,Published item count: 1
https://sciencedivine.org/tag/manifestation/,https://sciencedivine.org/tag/manifestation/,WordPress REST API: tags,200,,Yes,https://sciencedivine.org/tag/manifestation/,max-image-preview:large,No,Manifestation,,Tag: Manifestation,tag archive,521,,,,,,,,,,,,,NOT TESTED,SEO migration lead,Published item count: 1
https://sciencedivine.org/tag/manipura-chakra-asanas/,https://sciencedivine.org/tag/manipura-chakra-asanas/,WordPress REST API: tags,200,,Yes,https://sciencedivine.org/tag/manipura-chakra-asanas/,max-image-preview:large,No,manipura chakra asanas,,Tag: manipura chakra asanas,tag archive,553,,,,,,,,,,,,,NOT TESTED,SEO migration lead,Published item count: 1
https://sciencedivine.org/tag/manipura-chakra-benefits/,https://sciencedivine.org/tag/manipura-chakra-benefits/,WordPress REST API: tags,200,,Yes,https://sciencedivine.org/tag/manipura-chakra-benefits/,max-image-preview:large,No,manipura chakra benefits,,Tag: manipura chakra benefits,tag archive,553,,,,,,,,,,,,,NOT TESTED,SEO migration lead,Published item count: 1
https://sciencedivine.org/tag/manipura-chakra-meditation/,https://sciencedivine.org/tag/manipura-chakra-meditation/,WordPress REST API: tags,200,,Yes,https://sciencedivine.org/tag/manipura-chakra-meditation/,max-image-preview:large,No,manipura chakra meditation,,Tag: manipura chakra meditation,tag archive,553,,,,,,,,,,,,,NOT TESTED,SEO migration lead,Published item count: 1
https://sciencedivine.org/tag/manipura-chakra/,https://sciencedivine.org/tag/manipura-chakra/,WordPress REST API: tags,200,,Yes,https://sciencedivine.org/tag/manipura-chakra/,max-image-preview:large,No,manipura chakra,,Tag: manipura chakra,tag archive,552,,,,,,,,,,,,,NOT TESTED,SEO migration lead,Published item count: 1
https://sciencedivine.org/tag/meditaion/,https://sciencedivine.org/tag/meditaion/,WordPress REST API: tags,200,,Yes,https://sciencedivine.org/tag/meditaion/,max-image-preview:large,No,Meditaion,,Tag: Meditaion,tag archive,552,,,,,,,,,,,,,NOT TESTED,SEO migration lead,Published item count: 1
https://sciencedivine.org/tag/meditation-benefits-for-brain/,https://sciencedivine.org/tag/meditation-benefits-for-brain/,WordPress REST API: tags,200,,Yes,https://sciencedivine.org/tag/meditation-benefits-for-brain/,max-image-preview:large,No,meditation benefits for brain,,Tag: meditation benefits for brain,tag archive,723,,,,,,,,,,,,,NOT TESTED,SEO migration lead,Published item count: 5
https://sciencedivine.org/tag/meditation-for-anahata-chakra/,https://sciencedivine.org/tag/meditation-for-anahata-chakra/,WordPress REST API: tags,200,,Yes,https://sciencedivine.org/tag/meditation-for-anahata-chakra/,max-image-preview:large,No,meditation for anahata chakra,,Tag: meditation for anahata chakra,tag archive,555,,,,,,,,,,,,,NOT TESTED,SEO migration lead,Published item count: 1
https://sciencedivine.org/tag/meditation-for-beginners/,https://sciencedivine.org/tag/meditation-for-beginners/,WordPress REST API: tags,200,,Yes,https://sciencedivine.org/tag/meditation-for-beginners/,max-image-preview:large,No,meditation for beginners,,Tag: meditation for beginners,tag archive,520,,,,,,,,,,,,,NOT TESTED,SEO migration lead,Published item count: 1
https://sciencedivine.org/tag/meditation/,https://sciencedivine.org/tag/meditation/,WordPress REST API: tags,200,,Yes,https://sciencedivine.org/tag/meditation/,max-image-preview:large,No,Meditation,,Tag: Meditation,tag archive,886,,,,,,,,,,,,,NOT TESTED,SEO migration lead,Published item count: 35
https://sciencedivine.org/tag/mental-health/,https://sciencedivine.org/tag/mental-health/,WordPress REST API: tags,200,,Yes,https://sciencedivine.org/tag/mental-health/,max-image-preview:large,No,mental health,,Tag: mental health,tag archive,590,,,,,,,,,,,,,NOT TESTED,SEO migration lead,Published item count: 2
https://sciencedivine.org/tag/mindfulness-and-meditation/,https://sciencedivine.org/tag/mindfulness-and-meditation/,WordPress REST API: tags,200,,Yes,https://sciencedivine.org/tag/mindfulness-and-meditation/,max-image-preview:large,No,Mindfulness and meditation,,Tag: Mindfulness and meditation,tag archive,551,,,,,,,,,,,,,NOT TESTED,SEO migration lead,Published item count: 1
https://sciencedivine.org/tag/mindset/,https://sciencedivine.org/tag/mindset/,WordPress REST API: tags,200,,Yes,https://sciencedivine.org/tag/mindset/,max-image-preview:large,No,Mindset,,Tag: Mindset,tag archive,550,,,,,,,,,,,,,NOT TESTED,SEO migration lead,Published item count: 1
https://sciencedivine.org/tag/mudra-for-peace-of-mind/,https://sciencedivine.org/tag/mudra-for-peace-of-mind/,WordPress REST API: tags,200,,Yes,https://sciencedivine.org/tag/mudra-for-peace-of-mind/,max-image-preview:large,No,mudra for peace of mind,,Tag: mudra for peace of mind,tag archive,553,,,,,,,,,,,,,NOT TESTED,SEO migration lead,Published item count: 1
https://sciencedivine.org/tag/mudra-for-vishuddha-chakra/,https://sciencedivine.org/tag/mudra-for-vishuddha-chakra/,WordPress REST API: tags,200,,Yes,https://sciencedivine.org/tag/mudra-for-vishuddha-chakra/,max-image-preview:large,No,mudra for vishuddha chakra,,Tag: mudra for vishuddha chakra,tag archive,555,,,,,,,,,,,,,NOT TESTED,SEO migration lead,Published item count: 1
https://sciencedivine.org/tag/mudras-for-peace-of-mind/,https://sciencedivine.org/tag/mudras-for-peace-of-mind/,WordPress REST API: tags,200,,Yes,https://sciencedivine.org/tag/mudras-for-peace-of-mind/,max-image-preview:large,No,mudras for peace of mind,,Tag: mudras for peace of mind,tag archive,553,,,,,,,,,,,,,NOT TESTED,SEO migration lead,Published item count: 1
https://sciencedivine.org/tag/muladhara-chakra-activation/,https://sciencedivine.org/tag/muladhara-chakra-activation/,WordPress REST API: tags,200,,Yes,https://sciencedivine.org/tag/muladhara-chakra-activation/,max-image-preview:large,No,muladhara chakra activation,,Tag: muladhara chakra activation,tag archive,554,,,,,,,,,,,,,NOT TESTED,SEO migration lead,Published item count: 1
https://sciencedivine.org/tag/muladhara-chakra-benefits/,https://sciencedivine.org/tag/muladhara-chakra-benefits/,WordPress REST API: tags,200,,Yes,https://sciencedivine.org/tag/muladhara-chakra-benefits/,max-image-preview:large,No,muladhara chakra benefits,,Tag: muladhara chakra benefits,tag archive,554,,,,,,,,,,,,,NOT TESTED,SEO migration lead,Published item count: 1
https://sciencedivine.org/tag/muladhara-chakra-location/,https://sciencedivine.org/tag/muladhara-chakra-location/,WordPress REST API: tags,200,,Yes,https://sciencedivine.org/tag/muladhara-chakra-location/,max-image-preview:large,No,muladhara chakra location,,Tag: muladhara chakra location,tag archive,554,,,,,,,,,,,,,NOT TESTED,SEO migration lead,Published item count: 1
https://sciencedivine.org/tag/muladhara-chakra-meditation/,https://sciencedivine.org/tag/muladhara-chakra-meditation/,WordPress REST API: tags,200,,Yes,https://sciencedivine.org/tag/muladhara-chakra-meditation/,max-image-preview:large,No,muladhara chakra meditation,,Tag: muladhara chakra meditation,tag archive,554,,,,,,,,,,,,,NOT TESTED,SEO migration lead,Published item count: 1
https://sciencedivine.org/tag/muladhara-chakra-mudra/,https://sciencedivine.org/tag/muladhara-chakra-mudra/,WordPress REST API: tags,200,,Yes,https://sciencedivine.org/tag/muladhara-chakra-mudra/,max-image-preview:large,No,muladhara chakra mudra,,Tag: muladhara chakra mudra,tag archive,554,,,,,,,,,,,,,NOT TESTED,SEO migration lead,Published item count: 1
https://sciencedivine.org/tag/muladhara-chakra-powers/,https://sciencedivine.org/tag/muladhara-chakra-powers/,WordPress REST API: tags,200,,Yes,https://sciencedivine.org/tag/muladhara-chakra-powers/,max-image-preview:large,No,muladhara chakra powers,,Tag: muladhara chakra powers,tag archive,554,,,,,,,,,,,,,NOT TESTED,SEO migration lead,Published item count: 1
https://sciencedivine.org/tag/muladhara-chakra/,https://sciencedivine.org/tag/muladhara-chakra/,WordPress REST API: tags,200,,Yes,https://sciencedivine.org/tag/muladhara-chakra/,max-image-preview:large,No,muladhara chakra,,Tag: muladhara chakra,tag archive,553,,,,,,,,,,,,,NOT TESTED,SEO migration lead,Published item count: 1
https://sciencedivine.org/tag/need-peace-of-mind/,https://sciencedivine.org/tag/need-peace-of-mind/,WordPress REST API: tags,200,,Yes,https://sciencedivine.org/tag/need-peace-of-mind/,max-image-preview:large,No,need peace of mind,,Tag: need peace of mind,tag archive,526,,,,,,,,,,,,,NOT TESTED,SEO migration lead,Published item count: 1
https://sciencedivine.org/tag/negative-thinking/,https://sciencedivine.org/tag/negative-thinking/,WordPress REST API: tags,200,,Yes,https://sciencedivine.org/tag/negative-thinking/,max-image-preview:large,No,Negative Thinking,,Tag: Negative Thinking,tag archive,550,,,,,,,,,,,,,NOT TESTED,SEO migration lead,Published item count: 1
https://sciencedivine.org/tag/optimistic-mind/,https://sciencedivine.org/tag/optimistic-mind/,WordPress REST API: tags,200,,Yes,https://sciencedivine.org/tag/optimistic-mind/,max-image-preview:large,No,Optimistic Mind,,Tag: Optimistic Mind,tag archive,551,,,,,,,,,,,,,NOT TESTED,SEO migration lead,Published item count: 1
https://sciencedivine.org/tag/peace-of-mind-meditation/,https://sciencedivine.org/tag/peace-of-mind-meditation/,WordPress REST API: tags,200,,Yes,https://sciencedivine.org/tag/peace-of-mind-meditation/,max-image-preview:large,No,peace of mind meditation,,Tag: peace of mind meditation,tag archive,552,,,,,,,,,,,,,NOT TESTED,SEO migration lead,Published item count: 1
https://sciencedivine.org/tag/peace-of-mind/,https://sciencedivine.org/tag/peace-of-mind/,WordPress REST API: tags,200,,Yes,https://sciencedivine.org/tag/peace-of-mind/,max-image-preview:large,No,peace of mind,,Tag: peace of mind,tag archive,587,,,,,,,,,,,,,NOT TESTED,SEO migration lead,Published item count: 2
https://sciencedivine.org/tag/positive-self-talk/,https://sciencedivine.org/tag/positive-self-talk/,WordPress REST API: tags,200,,Yes,https://sciencedivine.org/tag/positive-self-talk/,max-image-preview:large,No,Positive self talk,,Tag: Positive self talk,tag archive,551,,,,,,,,,,,,,NOT TESTED,SEO migration lead,Published item count: 1
https://sciencedivine.org/tag/positive-thinking-meaning/,https://sciencedivine.org/tag/positive-thinking-meaning/,WordPress REST API: tags,200,,Yes,https://sciencedivine.org/tag/positive-thinking-meaning/,max-image-preview:large,No,positive thinking meaning,,Tag: positive thinking meaning,tag archive,558,,,,,,,,,,,,,NOT TESTED,SEO migration lead,Published item count: 2
https://sciencedivine.org/tag/positive-thinking/,https://sciencedivine.org/tag/positive-thinking/,WordPress REST API: tags,200,,Yes,https://sciencedivine.org/tag/positive-thinking/,max-image-preview:large,No,positive thinking,,Tag: positive thinking,tag archive,521,,,,,,,,,,,,,NOT TESTED,SEO migration lead,Published item count: 1
https://sciencedivine.org/tag/power-of-conscious-and-subconscious-mind/,https://sciencedivine.org/tag/power-of-conscious-and-subconscious-mind/,WordPress REST API: tags,200,,Yes,https://sciencedivine.org/tag/power-of-conscious-and-subconscious-mind/,max-image-preview:large,No,power of conscious and subconscious mind,,Tag: power of conscious and subconscious mind,tag archive,556,,,,,,,,,,,,,NOT TESTED,SEO migration lead,Published item count: 1
https://sciencedivine.org/tag/power-of-conscious-mind/,https://sciencedivine.org/tag/power-of-conscious-mind/,WordPress REST API: tags,200,,Yes,https://sciencedivine.org/tag/power-of-conscious-mind/,max-image-preview:large,No,power of conscious mind,,Tag: power of conscious mind,tag archive,554,,,,,,,,,,,,,NOT TESTED,SEO migration lead,Published item count: 1
https://sciencedivine.org/tag/power-of-manipura-chakra/,https://sciencedivine.org/tag/power-of-manipura-chakra/,WordPress REST API: tags,200,,Yes,https://sciencedivine.org/tag/power-of-manipura-chakra/,max-image-preview:large,No,power of manipura chakra,,Tag: power of manipura chakra,tag archive,554,,,,,,,,,,,,,NOT TESTED,SEO migration lead,Published item count: 1
https://sciencedivine.org/tag/power-of-meditation/,https://sciencedivine.org/tag/power-of-meditation/,WordPress REST API: tags,200,,Yes,https://sciencedivine.org/tag/power-of-meditation/,max-image-preview:large,No,power of meditation,,Tag: power of meditation,tag archive,520,,,,,,,,,,,,,NOT TESTED,SEO migration lead,Published item count: 1
https://sciencedivine.org/tag/power-of-seven-chakras/,https://sciencedivine.org/tag/power-of-seven-chakras/,WordPress REST API: tags,200,,Yes,https://sciencedivine.org/tag/power-of-seven-chakras/,max-image-preview:large,No,power of seven chakras,,Tag: power of seven chakras,tag archive,554,,,,,,,,,,,,,NOT TESTED,SEO migration lead,Published item count: 1
https://sciencedivine.org/tag/power-of-spiritual-energy/,https://sciencedivine.org/tag/power-of-spiritual-energy/,WordPress REST API: tags,200,,Yes,https://sciencedivine.org/tag/power-of-spiritual-energy/,max-image-preview:large,No,Power of Spiritual Energy,,Tag: Power of Spiritual Energy,tag archive,558,,,,,,,,,,,,,NOT TESTED,SEO migration lead,Published item count: 1
https://sciencedivine.org/tag/practice-gratitude/,https://sciencedivine.org/tag/practice-gratitude/,WordPress REST API: tags,200,,Yes,https://sciencedivine.org/tag/practice-gratitude/,max-image-preview:large,No,Practice gratitude,,Tag: Practice gratitude,tag archive,550,,,,,,,,,,,,,NOT TESTED,SEO migration lead,Published item count: 1
https://sciencedivine.org/tag/prana-energy/,https://sciencedivine.org/tag/prana-energy/,WordPress REST API: tags,200,,Yes,https://sciencedivine.org/tag/prana-energy/,max-image-preview:large,No,Prana Energy,,Tag: Prana Energy,tag archive,556,,,,,,,,,,,,,NOT TESTED,SEO migration lead,Published item count: 1
https://sciencedivine.org/tag/pranayam-for-bp/,https://sciencedivine.org/tag/pranayam-for-bp/,WordPress REST API: tags,200,,Yes,https://sciencedivine.org/tag/pranayam-for-bp/,max-image-preview:large,No,pranayam for bp,,Tag: pranayam for bp,tag archive,489,,,,,,,,,,,,,NOT TESTED,SEO migration lead,Published item count: 0
https://sciencedivine.org/tag/pranayam-for-high-blood-pressure/,https://sciencedivine.org/tag/pranayam-for-high-blood-pressure/,WordPress REST API: tags,200,,Yes,https://sciencedivine.org/tag/pranayam-for-high-blood-pressure/,max-image-preview:large,No,pranayam for high blood pressure,,Tag: pranayam for high blood pressure,tag archive,523,,,,,,,,,,,,,NOT TESTED,SEO migration lead,Published item count: 1
https://sciencedivine.org/tag/pranayam-for-high-bp/,https://sciencedivine.org/tag/pranayam-for-high-bp/,WordPress REST API: tags,200,,Yes,https://sciencedivine.org/tag/pranayam-for-high-bp/,max-image-preview:large,No,pranayam for high bp,,Tag: pranayam for high bp,tag archive,522,,,,,,,,,,,,,NOT TESTED,SEO migration lead,Published item count: 1
https://sciencedivine.org/tag/pranayama-for-bp/,https://sciencedivine.org/tag/pranayama-for-bp/,WordPress REST API: tags,200,,Yes,https://sciencedivine.org/tag/pranayama-for-bp/,max-image-preview:large,No,pranayama for bp,,Tag: pranayama for bp,tag archive,489,,,,,,,,,,,,,NOT TESTED,SEO migration lead,Published item count: 0
https://sciencedivine.org/tag/pranayama-for-high-blood-pressure/,https://sciencedivine.org/tag/pranayama-for-high-blood-pressure/,WordPress REST API: tags,200,,Yes,https://sciencedivine.org/tag/pranayama-for-high-blood-pressure/,max-image-preview:large,No,pranayama for high blood pressure,,Tag: pranayama for high blood pressure,tag archive,491,,,,,,,,,,,,,NOT TESTED,SEO migration lead,Published item count: 0
https://sciencedivine.org/tag/pranayama-for-hypertension/,https://sciencedivine.org/tag/pranayama-for-hypertension/,WordPress REST API: tags,200,,Yes,https://sciencedivine.org/tag/pranayama-for-hypertension/,max-image-preview:large,No,pranayama for hypertension,,Tag: pranayama for hypertension,tag archive,522,,,,,,,,,,,,,NOT TESTED,SEO migration lead,Published item count: 1
https://sciencedivine.org/tag/reducing-anxiety/,https://sciencedivine.org/tag/reducing-anxiety/,WordPress REST API: tags,200,,Yes,https://sciencedivine.org/tag/reducing-anxiety/,max-image-preview:large,No,Reducing Anxiety,,Tag: Reducing Anxiety,tag archive,550,,,,,,,,,,,,,NOT TESTED,SEO migration lead,Published item count: 1
https://sciencedivine.org/tag/relationships/,https://sciencedivine.org/tag/relationships/,WordPress REST API: tags,200,,Yes,https://sciencedivine.org/tag/relationships/,max-image-preview:large,No,Relationships,,Tag: Relationships,tag archive,550,,,,,,,,,,,,,NOT TESTED,SEO migration lead,Published item count: 1
https://sciencedivine.org/tag/sahasrara-chakra-benefits/,https://sciencedivine.org/tag/sahasrara-chakra-benefits/,WordPress REST API: tags,200,,Yes,https://sciencedivine.org/tag/sahasrara-chakra-benefits/,max-image-preview:large,No,sahasrara chakra benefits,,Tag: sahasrara chakra benefits,tag archive,554,,,,,,,,,,,,,NOT TESTED,SEO migration lead,Published item count: 1
https://sciencedivine.org/tag/sahasrara-chakra-meditation/,https://sciencedivine.org/tag/sahasrara-chakra-meditation/,WordPress REST API: tags,200,,Yes,https://sciencedivine.org/tag/sahasrara-chakra-meditation/,max-image-preview:large,No,sahasrara chakra meditation,,Tag: sahasrara chakra meditation,tag archive,554,,,,,,,,,,,,,NOT TESTED,SEO migration lead,Published item count: 1
https://sciencedivine.org/tag/sahasrara-chakra-mudra/,https://sciencedivine.org/tag/sahasrara-chakra-mudra/,WordPress REST API: tags,200,,Yes,https://sciencedivine.org/tag/sahasrara-chakra-mudra/,max-image-preview:large,No,sahasrara chakra mudra,,Tag: sahasrara chakra mudra,tag archive,554,,,,,,,,,,,,,NOT TESTED,SEO migration lead,Published item count: 1
https://sciencedivine.org/tag/sahasrara-chakra-powers/,https://sciencedivine.org/tag/sahasrara-chakra-powers/,WordPress REST API: tags,200,,Yes,https://sciencedivine.org/tag/sahasrara-chakra-powers/,max-image-preview:large,No,sahasrara chakra powers,,Tag: sahasrara chakra powers,tag archive,554,,,,,,,,,,,,,NOT TESTED,SEO migration lead,Published item count: 1
https://sciencedivine.org/tag/sahasrara-chakra/,https://sciencedivine.org/tag/sahasrara-chakra/,WordPress REST API: tags,200,,Yes,https://sciencedivine.org/tag/sahasrara-chakra/,max-image-preview:large,No,sahasrara chakra,,Tag: sahasrara chakra,tag archive,553,,,,,,,,,,,,,NOT TESTED,SEO migration lead,Published item count: 1
https://sciencedivine.org/tag/science-and-spirituality/,https://sciencedivine.org/tag/science-and-spirituality/,WordPress REST API: tags,200,,Yes,https://sciencedivine.org/tag/science-and-spirituality/,max-image-preview:large,No,science and spirituality,,Tag: science and spirituality,tag archive,553,,,,,,,,,,,,,NOT TESTED,SEO migration lead,Published item count: 1
https://sciencedivine.org/tag/setting-achievable-goals-is-key/,https://sciencedivine.org/tag/setting-achievable-goals-is-key/,WordPress REST API: tags,200,,Yes,https://sciencedivine.org/tag/setting-achievable-goals-is-key/,max-image-preview:large,No,Setting achievable goals is key,,Tag: Setting achievable goals is key,tag archive,553,,,,,,,,,,,,,NOT TESTED,SEO migration lead,Published item count: 1
https://sciencedivine.org/tag/seven-chakra-healing/,https://sciencedivine.org/tag/seven-chakra-healing/,WordPress REST API: tags,200,,Yes,https://sciencedivine.org/tag/seven-chakra-healing/,max-image-preview:large,No,seven chakra healing,,Tag: seven chakra healing,tag archive,553,,,,,,,,,,,,,NOT TESTED,SEO migration lead,Published item count: 1
https://sciencedivine.org/tag/seven-chakra-meditation/,https://sciencedivine.org/tag/seven-chakra-meditation/,WordPress REST API: tags,200,,Yes,https://sciencedivine.org/tag/seven-chakra-meditation/,max-image-preview:large,No,seven chakra meditation,,Tag: seven chakra meditation,tag archive,553,,,,,,,,,,,,,NOT TESTED,SEO migration lead,Published item count: 1
https://sciencedivine.org/tag/seven-chakras-in-human-body/,https://sciencedivine.org/tag/seven-chakras-in-human-body/,WordPress REST API: tags,200,,Yes,https://sciencedivine.org/tag/seven-chakras-in-human-body/,max-image-preview:large,No,seven chakras in human body,,Tag: seven chakras in human body,tag archive,555,,,,,,,,,,,,,NOT TESTED,SEO migration lead,Published item count: 1
https://sciencedivine.org/tag/seven-chakras/,https://sciencedivine.org/tag/seven-chakras/,WordPress REST API: tags,200,,Yes,https://sciencedivine.org/tag/seven-chakras/,max-image-preview:large,No,seven chakras,,Tag: seven chakras,tag archive,552,,,,,,,,,,,,,NOT TESTED,SEO migration lead,Published item count: 1
https://sciencedivine.org/tag/shift-your-focus/,https://sciencedivine.org/tag/shift-your-focus/,WordPress REST API: tags,200,,Yes,https://sciencedivine.org/tag/shift-your-focus/,max-image-preview:large,No,Shift your focus,,Tag: Shift your focus,tag archive,552,,,,,,,,,,,,,NOT TESTED,SEO migration lead,Published item count: 1
https://sciencedivine.org/tag/spiritual-consciousness/,https://sciencedivine.org/tag/spiritual-consciousness/,WordPress REST API: tags,200,,Yes,https://sciencedivine.org/tag/spiritual-consciousness/,max-image-preview:large,No,spiritual consciousness,,Tag: spiritual consciousness,tag archive,550,,,,,,,,,,,,,NOT TESTED,SEO migration lead,Published item count: 1
https://sciencedivine.org/tag/spiritual-energy/,https://sciencedivine.org/tag/spiritual-energy/,WordPress REST API: tags,200,,Yes,https://sciencedivine.org/tag/spiritual-energy/,max-image-preview:large,No,Spiritual Energy,,Tag: Spiritual Energy,tag archive,556,,,,,,,,,,,,,NOT TESTED,SEO migration lead,Published item count: 1
https://sciencedivine.org/tag/spiritual-healing-benefits/,https://sciencedivine.org/tag/spiritual-healing-benefits/,WordPress REST API: tags,200,,Yes,https://sciencedivine.org/tag/spiritual-healing-benefits/,max-image-preview:large,No,spiritual healing benefits,,Tag: spiritual healing benefits,tag archive,551,,,,,,,,,,,,,NOT TESTED,SEO migration lead,Published item count: 1
https://sciencedivine.org/tag/spiritual-healing/,https://sciencedivine.org/tag/spiritual-healing/,WordPress REST API: tags,200,,Yes,https://sciencedivine.org/tag/spiritual-healing/,max-image-preview:large,No,spiritual healing,,Tag: spiritual healing,tag archive,550,,,,,,,,,,,,,NOT TESTED,SEO migration lead,Published item count: 1
https://sciencedivine.org/tag/spiritual-life/,https://sciencedivine.org/tag/spiritual-life/,WordPress REST API: tags,200,,Yes,https://sciencedivine.org/tag/spiritual-life/,max-image-preview:large,No,spiritual life,,Tag: spiritual life,tag archive,550,,,,,,,,,,,,,NOT TESTED,SEO migration lead,Published item count: 1
https://sciencedivine.org/tag/spiritual-peace-of-mind/,https://sciencedivine.org/tag/spiritual-peace-of-mind/,WordPress REST API: tags,200,,Yes,https://sciencedivine.org/tag/spiritual-peace-of-mind/,max-image-preview:large,No,spiritual peace of mind,,Tag: spiritual peace of mind,tag archive,526,,,,,,,,,,,,,NOT TESTED,SEO migration lead,Published item count: 1
https://sciencedivine.org/tag/spiritual-power/,https://sciencedivine.org/tag/spiritual-power/,WordPress REST API: tags,200,,Yes,https://sciencedivine.org/tag/spiritual-power/,max-image-preview:large,No,spiritual power,,Tag: spiritual power,tag archive,550,,,,,,,,,,,,,NOT TESTED,SEO migration lead,Published item count: 1
https://sciencedivine.org/tag/spiritual/,https://sciencedivine.org/tag/spiritual/,WordPress REST API: tags,200,,Yes,https://sciencedivine.org/tag/spiritual/,max-image-preview:large,No,spiritual,,Tag: spiritual,tag archive,549,,,,,,,,,,,,,NOT TESTED,SEO migration lead,Published item count: 1
https://sciencedivine.org/tag/spirituality-for-beginners/,https://sciencedivine.org/tag/spirituality-for-beginners/,WordPress REST API: tags,200,,Yes,https://sciencedivine.org/tag/spirituality-for-beginners/,max-image-preview:large,No,spirituality for beginners,,Tag: spirituality for beginners,tag archive,553,,,,,,,,,,,,,NOT TESTED,SEO migration lead,Published item count: 1
https://sciencedivine.org/tag/spirituality/,https://sciencedivine.org/tag/spirituality/,WordPress REST API: tags,200,,Yes,https://sciencedivine.org/tag/spirituality/,max-image-preview:large,No,Spirituality,,Tag: Spirituality,tag archive,549,,,,,,,,,,,,,NOT TESTED,SEO migration lead,Published item count: 1
https://sciencedivine.org/tag/stages-of-consciousness/,https://sciencedivine.org/tag/stages-of-consciousness/,WordPress REST API: tags,200,,Yes,https://sciencedivine.org/tag/stages-of-consciousness/,max-image-preview:large,No,stages of consciousness,,Tag: stages of consciousness,tag archive,551,,,,,,,,,,,,,NOT TESTED,SEO migration lead,Published item count: 1
https://sciencedivine.org/tag/stop-negative-thinking/,https://sciencedivine.org/tag/stop-negative-thinking/,WordPress REST API: tags,200,,Yes,https://sciencedivine.org/tag/stop-negative-thinking/,max-image-preview:large,No,Stop Negative Thinking,,Tag: Stop Negative Thinking,tag archive,551,,,,,,,,,,,,,NOT TESTED,SEO migration lead,Published item count: 1
https://sciencedivine.org/tag/strive-for-balance/,https://sciencedivine.org/tag/strive-for-balance/,WordPress REST API: tags,200,,Yes,https://sciencedivine.org/tag/strive-for-balance/,max-image-preview:large,No,Strive for balance,,Tag: Strive for balance,tag archive,552,,,,,,,,,,,,,NOT TESTED,SEO migration lead,Published item count: 1
https://sciencedivine.org/tag/success/,https://sciencedivine.org/tag/success/,WordPress REST API: tags,200,,Yes,https://sciencedivine.org/tag/success/,max-image-preview:large,No,Success,,Tag: Success,tag archive,550,,,,,,,,,,,,,NOT TESTED,SEO migration lead,Published item count: 1
https://sciencedivine.org/tag/svadhisthana-chakra-activation/,https://sciencedivine.org/tag/svadhisthana-chakra-activation/,WordPress REST API: tags,200,,Yes,https://sciencedivine.org/tag/svadhisthana-chakra-activation/,max-image-preview:large,No,svadhisthana chakra activation,,Tag: svadhisthana chakra activation,tag archive,552,,,,,,,,,,,,,NOT TESTED,SEO migration lead,Published item count: 1
https://sciencedivine.org/tag/svadhisthana-chakra-asanas/,https://sciencedivine.org/tag/svadhisthana-chakra-asanas/,WordPress REST API: tags,200,,Yes,https://sciencedivine.org/tag/svadhisthana-chakra-asanas/,max-image-preview:large,No,svadhisthana chakra asanas,,Tag: svadhisthana chakra asanas,tag archive,552,,,,,,,,,,,,,NOT TESTED,SEO migration lead,Published item count: 1
https://sciencedivine.org/tag/svadhisthana-chakra-benefits/,https://sciencedivine.org/tag/svadhisthana-chakra-benefits/,WordPress REST API: tags,200,,Yes,https://sciencedivine.org/tag/svadhisthana-chakra-benefits/,max-image-preview:large,No,svadhisthana chakra benefits,,Tag: svadhisthana chakra benefits,tag archive,552,,,,,,,,,,,,,NOT TESTED,SEO migration lead,Published item count: 1
https://sciencedivine.org/tag/svadhisthana-chakra-healing/,https://sciencedivine.org/tag/svadhisthana-chakra-healing/,WordPress REST API: tags,200,,Yes,https://sciencedivine.org/tag/svadhisthana-chakra-healing/,max-image-preview:large,No,svadhisthana chakra healing,,Tag: svadhisthana chakra healing,tag archive,552,,,,,,,,,,,,,NOT TESTED,SEO migration lead,Published item count: 1
https://sciencedivine.org/tag/svadhisthana-chakra-location/,https://sciencedivine.org/tag/svadhisthana-chakra-location/,WordPress REST API: tags,200,,Yes,https://sciencedivine.org/tag/svadhisthana-chakra-location/,max-image-preview:large,No,svadhisthana chakra location,,Tag: svadhisthana chakra location,tag archive,552,,,,,,,,,,,,,NOT TESTED,SEO migration lead,Published item count: 1
https://sciencedivine.org/tag/svadhisthana-chakra-yoga-poses/,https://sciencedivine.org/tag/svadhisthana-chakra-yoga-poses/,WordPress REST API: tags,200,,Yes,https://sciencedivine.org/tag/svadhisthana-chakra-yoga-poses/,max-image-preview:large,No,svadhisthana chakra yoga poses,,Tag: svadhisthana chakra yoga poses,tag archive,553,,,,,,,,,,,,,NOT TESTED,SEO migration lead,Published item count: 1
https://sciencedivine.org/tag/svadhisthana-chakra/,https://sciencedivine.org/tag/svadhisthana-chakra/,WordPress REST API: tags,200,,Yes,https://sciencedivine.org/tag/svadhisthana-chakra/,max-image-preview:large,No,svadhisthana chakra,,Tag: svadhisthana chakra,tag archive,551,,,,,,,,,,,,,NOT TESTED,SEO migration lead,Published item count: 1
https://sciencedivine.org/tag/taking-care-of-your-physical-health-matters/,https://sciencedivine.org/tag/taking-care-of-your-physical-health-matters/,WordPress REST API: tags,200,,Yes,https://sciencedivine.org/tag/taking-care-of-your-physical-health-matters/,max-image-preview:large,No,Taking care of your physical health matters,,Tag: Taking care of your physical health matters,tag archive,555,,,,,,,,,,,,,NOT TESTED,SEO migration lead,Published item count: 1
https://sciencedivine.org/tag/the-power-of-positive-thinking/,https://sciencedivine.org/tag/the-power-of-positive-thinking/,WordPress REST API: tags,200,,Yes,https://sciencedivine.org/tag/the-power-of-positive-thinking/,max-image-preview:large,No,the power of positive thinking,,Tag: the power of positive thinking,tag archive,524,,,,,,,,,,,,,NOT TESTED,SEO migration lead,Published item count: 1
https://sciencedivine.org/tag/types-of-conscious-mind/,https://sciencedivine.org/tag/types-of-conscious-mind/,WordPress REST API: tags,200,,Yes,https://sciencedivine.org/tag/types-of-conscious-mind/,max-image-preview:large,No,types of conscious mind,,Tag: types of conscious mind,tag archive,554,,,,,,,,,,,,,NOT TESTED,SEO migration lead,Published item count: 1
https://sciencedivine.org/tag/types-of-consciousness/,https://sciencedivine.org/tag/types-of-consciousness/,WordPress REST API: tags,200,,Yes,https://sciencedivine.org/tag/types-of-consciousness/,max-image-preview:large,No,types of consciousness,,Tag: types of consciousness,tag archive,551,,,,,,,,,,,,,NOT TESTED,SEO migration lead,Published item count: 1
https://sciencedivine.org/tag/types-of-meditation/,https://sciencedivine.org/tag/types-of-meditation/,WordPress REST API: tags,200,,Yes,https://sciencedivine.org/tag/types-of-meditation/,max-image-preview:large,No,types of meditation,,Tag: types of meditation,tag archive,520,,,,,,,,,,,,,NOT TESTED,SEO migration lead,Published item count: 1
https://sciencedivine.org/tag/types-of-mental-health/,https://sciencedivine.org/tag/types-of-mental-health/,WordPress REST API: tags,200,,Yes,https://sciencedivine.org/tag/types-of-mental-health/,max-image-preview:large,No,types of mental health,,Tag: types of mental health,tag archive,529,,,,,,,,,,,,,NOT TESTED,SEO migration lead,Published item count: 1
https://sciencedivine.org/tag/understand-your-thoughts/,https://sciencedivine.org/tag/understand-your-thoughts/,WordPress REST API: tags,200,,Yes,https://sciencedivine.org/tag/understand-your-thoughts/,max-image-preview:large,No,Understand your thoughts,,Tag: Understand your thoughts,tag archive,551,,,,,,,,,,,,,NOT TESTED,SEO migration lead,Published item count: 1
https://sciencedivine.org/tag/understanding-feminine-energy/,https://sciencedivine.org/tag/understanding-feminine-energy/,WordPress REST API: tags,200,,Yes,https://sciencedivine.org/tag/understanding-feminine-energy/,max-image-preview:large,No,Understanding Feminine Energy,,Tag: Understanding Feminine Energy,tag archive,554,,,,,,,,,,,,,NOT TESTED,SEO migration lead,Published item count: 1
https://sciencedivine.org/tag/vishuddha-chakra-activation/,https://sciencedivine.org/tag/vishuddha-chakra-activation/,WordPress REST API: tags,200,,Yes,https://sciencedivine.org/tag/vishuddha-chakra-activation/,max-image-preview:large,No,vishuddha chakra activation,,Tag: vishuddha chakra activation,tag archive,554,,,,,,,,,,,,,NOT TESTED,SEO migration lead,Published item count: 1
https://sciencedivine.org/tag/vishuddha-chakra-benefits/,https://sciencedivine.org/tag/vishuddha-chakra-benefits/,WordPress REST API: tags,200,,Yes,https://sciencedivine.org/tag/vishuddha-chakra-benefits/,max-image-preview:large,No,vishuddha chakra benefits,,Tag: vishuddha chakra benefits,tag archive,554,,,,,,,,,,,,,NOT TESTED,SEO migration lead,Published item count: 1
https://sciencedivine.org/tag/vishuddha-chakra-location/,https://sciencedivine.org/tag/vishuddha-chakra-location/,WordPress REST API: tags,200,,Yes,https://sciencedivine.org/tag/vishuddha-chakra-location/,max-image-preview:large,No,vishuddha chakra location,,Tag: vishuddha chakra location,tag archive,554,,,,,,,,,,,,,NOT TESTED,SEO migration lead,Published item count: 1
https://sciencedivine.org/tag/vishuddha-chakra-powers/,https://sciencedivine.org/tag/vishuddha-chakra-powers/,WordPress REST API: tags,200,,Yes,https://sciencedivine.org/tag/vishuddha-chakra-powers/,max-image-preview:large,No,vishuddha chakra powers,,Tag: vishuddha chakra powers,tag archive,554,,,,,,,,,,,,,NOT TESTED,SEO migration lead,Published item count: 1
https://sciencedivine.org/tag/vishuddha-chakra/,https://sciencedivine.org/tag/vishuddha-chakra/,WordPress REST API: tags,200,,Yes,https://sciencedivine.org/tag/vishuddha-chakra/,max-image-preview:large,No,vishuddha chakra,,Tag: vishuddha chakra,tag archive,553,,,,,,,,,,,,,NOT TESTED,SEO migration lead,Published item count: 1
https://sciencedivine.org/tag/visualize-success-daily/,https://sciencedivine.org/tag/visualize-success-daily/,WordPress REST API: tags,200,,Yes,https://sciencedivine.org/tag/visualize-success-daily/,max-image-preview:large,No,Visualize success daily,,Tag: Visualize success daily,tag archive,552,,,,,,,,,,,,,NOT TESTED,SEO migration lead,Published item count: 1
https://sciencedivine.org/tag/wellness/,https://sciencedivine.org/tag/wellness/,WordPress REST API: tags,200,,Yes,https://sciencedivine.org/tag/wellness/,max-image-preview:large,No,wellness,,Tag: wellness,tag archive,549,,,,,,,,,,,,,NOT TESTED,SEO migration lead,Published item count: 1
https://sciencedivine.org/tag/what-are-7-chakras-in-human-body/,https://sciencedivine.org/tag/what-are-7-chakras-in-human-body/,WordPress REST API: tags,200,,Yes,https://sciencedivine.org/tag/what-are-7-chakras-in-human-body/,max-image-preview:large,No,what are 7 chakras in human body,,Tag: what are 7 chakras in human body,tag archive,560,,,,,,,,,,,,,NOT TESTED,SEO migration lead,Published item count: 1
https://sciencedivine.org/tag/what-are-chakras-in-human-body/,https://sciencedivine.org/tag/what-are-chakras-in-human-body/,WordPress REST API: tags,200,,Yes,https://sciencedivine.org/tag/what-are-chakras-in-human-body/,max-image-preview:large,No,what are chakras in human body,,Tag: what are chakras in human body,tag archive,557,,,,,,,,,,,,,NOT TESTED,SEO migration lead,Published item count: 1
https://sciencedivine.org/tag/what-are-the-7-chakras-in-our-body/,https://sciencedivine.org/tag/what-are-the-7-chakras-in-our-body/,WordPress REST API: tags,200,,Yes,https://sciencedivine.org/tag/what-are-the-7-chakras-in-our-body/,max-image-preview:large,No,what are the 7 chakras in our body,,Tag: what are the 7 chakras in our body,tag archive,561,,,,,,,,,,,,,NOT TESTED,SEO migration lead,Published item count: 1
https://sciencedivine.org/tag/what-do-you-mean-by-manifestation/,https://sciencedivine.org/tag/what-do-you-mean-by-manifestation/,WordPress REST API: tags,200,,Yes,https://sciencedivine.org/tag/what-do-you-mean-by-manifestation/,max-image-preview:large,No,what do you mean by manifestation,,Tag: what do you mean by manifestation,tag archive,526,,,,,,,,,,,,,NOT TESTED,SEO migration lead,Published item count: 1
https://sciencedivine.org/tag/what-is-ajna-chakra/,https://sciencedivine.org/tag/what-is-ajna-chakra/,WordPress REST API: tags,200,,Yes,https://sciencedivine.org/tag/what-is-ajna-chakra/,max-image-preview:large,No,what is ajna chakra,,Tag: what is ajna chakra,tag archive,555,,,,,,,,,,,,,NOT TESTED,SEO migration lead,Published item count: 1
https://sciencedivine.org/tag/what-is-anahata-chakra/,https://sciencedivine.org/tag/what-is-anahata-chakra/,WordPress REST API: tags,200,,Yes,https://sciencedivine.org/tag/what-is-anahata-chakra/,max-image-preview:large,No,what is anahata chakra,,Tag: what is anahata chakra,tag archive,555,,,,,,,,,,,,,NOT TESTED,SEO migration lead,Published item count: 1
https://sciencedivine.org/tag/what-is-brahma-muhurta/,https://sciencedivine.org/tag/what-is-brahma-muhurta/,WordPress REST API: tags,200,,Yes,https://sciencedivine.org/tag/what-is-brahma-muhurta/,max-image-preview:large,No,what is brahma muhurta,,Tag: what is brahma muhurta,tag archive,553,,,,,,,,,,,,,NOT TESTED,SEO migration lead,Published item count: 1
https://sciencedivine.org/tag/what-is-conscious-mind-and-subconscious-mind/,https://sciencedivine.org/tag/what-is-conscious-mind-and-subconscious-mind/,WordPress REST API: tags,200,,Yes,https://sciencedivine.org/tag/what-is-conscious-mind-and-subconscious-mind/,max-image-preview:large,No,what is conscious mind and subconscious mind,,Tag: what is conscious mind and subconscious mind,tag archive,557,,,,,,,,,,,,,NOT TESTED,SEO migration lead,Published item count: 1
https://sciencedivine.org/tag/what-is-conscious-mind/,https://sciencedivine.org/tag/what-is-conscious-mind/,WordPress REST API: tags,200,,Yes,https://sciencedivine.org/tag/what-is-conscious-mind/,max-image-preview:large,No,what is conscious mind,,Tag: what is conscious mind,tag archive,554,,,,,,,,,,,,,NOT TESTED,SEO migration lead,Published item count: 1
https://sciencedivine.org/tag/what-is-consciousness/,https://sciencedivine.org/tag/what-is-consciousness/,WordPress REST API: tags,200,,Yes,https://sciencedivine.org/tag/what-is-consciousness/,max-image-preview:large,No,what is consciousness,,Tag: what is consciousness,tag archive,551,,,,,,,,,,,,,NOT TESTED,SEO migration lead,Published item count: 1
https://sciencedivine.org/tag/what-is-gomti-chakra/,https://sciencedivine.org/tag/what-is-gomti-chakra/,WordPress REST API: tags,200,,Yes,https://sciencedivine.org/tag/what-is-gomti-chakra/,max-image-preview:large,No,what is gomti chakra,,Tag: what is gomti chakra,tag archive,557,,,,,,,,,,,,,NOT TESTED,SEO migration lead,Published item count: 1
https://sciencedivine.org/tag/what-is-manifestation/,https://sciencedivine.org/tag/what-is-manifestation/,WordPress REST API: tags,200,,Yes,https://sciencedivine.org/tag/what-is-manifestation/,max-image-preview:large,No,what is manifestation,,Tag: what is manifestation,tag archive,523,,,,,,,,,,,,,NOT TESTED,SEO migration lead,Published item count: 1
https://sciencedivine.org/tag/what-is-manipura-chakra/,https://sciencedivine.org/tag/what-is-manipura-chakra/,WordPress REST API: tags,200,,Yes,https://sciencedivine.org/tag/what-is-manipura-chakra/,max-image-preview:large,No,what is manipura chakra,,Tag: what is manipura chakra,tag archive,554,,,,,,,,,,,,,NOT TESTED,SEO migration lead,Published item count: 1
https://sciencedivine.org/tag/what-is-mental-health/,https://sciencedivine.org/tag/what-is-mental-health/,WordPress REST API: tags,200,,Yes,https://sciencedivine.org/tag/what-is-mental-health/,max-image-preview:large,No,what is mental health,,Tag: what is mental health,tag archive,529,,,,,,,,,,,,,NOT TESTED,SEO migration lead,Published item count: 1
https://sciencedivine.org/tag/what-is-muladhara-chakra/,https://sciencedivine.org/tag/what-is-muladhara-chakra/,WordPress REST API: tags,200,,Yes,https://sciencedivine.org/tag/what-is-muladhara-chakra/,max-image-preview:large,No,what is muladhara chakra,,Tag: what is muladhara chakra,tag archive,555,,,,,,,,,,,,,NOT TESTED,SEO migration lead,Published item count: 1
https://sciencedivine.org/tag/what-is-peace-of-mind/,https://sciencedivine.org/tag/what-is-peace-of-mind/,WordPress REST API: tags,200,,Yes,https://sciencedivine.org/tag/what-is-peace-of-mind/,max-image-preview:large,No,what is peace of mind,,Tag: what is peace of mind,tag archive,589,,,,,,,,,,,,,NOT TESTED,SEO migration lead,Published item count: 2
https://sciencedivine.org/tag/what-is-positive-thinking/,https://sciencedivine.org/tag/what-is-positive-thinking/,WordPress REST API: tags,200,,Yes,https://sciencedivine.org/tag/what-is-positive-thinking/,max-image-preview:large,No,what is positive thinking,,Tag: what is positive thinking,tag archive,587,,,,,,,,,,,,,NOT TESTED,SEO migration lead,Published item count: 2
https://sciencedivine.org/tag/what-is-prana-energy/,https://sciencedivine.org/tag/what-is-prana-energy/,WordPress REST API: tags,200,,Yes,https://sciencedivine.org/tag/what-is-prana-energy/,max-image-preview:large,No,What is Prana Energy,,Tag: What is Prana Energy,tag archive,558,,,,,,,,,,,,,NOT TESTED,SEO migration lead,Published item count: 1
https://sciencedivine.org/tag/what-is-sahasrara-chakra/,https://sciencedivine.org/tag/what-is-sahasrara-chakra/,WordPress REST API: tags,200,,Yes,https://sciencedivine.org/tag/what-is-sahasrara-chakra/,max-image-preview:large,No,what is sahasrara chakra,,Tag: what is sahasrara chakra,tag archive,555,,,,,,,,,,,,,NOT TESTED,SEO migration lead,Published item count: 1
https://sciencedivine.org/tag/what-is-self-conscious/,https://sciencedivine.org/tag/what-is-self-conscious/,WordPress REST API: tags,200,,Yes,https://sciencedivine.org/tag/what-is-self-conscious/,max-image-preview:large,No,what is self-conscious,,Tag: what is self-conscious,tag archive,555,,,,,,,,,,,,,NOT TESTED,SEO migration lead,Published item count: 1
https://sciencedivine.org/tag/what-is-spiritual-healing/,https://sciencedivine.org/tag/what-is-spiritual-healing/,WordPress REST API: tags,200,,Yes,https://sciencedivine.org/tag/what-is-spiritual-healing/,max-image-preview:large,No,what is spiritual healing,,Tag: what is spiritual healing,tag archive,552,,,,,,,,,,,,,NOT TESTED,SEO migration lead,Published item count: 1
https://sciencedivine.org/tag/what-is-spiritual/,https://sciencedivine.org/tag/what-is-spiritual/,WordPress REST API: tags,200,,Yes,https://sciencedivine.org/tag/what-is-spiritual/,max-image-preview:large,No,what is spiritual,,Tag: what is spiritual,tag archive,551,,,,,,,,,,,,,NOT TESTED,SEO migration lead,Published item count: 1
https://sciencedivine.org/tag/what-is-spirituality/,https://sciencedivine.org/tag/what-is-spirituality/,WordPress REST API: tags,200,,Yes,https://sciencedivine.org/tag/what-is-spirituality/,max-image-preview:large,No,what is spirituality,,Tag: what is spirituality,tag archive,553,,,,,,,,,,,,,NOT TESTED,SEO migration lead,Published item count: 1
https://sciencedivine.org/tag/what-is-vishuddha-chakra/,https://sciencedivine.org/tag/what-is-vishuddha-chakra/,WordPress REST API: tags,200,,Yes,https://sciencedivine.org/tag/what-is-vishuddha-chakra/,max-image-preview:large,No,what is vishuddha chakra,,Tag: what is vishuddha chakra,tag archive,555,,,,,,,,,,,,,NOT TESTED,SEO migration lead,Published item count: 1
https://sciencedivine.org/tag/where-is-ajna-chakra-location/,https://sciencedivine.org/tag/where-is-ajna-chakra-location/,WordPress REST API: tags,200,,Yes,https://sciencedivine.org/tag/where-is-ajna-chakra-location/,max-image-preview:large,No,where is ajna chakra location,,Tag: where is ajna chakra location,tag archive,556,,,,,,,,,,,,,NOT TESTED,SEO migration lead,Published item count: 1
https://sciencedivine.org/tag/where-is-anahata-chakra-location/,https://sciencedivine.org/tag/where-is-anahata-chakra-location/,WordPress REST API: tags,200,,Yes,https://sciencedivine.org/tag/where-is-anahata-chakra-location/,max-image-preview:large,No,where is anahata chakra location,,Tag: where is anahata chakra location,tag archive,556,,,,,,,,,,,,,NOT TESTED,SEO migration lead,Published item count: 1
https://sciencedivine.org/tag/where-is-manipura-chakra-location/,https://sciencedivine.org/tag/where-is-manipura-chakra-location/,WordPress REST API: tags,200,,Yes,https://sciencedivine.org/tag/where-is-manipura-chakra-location/,max-image-preview:large,No,where is manipura chakra location,,Tag: where is manipura chakra location,tag archive,555,,,,,,,,,,,,,NOT TESTED,SEO migration lead,Published item count: 1
https://sciencedivine.org/tag/where-is-sahasrara-chakra-location/,https://sciencedivine.org/tag/where-is-sahasrara-chakra-location/,WordPress REST API: tags,200,,Yes,https://sciencedivine.org/tag/where-is-sahasrara-chakra-location/,max-image-preview:large,No,where is sahasrara chakra location,,Tag: where is sahasrara chakra location,tag archive,556,,,,,,,,,,,,,NOT TESTED,SEO migration lead,Published item count: 1
https://sciencedivine.org/tag/why-is-my-manifestation-not-working/,https://sciencedivine.org/tag/why-is-my-manifestation-not-working/,WordPress REST API: tags,200,,Yes,https://sciencedivine.org/tag/why-is-my-manifestation-not-working/,max-image-preview:large,No,why is my manifestation not working,,Tag: why is my manifestation not working,tag archive,526,,,,,,,,,,,,,NOT TESTED,SEO migration lead,Published item count: 1
https://sciencedivine.org/tag/yoga-asanas-for-high-bp/,https://sciencedivine.org/tag/yoga-asanas-for-high-bp/,WordPress REST API: tags,200,,Yes,https://sciencedivine.org/tag/yoga-asanas-for-high-bp/,max-image-preview:large,No,yoga asanas for high bp,,Tag: yoga asanas for high bp,tag archive,525,,,,,,,,,,,,,NOT TESTED,SEO migration lead,Published item count: 1
https://sciencedivine.org/tag/yoga-asanas-for-hypertension/,https://sciencedivine.org/tag/yoga-asanas-for-hypertension/,WordPress REST API: tags,200,,Yes,https://sciencedivine.org/tag/yoga-asanas-for-hypertension/,max-image-preview:large,No,yoga asanas for hypertension,,Tag: yoga asanas for hypertension,tag archive,490,,,,,,,,,,,,,NOT TESTED,SEO migration lead,Published item count: 0
https://sciencedivine.org/tag/yoga-for-high-blood-pressure/,https://sciencedivine.org/tag/yoga-for-high-blood-pressure/,WordPress REST API: tags,200,,Yes,https://sciencedivine.org/tag/yoga-for-high-blood-pressure/,max-image-preview:large,No,yoga for high blood pressure,,Tag: yoga for high blood pressure,tag archive,562,,,,,,,,,,,,,NOT TESTED,SEO migration lead,Published item count: 2
https://sciencedivine.org/tag/yoga-for-high-bp-control/,https://sciencedivine.org/tag/yoga-for-high-bp-control/,WordPress REST API: tags,200,,Yes,https://sciencedivine.org/tag/yoga-for-high-bp-control/,max-image-preview:large,No,yoga for high bp control,,Tag: yoga for high bp control,tag archive,562,,,,,,,,,,,,,NOT TESTED,SEO migration lead,Published item count: 2
https://sciencedivine.org/tag/yoga-for-high-bp/,https://sciencedivine.org/tag/yoga-for-high-bp/,WordPress REST API: tags,200,,Yes,https://sciencedivine.org/tag/yoga-for-high-bp/,max-image-preview:large,No,yoga for high bp,,Tag: yoga for high bp,tag archive,561,,,,,,,,,,,,,NOT TESTED,SEO migration lead,Published item count: 2
https://sciencedivine.org/tag/yoga-for-hypertension/,https://sciencedivine.org/tag/yoga-for-hypertension/,WordPress REST API: tags,200,,Yes,https://sciencedivine.org/tag/yoga-for-hypertension/,max-image-preview:large,No,yoga for hypertension,,Tag: yoga for hypertension,tag archive,556,,,,,,,,,,,,,NOT TESTED,SEO migration lead,Published item count: 2
https://sciencedivine.org/tag/yoga-for-mental-health/,https://sciencedivine.org/tag/yoga-for-mental-health/,WordPress REST API: tags,200,,Yes,https://sciencedivine.org/tag/yoga-for-mental-health/,max-image-preview:large,No,yoga for mental health,,Tag: yoga for mental health,tag archive,529,,,,,,,,,,,,,NOT TESTED,SEO migration lead,Published item count: 1
https://sciencedivine.org/tag/yoga-for-peace-of-mind/,https://sciencedivine.org/tag/yoga-for-peace-of-mind/,WordPress REST API: tags,200,,Yes,https://sciencedivine.org/tag/yoga-for-peace-of-mind/,max-image-preview:large,No,yoga for peace of mind,,Tag: yoga for peace of mind,tag archive,553,,,,,,,,,,,,,NOT TESTED,SEO migration lead,Published item count: 1
https://sciencedivine.org/tag/yoga-poses-for-high-bp/,https://sciencedivine.org/tag/yoga-poses-for-high-bp/,WordPress REST API: tags,200,,Yes,https://sciencedivine.org/tag/yoga-poses-for-high-bp/,max-image-preview:large,No,yoga poses for high bp,,Tag: yoga poses for high bp,tag archive,562,,,,,,,,,,,,,NOT TESTED,SEO migration lead,Published item count: 2
https://sciencedivine.org/tag/yoga-poses-for-hypertension/,https://sciencedivine.org/tag/yoga-poses-for-hypertension/,WordPress REST API: tags,200,,Yes,https://sciencedivine.org/tag/yoga-poses-for-hypertension/,max-image-preview:large,No,yoga poses for hypertension,,Tag: yoga poses for hypertension,tag archive,523,,,,,,,,,,,,,NOT TESTED,SEO migration lead,Published item count: 1
https://sciencedivine.org/tag/yoga-poses-for-peace-of-mind/,https://sciencedivine.org/tag/yoga-poses-for-peace-of-mind/,WordPress REST API: tags,200,,Yes,https://sciencedivine.org/tag/yoga-poses-for-peace-of-mind/,max-image-preview:large,No,yoga poses for peace of mind,,Tag: yoga poses for peace of mind,tag archive,554,,,,,,,,,,,,,NOT TESTED,SEO migration lead,Published item count: 1
https://sciencedivine.org/tag/yoga-to-reduce-hypertension/,https://sciencedivine.org/tag/yoga-to-reduce-hypertension/,WordPress REST API: tags,200,,Yes,https://sciencedivine.org/tag/yoga-to-reduce-hypertension/,max-image-preview:large,No,yoga to reduce hypertension,,Tag: yoga to reduce hypertension,tag archive,523,,,,,,,,,,,,,NOT TESTED,SEO migration lead,Published item count: 1
https://sciencedivine.org/tag/yoga/,https://sciencedivine.org/tag/yoga/,WordPress REST API: tags,200,,Yes,https://sciencedivine.org/tag/yoga/,max-image-preview:large,No,Yoga,,Tag: Yoga,tag archive,914,,,,,,,,,,,,,NOT TESTED,SEO migration lead,Published item count: 34
https://sciencedivine.org/terms-and-conditions/,https://sciencedivine.org/terms-and-conditions/,WordPress REST API: pages | XML sitemap: https://sciencedivine.org/page-sitemap.xml,200,,Yes,https://sciencedivine.org/terms-and-conditions/,"index, follow, max-snippet:-1, max-image-preview:large, max-video-preview:-1",Yes,Terms &#038; Conditions,"Terms and Conditions for Science Divine Foundation Last Updated: 03/03/2024 Welcome to the Science Divine Foundation. These Terms and Conditions (&quot;Terms&quot;, &quot;Terms and Conditions&quot;) govern your relationship with the Science Divine Foundation website and any related services (collectively, the &quot;Service&quot;) operated by Science Divine Foundation (&quot;us&quot;, &quot;we&quot;, or &quot;our&quot;). Please read these Terms and Conditions",Terms and Conditions for Science Divine Foundation,page,484,,,,,,,,,,,,,NOT TESTED,SEO migration lead,WP modified: 2025-03-03T11:03:43
https://sciencedivine.org/testing-form-page/,https://sciencedivine.org/testing-form-page/,WordPress REST API: pages | XML sitemap: https://sciencedivine.org/page-sitemap.xml,200,,Yes,https://sciencedivine.org/testing-form-page/,"index, follow, max-snippet:-1, max-image-preview:large, max-video-preview:-1",Yes,Testing Form Page,,,page,3,,,,,,,,,,,,,NOT TESTED,SEO migration lead,WP modified: 2025-12-04T19:59:39
https://sciencedivine.org/thankyou-page/,https://sciencedivine.org/thankyou-page/,WordPress REST API: pages | XML sitemap: https://sciencedivine.org/page-sitemap.xml,200,,Yes,https://sciencedivine.org/thankyou-page/,"index, follow, max-snippet:-1, max-image-preview:large, max-video-preview:-1",Yes,Thankyou page,"Thank you for booking a session with Sakshi Shree. Our team will contact you soon, to set up your session. You can contact on +919315944774",Thank you for booking a session with Sakshi Shree.,page,25,,,,,,,,,,,,,NOT TESTED,SEO migration lead,WP modified: 2025-01-18T18:40:40
https://sciencedivine.org/the-art-of-observation/,https://sciencedivine.org/the-art-of-observation/,WordPress REST API: posts | XML sitemap: https://sciencedivine.org/post-sitemap.xml,200,,Yes,https://sciencedivine.org/the-art-of-observation/,"index, follow, max-snippet:-1, max-image-preview:large, max-video-preview:-1",Yes,The Art of Observation,Ever wondered how to see the world like Sherlock Holmes? Be the observer of your own life and unlock its hidden power,The Art of Observation,post,1223,,,,,,,,,,,,,NOT TESTED,SEO migration lead,WP modified: 2024-08-13T16:00:11
https://sciencedivine.org/the-science-of-breathing/,https://sciencedivine.org/the-science-of-breathing/,WordPress REST API: posts | XML sitemap: https://sciencedivine.org/post-sitemap.xml,200,,Yes,https://sciencedivine.org/the-science-of-breathing/,"index, follow, max-snippet:-1, max-image-preview:large, max-video-preview:-1",Yes,Spiritual Enlightenment: The Science of Breathing,Breathe the right way to guide yourself to spiritual enlightenment. Connect with your inner self and boost your overall well-being - start today!,Spiritual Enlightenment: The Science of Breathing,post,1180,,,,,,,,,,,,,NOT TESTED,SEO migration lead,WP modified: 2025-02-20T18:35:55
https://sciencedivine.org/the-science-of-joyful-living-landing-page/,https://sciencedivine.org/the-science-of-joyful-living-landing-page/,WordPress REST API: pages | XML sitemap: https://sciencedivine.org/page-sitemap.xml | commercial URL list,200,,Yes,https://sciencedivine.org/the-science-of-joyful-living-landing-page/,"index, follow, max-snippet:-1, max-image-preview:large, max-video-preview:-1",Yes,The Science of Joyful Living Landing Page,"Bangalore || Sep’15 2023 The Science of Joyful Living Effectively manage and regulate your emotionsDevelop a positive mindset and nurture your mental well-being.Uncover the secrets to true and lasting happiness. Register Now “A 7-session Yoga course that helps you to transform into a joyful, relaxed and energetic human being.” “A 7-session Yoga course that helps",The Science of Joyful Living,page,617,,,,,,VERIFY IN GOOGLE ADS/META,,,,,,P1,NOT TESTED,SEO migration lead,WP modified: 2024-04-13T09:29:43
https://sciencedivine.org/the-science-of-joyful-living/,https://sciencedivine.org/the-science-of-joyful-living/,WordPress REST API: pages | XML sitemap: https://sciencedivine.org/page-sitemap.xml,200,,Yes,https://sciencedivine.org/the-science-of-joyful-living/,"index, follow, max-snippet:-1, max-image-preview:large, max-video-preview:-1",Yes,The Science of Joyful Living,"Do you want to learn how to achieve more happiness in your life? If so, you&#039;re in luck! The science of joyful living course by Sakshi Shree offers a comprehensive and practical guide that will help you regulate your emotions, reduce stress, and find peace and contentment. This course is perfect for anyone who wants",,page,371,,,,,,,,,,,,,NOT TESTED,SEO migration lead,WP modified: 2023-09-11T12:09:52
https://sciencedivine.org/unlock-a-productive-day/,https://sciencedivine.org/unlock-a-productive-day/,WordPress REST API: posts | XML sitemap: https://sciencedivine.org/post-sitemap.xml,200,,Yes,https://sciencedivine.org/unlock-a-productive-day/,"index, follow, max-snippet:-1, max-image-preview:large, max-video-preview:-1",Yes,Unlock a Productive Day with Effective Morning Meditation Rituals,Start your day on the right foot! Discover how morning meditation rituals can enhance your productivity and focus. Dive into our comprehensive guide for transforming your mornings!,,post,280,,,,,,,,,,,,,NOT TESTED,SEO migration lead,WP modified: 2024-03-28T06:18:29
https://sciencedivine.org/unlock-restful-nights/,https://sciencedivine.org/unlock-restful-nights/,WordPress REST API: posts | XML sitemap: https://sciencedivine.org/post-sitemap.xml,200,,Yes,https://sciencedivine.org/unlock-restful-nights/,"index, follow, max-snippet:-1, max-image-preview:large, max-video-preview:-1",Yes,Unlock Restful Nights: The Ultimate Guide to Meditation for Better Sleep,"Discover the transformative power of meditation to improve your sleep. Our comprehensive guide offers practical tips, techniques, and insights to help you find inner calm before bedtime, ensuring a restful night. Dive into the world of serene slumber now!",,post,347,,,,,,,,,,,,,NOT TESTED,SEO migration lead,WP modified: 2024-04-03T12:11:18
https://sciencedivine.org/unlock-the-power-of-guided-meditation/,https://sciencedivine.org/unlock-the-power-of-guided-meditation/,WordPress REST API: posts | XML sitemap: https://sciencedivine.org/post-sitemap.xml,200,,Yes,https://sciencedivine.org/unlock-the-power-of-guided-meditation/,"index, follow, max-snippet:-1, max-image-preview:large, max-video-preview:-1",Yes,Unlock the Power of Guided Meditation: Embrace Your Personal Journey Within,"Discover the transformative effects of guided meditation and embark on a personal journey within. Unlock peace, clarity, and self-discovery with our comprehensive guide.",,post,239,,,,,,,,,,,,,NOT TESTED,SEO migration lead,WP modified: 2024-04-03T11:28:13
https://sciencedivine.org/unlock-the-power-of-your-mind/,https://sciencedivine.org/unlock-the-power-of-your-mind/,WordPress REST API: posts | XML sitemap: https://sciencedivine.org/post-sitemap.xml,200,,Yes,https://sciencedivine.org/unlock-the-power-of-your-mind/,"index, follow, max-snippet:-1, max-image-preview:large, max-video-preview:-1",Yes,Unlock the Power of Your Mind: A Journey Through Transcendental Meditation,"Embark on a transformative journey with Transcendental Meditation. Discover how this technique elevates consciousness, fosters inner peace, and unlocks the latent power of your mind. Explore the science, benefits, and methods in our comprehensive guide.",,post,319,,,,,,,,,,,,,NOT TESTED,SEO migration lead,WP modified: 2024-04-03T11:30:57
https://sciencedivine.org/unlock-your-inner-harmony/,https://sciencedivine.org/unlock-your-inner-harmony/,WordPress REST API: posts | XML sitemap: https://sciencedivine.org/post-sitemap.xml,200,,Yes,https://sciencedivine.org/unlock-your-inner-harmony/,"index, follow, max-snippet:-1, max-image-preview:large, max-video-preview:-1",Yes,Unlock Your Inner Harmony: Mastering Healing Meditation for Self-Reconnection,"Dive into the essence of healing meditation and learn how to reconnect with your inner self. Discover techniques, benefits, and personal insights to embark on a transformative journey towards inner harmony and peace.",,post,460,,,,,,,,,,,,,NOT TESTED,SEO migration lead,WP modified: 2024-04-03T11:39:30
https://sciencedivine.org/unlocking-creative-genius/,https://sciencedivine.org/unlocking-creative-genius/,WordPress REST API: posts | XML sitemap: https://sciencedivine.org/post-sitemap.xml,200,,Yes,https://sciencedivine.org/unlocking-creative-genius/,"index, follow, max-snippet:-1, max-image-preview:large, max-video-preview:-1",Yes,Unlocking Creative Genius: How Meditation Fosters Creativity,Discover how meditation can unlock your inner genius and enhance creativity. Learn practical tips and understand the science behind mindfulness and creative thinking.,,post,495,,,,,,,,,,,,,NOT TESTED,SEO migration lead,WP modified: 2024-05-07T10:19:58
https://sciencedivine.org/unlocking-harmony/,https://sciencedivine.org/unlocking-harmony/,WordPress REST API: posts | XML sitemap: https://sciencedivine.org/post-sitemap.xml,200,,Yes,https://sciencedivine.org/unlocking-harmony/,"index, follow, max-snippet:-1, max-image-preview:large, max-video-preview:-1",Yes,Unlocking Harmony: Chakra Meditation for Balancing Energy and Enhancing Well-being,"Explore the art of Chakra Meditation to balance your energy centres and elevate your overall well-being. Dive into our comprehensive guide for insights, techniques, and benefits of aligning your chakras for a harmonious life.",,post,359,,,,,,,,,,,,,NOT TESTED,SEO migration lead,WP modified: 2024-04-03T11:50:07
https://sciencedivine.org/unlocking-wellness/,https://sciencedivine.org/unlocking-wellness/,WordPress REST API: posts | XML sitemap: https://sciencedivine.org/post-sitemap.xml,200,,Yes,https://sciencedivine.org/unlocking-wellness/,"index, follow, max-snippet:-1, max-image-preview:large, max-video-preview:-1",Yes,Unlocking Wellness: The Transformative Health Benefits of Regular Yoga Practice,"Explore the profound health benefits of regular yoga practice. From enhancing mental clarity to boosting physical resilience, discover how yoga can elevate your overall well-being. Dive into our comprehensive guide and start your journey to a healthier, more balanced life today.",,post,438,,,,,,,,,,,,,NOT TESTED,SEO migration lead,WP modified: 2024-05-07T10:07:20
https://sciencedivine.org/unravelling-the-power-of-meditation/,https://sciencedivine.org/unravelling-the-power-of-meditation/,WordPress REST API: posts | XML sitemap: https://sciencedivine.org/post-sitemap.xml,200,,Yes,https://sciencedivine.org/unravelling-the-power-of-meditation/,"index, follow, max-snippet:-1, max-image-preview:large, max-video-preview:-1",Yes,Unravelling the Power of Meditation: A Guide to Strengthening Your Mind-Body Connection Holistically,"Explore the transformative journey of meditation and its profound impact on the mind-body connection. Dive into our comprehensive guide for insights, techniques, and holistic approaches to harmonise your mental and physical well-being.",,post,420,,,,,,,,,,,,,NOT TESTED,SEO migration lead,WP modified: 2024-04-03T11:33:58
https://sciencedivine.org/unveiling-the-harmony/,https://sciencedivine.org/unveiling-the-harmony/,WordPress REST API: posts | XML sitemap: https://sciencedivine.org/post-sitemap.xml,200,,Yes,https://sciencedivine.org/unveiling-the-harmony/,"index, follow, max-snippet:-1, max-image-preview:large, max-video-preview:-1",Yes,Unveiling the Harmony: Exploring the Symbiotic Connection Between Yoga and Mindfulness Meditation,"Dive into the serene world of well-being as we explore the profound connection between Yoga and Mindfulness Meditation. Discover how this ancient duo can harmonise your mind, body, and spirit, enhancing your life in ways you never imagined.",,post,515,,,,,,,,,,,,,NOT TESTED,SEO migration lead,WP modified: 2024-05-07T10:16:44
https://sciencedivine.org/us-personal-session/,https://sciencedivine.org/us-personal-session/,WordPress REST API: pages | XML sitemap: https://sciencedivine.org/page-sitemap.xml,200,,Yes,https://sciencedivine.org/us-personal-session/,"index, follow, max-snippet:-1, max-image-preview:large, max-video-preview:-1",Yes,US Personal Session,"Unlock the life you truly desire Feeling stuck or facing challenges?Sakshi Shree reads your past, present and future like an open book and without you speaking even a single word, he writes down the main problems of your life and provides powerful and effective remedies. Book your slot Get a call back 100% privacy guaranteed",,page,1440,,,,,,,,,,,,,NOT TESTED,SEO migration lead,WP modified: 2025-12-04T20:12:29
https://sciencedivine.org/video/,https://sciencedivine.org/video/,WordPress REST API: pages | XML sitemap: https://sciencedivine.org/page-sitemap.xml,200,,Yes,https://sciencedivine.org/video/,"index, follow, max-snippet:-1, max-image-preview:large, max-video-preview:-1",Yes,Video,https://www.youtube.com/watch?v=h9OV6f1qYpkhttps://www.youtube.com/watch?v=f6MZ_uasObshttps://www.youtube.com/watch?v=e0gXlkBq6hM https://www.youtube.com/watch?v=3ZJpVsQDI5chttps://www.youtube.com/watch?v=YBie1KCmL9U https://www.youtube.com/watch?v=AhI2adIBMTIhttps://www.youtube.com/watch?v=ruO99IvRAEMhttps://www.youtube.com/watch?v=WmTgeIh-rbU https://www.youtube.com/watch?v=1v58dF8tVzMhttps://www.youtube.com/watch?v=4kYN47PgzcM,,page,0,,,,,,,,,,,,,NOT TESTED,SEO migration lead,WP modified: 2024-03-03T07:22:22
https://sciencedivine.org/vishuddha-chakra/,https://sciencedivine.org/vishuddha-chakra/,WordPress REST API: posts | XML sitemap: https://sciencedivine.org/post-sitemap.xml,200,,Yes,https://sciencedivine.org/vishuddha-chakra/,"index, follow, max-snippet:-1, max-image-preview:large, max-video-preview:-1",Yes,What is Vishuddha Chakra &#038; How to Activate it,"Discover the secrets of the Vishuddha Chakra, your center of truth and communication. Learn practical tips for Vishuddha Chakra activation, benefits, and how to enhance your spiritual well-being through this powerful energy center.",,post,674,,,,,,,,,,,,,NOT TESTED,SEO migration lead,WP modified: 2024-04-03T09:59:44
https://sciencedivine.org/volunteer-information/,https://sciencedivine.org/volunteer-information/,WordPress REST API: pages | XML sitemap: https://sciencedivine.org/page-sitemap.xml,200,,Yes,https://sciencedivine.org/volunteer-information/,"index, follow, max-snippet:-1, max-image-preview:large, max-video-preview:-1",Yes,Volunteer Information,Volunteer Information,,page,73,,,,,,,,,,,,,NOT TESTED,SEO migration lead,WP modified: 2025-12-04T20:13:10
https://sciencedivine.org/wellness/,https://sciencedivine.org/wellness/,WordPress REST API: pages | XML sitemap: https://sciencedivine.org/page-sitemap.xml,200,,Yes,https://sciencedivine.org/wellness/,"index, follow, max-snippet:-1, max-image-preview:large, max-video-preview:-1",Yes,Wellness,"Wellness is the art of nurturing every facet of your being—mind, body, and soul. With Sakshi Shree ji's guidance, discover holistic practices that foster harmony and vitality in your life. From mindful meditation to nourishing nutrition, from physical movement to emotional healing, explore a diverse array of techniques designed to elevate your well-being. Together, let's embark on a transformative journey towards a balanced and flourishing life, where you radiate with health and vitality from the inside out.",,page,197,,,,,,,,,,,,,NOT TESTED,SEO migration lead,WP modified: 2025-05-29T16:48:11
https://sciencedivine.org/what-is-brahma-muhurta/,https://sciencedivine.org/what-is-brahma-muhurta/,WordPress REST API: posts | XML sitemap: https://sciencedivine.org/post-sitemap.xml,200,,Yes,https://sciencedivine.org/what-is-brahma-muhurta/,"index, follow, max-snippet:-1, max-image-preview:large, max-video-preview:-1",Yes,Brahma Muhurta: A Simple Guide for Beginners,"Learn about Brahma Muhurta, its timing, benefits, and how embracing this sacred time can lead to success and improve your overall wellbeing.",,post,639,,,,,,,,,,,,,NOT TESTED,SEO migration lead,WP modified: 2024-03-30T07:27:46
https://sciencedivine.org/what-is-conscious-mind/,https://sciencedivine.org/what-is-conscious-mind/,WordPress REST API: posts | XML sitemap: https://sciencedivine.org/post-sitemap.xml,200,,Yes,https://sciencedivine.org/what-is-conscious-mind/,"index, follow, max-snippet:-1, max-image-preview:large, max-video-preview:-1",Yes,What Your Conscious Mind Can Do: Simple Explained,"Dive into the fascinating world of your conscious mind. This simple guide explores its capabilities, types, and how you can harness its power for a transformative life experience.",,post,600,,,,,,,,,,,,,NOT TESTED,SEO migration lead,WP modified: 2024-04-03T10:22:45
https://sciencedivine.org/what-is-consciousness/,https://sciencedivine.org/what-is-consciousness/,WordPress REST API: posts | XML sitemap: https://sciencedivine.org/post-sitemap.xml,200,,Yes,https://sciencedivine.org/what-is-consciousness/,"index, follow, max-snippet:-1, max-image-preview:large, max-video-preview:-1",Yes,What is Consciousness: A Beginner's Guide,"Understand the essence of consciousness with our beginner's guide. Explore the types, stages, and ways to enhance your consciousness for a transformative spiritual journey.",,post,612,,,,,,,,,,,,,NOT TESTED,SEO migration lead,WP modified: 2024-04-03T10:08:23
https://sciencedivine.org/what-is-manifestation/,https://sciencedivine.org/what-is-manifestation/,WordPress REST API: posts | XML sitemap: https://sciencedivine.org/post-sitemap.xml,200,,Yes,https://sciencedivine.org/what-is-manifestation/,"index, follow, max-snippet:-1, max-image-preview:large, max-video-preview:-1",Yes,The Simple Guide to Effective Manifestation,"Learn the magic of manifestation in easy steps. Understand what it is, how it works, and fix common mistakes. Begin realizing your dreams today with our straightforward guide.",,post,1329,,,,,,,,,,,,,NOT TESTED,SEO migration lead,WP modified: 2024-04-03T10:47:34
https://sciencedivine.org/what-is-mental-health/,https://sciencedivine.org/what-is-mental-health/,WordPress REST API: posts | XML sitemap: https://sciencedivine.org/post-sitemap.xml,200,,Yes,https://sciencedivine.org/what-is-mental-health/,"index, follow, max-snippet:-1, max-image-preview:large, max-video-preview:-1",Yes,Why Should You Prioritize Your Mental Health Every Day?,"Learn simple ways to take care of your mental health every day. From exercising and doing yoga to understanding why it's important, find out how to keep your mind happy.",,post,1415,,,,,,,,,,,,,NOT TESTED,SEO migration lead,WP modified: 2024-04-03T05:49:16
https://sciencedivine.org/what-is-peace-of-mind/,https://sciencedivine.org/what-is-peace-of-mind/,WordPress REST API: posts | XML sitemap: https://sciencedivine.org/post-sitemap.xml,200,,Yes,https://sciencedivine.org/what-is-peace-of-mind/,"index, follow, max-snippet:-1, max-image-preview:large, max-video-preview:-1",Yes,How to Feel Calm: Easy Ways to Find Peace of Mind,"Discover practical strategies for finding peace of mind in today's fast-paced world. Learn how to cultivate calm, reduce stress, and navigate life's challenges with ease.",,post,1032,,,,,,,,,,,,,NOT TESTED,SEO migration lead,WP modified: 2024-03-30T06:27:19
https://sciencedivine.org/what-is-positive-thinking/,https://sciencedivine.org/what-is-positive-thinking/,WordPress REST API: posts | XML sitemap: https://sciencedivine.org/post-sitemap.xml,200,,Yes,https://sciencedivine.org/what-is-positive-thinking/,"index, follow, max-snippet:-1, max-image-preview:large, max-video-preview:-1",Yes,What Is Positive Thinking and Why It Matters,Find out how positive thinking can make your life better. Learn simple tips to start thinking more positively today and see the benefits for yourself!,,post,891,,,,,,,,,,,,,NOT TESTED,SEO migration lead,WP modified: 2024-04-03T10:42:58
https://sciencedivine.org/what-is-spiritual-healing/,https://sciencedivine.org/what-is-spiritual-healing/,WordPress REST API: posts | XML sitemap: https://sciencedivine.org/post-sitemap.xml,200,,Yes,https://sciencedivine.org/what-is-spiritual-healing/,"index, follow, max-snippet:-1, max-image-preview:large, max-video-preview:-1",Yes,A Beginner's Guide to Spiritual Healing,"Explore the transformative world of spiritual healing in this comprehensive beginner's guide. Learn what spiritual healing is and discover the myriad benefits of spiritual healing for your mind, body, and soul.",,post,753,,,,,,,,,,,,,NOT TESTED,SEO migration lead,WP modified: 2024-04-03T09:55:43
https://sciencedivine.org/what-is-spiritual/,https://sciencedivine.org/what-is-spiritual/,WordPress REST API: posts | XML sitemap: https://sciencedivine.org/post-sitemap.xml,200,,Yes,https://sciencedivine.org/what-is-spiritual/,"index, follow, max-snippet:-1, max-image-preview:large, max-video-preview:-1",Yes,How to become a spiritual person?,"Dive deep into the heart of spirituality with our enlightening guide. Learn what being spiritual means, how to harness spiritual power, and steps to nurture a fulfilling spiritual life.",,post,788,,,,,,,,,,,,,NOT TESTED,SEO migration lead,WP modified: 2024-03-30T07:10:24
https://sciencedivine.org/what-is-spirituality/,https://sciencedivine.org/what-is-spirituality/,WordPress REST API: posts | XML sitemap: https://sciencedivine.org/post-sitemap.xml,200,,Yes,https://sciencedivine.org/what-is-spirituality/,"index, follow, max-snippet:-1, max-image-preview:large, max-video-preview:-1",Yes,What is Spiriuality &#038; How to Grow it?,"Dive into the heart of what is spirituality with our comprehensive guide. Explore how to grow spiritually, the intertwining of science and spirituality, and the pivotal role of spirituality in education.",,post,617,,,,,,,,,,,,,NOT TESTED,SEO migration lead,WP modified: 2024-07-11T10:12:47
https://sciencedivine.org/why-no-one-understands-you/,https://sciencedivine.org/why-no-one-understands-you/,WordPress REST API: posts | XML sitemap: https://sciencedivine.org/post-sitemap.xml,200,,Yes,https://sciencedivine.org/why-no-one-understands-you/,"index, follow, max-snippet:-1, max-image-preview:large, max-video-preview:-1",Yes,Your Thoughts Shape Your Destiny,"Have you ever wondered why some people seem to achieve success effortlessly, while others struggle hard and barely make it?",,post,618,,,,,,,,,,,,,NOT TESTED,SEO migration lead,WP modified: 2024-04-03T12:15:55
https://sciencedivine.org/wp-content/uploads/2023/06/1-scaled.webp,https://sciencedivine.org/wp-content/uploads/2023/06/1-scaled.webp,WordPress REST API: media,,,UNVERIFIED,,,No,,,,image/webp,,,,,,,,,,,,,,NOT TESTED,SEO migration lead,Alt text missing/unverified | WP modified: 2024-12-16T12:24:31
https://sciencedivine.org/wp-content/uploads/2023/06/17-2-scaled.webp,https://sciencedivine.org/wp-content/uploads/2023/06/17-2-scaled.webp,WordPress REST API: media,,,UNVERIFIED,,,No,17 (2),,,image/webp,,,,,,,,,,,,,,NOT TESTED,SEO migration lead,Alt text missing/unverified | WP modified: 2024-12-20T14:29:09
https://sciencedivine.org/wp-content/uploads/2023/06/2-scaled.webp,https://sciencedivine.org/wp-content/uploads/2023/06/2-scaled.webp,WordPress REST API: media,,,UNVERIFIED,,,No,,,,image/webp,,,,,,,,,,,,,,NOT TESTED,SEO migration lead,Alt text missing/unverified | WP modified: 2024-12-16T12:24:45
https://sciencedivine.org/wp-content/uploads/2023/06/2.jpg,https://sciencedivine.org/wp-content/uploads/2023/06/2.jpg,WordPress REST API: media,,,UNVERIFIED,,,No,2,,,image/jpeg,,,,,,,,,,,,,,NOT TESTED,SEO migration lead,Alt text missing/unverified | WP modified: 2025-12-05T12:46:41
https://sciencedivine.org/wp-content/uploads/2023/06/22.jpg,https://sciencedivine.org/wp-content/uploads/2023/06/22.jpg,WordPress REST API: media,,,UNVERIFIED,,,No,22,,,image/jpeg,,,,,,,,,,,,,,NOT TESTED,SEO migration lead,Alt text missing/unverified | WP modified: 2025-12-05T12:46:53
https://sciencedivine.org/wp-content/uploads/2023/06/3-scaled.webp,https://sciencedivine.org/wp-content/uploads/2023/06/3-scaled.webp,WordPress REST API: media,,,UNVERIFIED,,,No,,,,image/webp,,,,,,,,,,,,,,NOT TESTED,SEO migration lead,Alt text missing/unverified | WP modified: 2024-12-16T12:25:00
https://sciencedivine.org/wp-content/uploads/2023/06/33.jpg,https://sciencedivine.org/wp-content/uploads/2023/06/33.jpg,WordPress REST API: media,,,UNVERIFIED,,,No,33,,,image/jpeg,,,,,,,,,,,,,,NOT TESTED,SEO migration lead,Alt text missing/unverified | WP modified: 2025-12-05T12:47:04
https://sciencedivine.org/wp-content/uploads/2023/06/3590590.svg,https://sciencedivine.org/wp-content/uploads/2023/06/3590590.svg,WordPress REST API: media,,,UNVERIFIED,,,No,3590590,,,image/svg+xml,,,,,,,,,,,,,,NOT TESTED,SEO migration lead,Alt text missing/unverified | WP modified: 2023-06-13T05:34:17
https://sciencedivine.org/wp-content/uploads/2023/06/4-scaled.webp,https://sciencedivine.org/wp-content/uploads/2023/06/4-scaled.webp,WordPress REST API: media,,,UNVERIFIED,,,No,,,,image/webp,,,,,,,,,,,,,,NOT TESTED,SEO migration lead,Alt text missing/unverified | WP modified: 2024-12-16T12:25:17
https://sciencedivine.org/wp-content/uploads/2023/06/44.jpg,https://sciencedivine.org/wp-content/uploads/2023/06/44.jpg,WordPress REST API: media,,,UNVERIFIED,,,No,44,,,image/jpeg,,,,,,,,,,,,,,NOT TESTED,SEO migration lead,Alt text missing/unverified | WP modified: 2025-12-05T12:47:13
https://sciencedivine.org/wp-content/uploads/2023/06/5-scaled.webp,https://sciencedivine.org/wp-content/uploads/2023/06/5-scaled.webp,WordPress REST API: media,,,UNVERIFIED,,,No,,,,image/webp,,,,,,,,,,,,,,NOT TESTED,SEO migration lead,Alt text missing/unverified | WP modified: 2024-12-16T12:25:35
https://sciencedivine.org/wp-content/uploads/2023/06/6-scaled.webp,https://sciencedivine.org/wp-content/uploads/2023/06/6-scaled.webp,WordPress REST API: media,,,UNVERIFIED,,,No,,,,image/webp,,,,,,,,,,,,,,NOT TESTED,SEO migration lead,Alt text missing/unverified | WP modified: 2024-12-16T12:25:53
https://sciencedivine.org/wp-content/uploads/2023/06/Add-a-heading.png,https://sciencedivine.org/wp-content/uploads/2023/06/Add-a-heading.png,WordPress REST API: media,,,UNVERIFIED,,,No,Add a heading,,,image/png,,,,,,,,,,,,,,NOT TESTED,SEO migration lead,Alt text missing/unverified | WP modified: 2025-01-30T17:09:53
https://sciencedivine.org/wp-content/uploads/2023/06/Arrow-7.svg,https://sciencedivine.org/wp-content/uploads/2023/06/Arrow-7.svg,WordPress REST API: media,,,UNVERIFIED,,,No,Arrow 7,,,image/svg+xml,,,,,,,,,,,,,,NOT TESTED,SEO migration lead,Alt text missing/unverified | WP modified: 2023-06-13T05:53:46
https://sciencedivine.org/wp-content/uploads/2023/06/Arrow-8.png,https://sciencedivine.org/wp-content/uploads/2023/06/Arrow-8.png,WordPress REST API: media,,,UNVERIFIED,,,No,Arrow 8,,,image/png,,,,,,,,,,,,,,NOT TESTED,SEO migration lead,Alt text missing/unverified | WP modified: 2023-06-09T07:21:43
https://sciencedivine.org/wp-content/uploads/2023/06/arrow.svg,https://sciencedivine.org/wp-content/uploads/2023/06/arrow.svg,WordPress REST API: media,,,UNVERIFIED,,,No,arrow,,,image/svg+xml,,,,,,,,,,,,,,NOT TESTED,SEO migration lead,Alt text missing/unverified | WP modified: 2023-06-12T05:07:31
https://sciencedivine.org/wp-content/uploads/2023/06/banner-image-of-email.png,https://sciencedivine.org/wp-content/uploads/2023/06/banner-image-of-email.png,WordPress REST API: media,,,UNVERIFIED,,,No,banner image of email,,,image/png,,,,,,,,,,,,,,NOT TESTED,SEO migration lead,Alt text missing/unverified | WP modified: 2025-01-30T17:11:15
https://sciencedivine.org/wp-content/uploads/2023/06/Clip-path-group_2.png,https://sciencedivine.org/wp-content/uploads/2023/06/Clip-path-group_2.png,WordPress REST API: media,,,UNVERIFIED,,,No,Clip-path-group_2.png,,,image/png,,,,,,,,,,,,,,NOT TESTED,SEO migration lead,Alt text missing/unverified | WP modified: 2023-06-26T12:00:06
https://sciencedivine.org/wp-content/uploads/2023/06/Clip-path-group.png,https://sciencedivine.org/wp-content/uploads/2023/06/Clip-path-group.png,WordPress REST API: media,,,UNVERIFIED,,,No,Clip-path-group.png,,,image/png,,,,,,,,,,,,,,NOT TESTED,SEO migration lead,Alt text missing/unverified | WP modified: 2023-06-26T11:59:42
https://sciencedivine.org/wp-content/uploads/2023/06/DJI_0010-2.webp,https://sciencedivine.org/wp-content/uploads/2023/06/DJI_0010-2.webp,WordPress REST API: media,,,UNVERIFIED,,,No,DJI_0010-2,,,image/webp,,,,,,,,,,,,,,NOT TESTED,SEO migration lead,Alt text missing/unverified | WP modified: 2025-03-22T13:53:25
https://sciencedivine.org/wp-content/uploads/2023/06/DJI_0473.webp,https://sciencedivine.org/wp-content/uploads/2023/06/DJI_0473.webp,WordPress REST API: media,,,UNVERIFIED,,,No,DJI_0473,,,image/webp,,,,,,,,,,,,,,NOT TESTED,SEO migration lead,Alt text missing/unverified | WP modified: 2025-03-22T13:53:29
https://sciencedivine.org/wp-content/uploads/2023/06/Ellipse-1.png,https://sciencedivine.org/wp-content/uploads/2023/06/Ellipse-1.png,WordPress REST API: media,,,UNVERIFIED,,,No,Ellipse-1.png,,,image/png,,,,,,,,,,,,,,NOT TESTED,SEO migration lead,Alt text missing/unverified | WP modified: 2023-06-26T12:00:15
https://sciencedivine.org/wp-content/uploads/2023/06/Ellipse-28.jpg,https://sciencedivine.org/wp-content/uploads/2023/06/Ellipse-28.jpg,WordPress REST API: media,,,UNVERIFIED,,,No,Ellipse 28,,,image/jpeg,,,,,,,,,,,,,,NOT TESTED,SEO migration lead,Alt text missing/unverified | WP modified: 2023-06-20T06:25:30
https://sciencedivine.org/wp-content/uploads/2023/06/Ellipse-32.png,https://sciencedivine.org/wp-content/uploads/2023/06/Ellipse-32.png,WordPress REST API: media,,,UNVERIFIED,,,No,Ellipse 32,,,image/png,,,,,,,,,,,,,,NOT TESTED,SEO migration lead,Alt text missing/unverified | WP modified: 2023-06-20T07:09:09
https://sciencedivine.org/wp-content/uploads/2023/06/email-1.svg,https://sciencedivine.org/wp-content/uploads/2023/06/email-1.svg,WordPress REST API: media,,,UNVERIFIED,,,No,email-1,,,image/svg+xml,,,,,,,,,,,,,,NOT TESTED,SEO migration lead,Alt text missing/unverified | WP modified: 2023-06-26T12:39:09
https://sciencedivine.org/wp-content/uploads/2023/06/facebook-svgrepo-com.svg,https://sciencedivine.org/wp-content/uploads/2023/06/facebook-svgrepo-com.svg,WordPress REST API: media,,,UNVERIFIED,,,No,facebook-svgrepo-com,,,image/svg+xml,,,,,,,,,,,,,,NOT TESTED,SEO migration lead,Alt text missing/unverified | WP modified: 2023-06-12T06:16:55
https://sciencedivine.org/wp-content/uploads/2023/06/facebook.svg,https://sciencedivine.org/wp-content/uploads/2023/06/facebook.svg,WordPress REST API: media,,,UNVERIFIED,,,No,facebook,,,image/svg+xml,,,,,,,,,,,,,,NOT TESTED,SEO migration lead,Alt text missing/unverified | WP modified: 2023-06-09T13:25:56
https://sciencedivine.org/wp-content/uploads/2023/06/facebook1.svg,https://sciencedivine.org/wp-content/uploads/2023/06/facebook1.svg,WordPress REST API: media,,,UNVERIFIED,,,No,facebook(1),,,image/svg+xml,,,,,,,,,,,,,,NOT TESTED,SEO migration lead,Alt text missing/unverified | WP modified: 2023-06-12T05:28:02
https://sciencedivine.org/wp-content/uploads/2023/06/form1.jpg,https://sciencedivine.org/wp-content/uploads/2023/06/form1.jpg,WordPress REST API: media,,,UNVERIFIED,,,No,form1,,,image/jpeg,,,,,,,,,,,,,,NOT TESTED,SEO migration lead,Alt text missing/unverified | WP modified: 2023-06-09T12:21:15
https://sciencedivine.org/wp-content/uploads/2023/06/form2.jpg,https://sciencedivine.org/wp-content/uploads/2023/06/form2.jpg,WordPress REST API: media,,,UNVERIFIED,,,No,form2,,,image/jpeg,,,,,,,,,,,,,,NOT TESTED,SEO migration lead,Alt text missing/unverified | WP modified: 2023-06-09T12:24:58
https://sciencedivine.org/wp-content/uploads/2023/06/four-clicle-bg.png,https://sciencedivine.org/wp-content/uploads/2023/06/four-clicle-bg.png,WordPress REST API: media,,,UNVERIFIED,,,No,four-clicle-bg,,,image/png,,,,,,,,,,,,,,NOT TESTED,SEO migration lead,Alt text missing/unverified | WP modified: 2023-06-20T07:07:12
https://sciencedivine.org/wp-content/uploads/2023/06/gallery1.jpg,https://sciencedivine.org/wp-content/uploads/2023/06/gallery1.jpg,WordPress REST API: media,,,UNVERIFIED,,,No,gallery1,,,image/jpeg,,,,,,,,,,,,,,NOT TESTED,SEO migration lead,Alt text missing/unverified | WP modified: 2023-06-14T07:11:16
https://sciencedivine.org/wp-content/uploads/2023/06/gallery10.jpg,https://sciencedivine.org/wp-content/uploads/2023/06/gallery10.jpg,WordPress REST API: media,,,UNVERIFIED,,,No,gallery10,,,image/jpeg,,,,,,,,,,,,,,NOT TESTED,SEO migration lead,Alt text missing/unverified | WP modified: 2023-06-14T07:12:47
https://sciencedivine.org/wp-content/uploads/2023/06/gallery11.jpg,https://sciencedivine.org/wp-content/uploads/2023/06/gallery11.jpg,WordPress REST API: media,,,UNVERIFIED,,,No,gallery11,,,image/jpeg,,,,,,,,,,,,,,NOT TESTED,SEO migration lead,Alt text missing/unverified | WP modified: 2023-06-14T07:12:48
https://sciencedivine.org/wp-content/uploads/2023/06/gallery12.jpg,https://sciencedivine.org/wp-content/uploads/2023/06/gallery12.jpg,WordPress REST API: media,,,UNVERIFIED,,,No,gallery12,,,image/jpeg,,,,,,,,,,,,,,NOT TESTED,SEO migration lead,Alt text missing/unverified | WP modified: 2023-06-14T07:12:50
https://sciencedivine.org/wp-content/uploads/2023/06/gallery2.jpg,https://sciencedivine.org/wp-content/uploads/2023/06/gallery2.jpg,WordPress REST API: media,,,UNVERIFIED,,,No,gallery2,,,image/jpeg,,,,,,,,,,,,,,NOT TESTED,SEO migration lead,Alt text missing/unverified | WP modified: 2023-06-14T07:12:38
https://sciencedivine.org/wp-content/uploads/2023/06/gallery3.jpg,https://sciencedivine.org/wp-content/uploads/2023/06/gallery3.jpg,WordPress REST API: media,,,UNVERIFIED,,,No,gallery3,,,image/jpeg,,,,,,,,,,,,,,NOT TESTED,SEO migration lead,Alt text missing/unverified | WP modified: 2023-06-14T07:12:40
https://sciencedivine.org/wp-content/uploads/2023/06/gallery4.jpg,https://sciencedivine.org/wp-content/uploads/2023/06/gallery4.jpg,WordPress REST API: media,,,UNVERIFIED,,,No,gallery4,,,image/jpeg,,,,,,,,,,,,,,NOT TESTED,SEO migration lead,Alt text missing/unverified | WP modified: 2023-06-14T07:12:41
https://sciencedivine.org/wp-content/uploads/2023/06/gallery5.jpg,https://sciencedivine.org/wp-content/uploads/2023/06/gallery5.jpg,WordPress REST API: media,,,UNVERIFIED,,,No,gallery5,,,image/jpeg,,,,,,,,,,,,,,NOT TESTED,SEO migration lead,Alt text missing/unverified | WP modified: 2023-06-14T07:12:42
https://sciencedivine.org/wp-content/uploads/2023/06/gallery6.jpg,https://sciencedivine.org/wp-content/uploads/2023/06/gallery6.jpg,WordPress REST API: media,,,UNVERIFIED,,,No,gallery6,,,image/jpeg,,,,,,,,,,,,,,NOT TESTED,SEO migration lead,Alt text missing/unverified | WP modified: 2023-06-14T07:12:43
https://sciencedivine.org/wp-content/uploads/2023/06/gallery7.jpg,https://sciencedivine.org/wp-content/uploads/2023/06/gallery7.jpg,WordPress REST API: media,,,UNVERIFIED,,,No,gallery7,,,image/jpeg,,,,,,,,,,,,,,NOT TESTED,SEO migration lead,Alt text missing/unverified | WP modified: 2023-06-14T07:12:43
https://sciencedivine.org/wp-content/uploads/2023/06/gallery8.jpg,https://sciencedivine.org/wp-content/uploads/2023/06/gallery8.jpg,WordPress REST API: media,,,UNVERIFIED,,,No,gallery8,,,image/jpeg,,,,,,,,,,,,,,NOT TESTED,SEO migration lead,Alt text missing/unverified | WP modified: 2023-06-14T07:12:44
https://sciencedivine.org/wp-content/uploads/2023/06/gallery9.jpg,https://sciencedivine.org/wp-content/uploads/2023/06/gallery9.jpg,WordPress REST API: media,,,UNVERIFIED,,,No,gallery9,,,image/jpeg,,,,,,,,,,,,,,NOT TESTED,SEO migration lead,Alt text missing/unverified | WP modified: 2023-06-14T07:12:44
https://sciencedivine.org/wp-content/uploads/2023/06/home-back.png,https://sciencedivine.org/wp-content/uploads/2023/06/home-back.png,WordPress REST API: media,,,UNVERIFIED,,,No,home-back,,,image/png,,,,,,,,,,,,,,NOT TESTED,SEO migration lead,Alt text missing/unverified | WP modified: 2023-06-08T09:25:13
https://sciencedivine.org/wp-content/uploads/2023/06/home-img.jpg,https://sciencedivine.org/wp-content/uploads/2023/06/home-img.jpg,WordPress REST API: media,,,UNVERIFIED,,,No,home-img,,,image/jpeg,,,,,,,,,,,,,,NOT TESTED,SEO migration lead,Alt text missing/unverified | WP modified: 2023-06-08T05:03:03
https://sciencedivine.org/wp-content/uploads/2023/06/home-img1.jpg,https://sciencedivine.org/wp-content/uploads/2023/06/home-img1.jpg,WordPress REST API: media,,,UNVERIFIED,,,No,home-img1,,,image/jpeg,,,,,,,,,,,,,,NOT TESTED,SEO migration lead,Alt text missing/unverified | WP modified: 2023-06-08T07:33:14
https://sciencedivine.org/wp-content/uploads/2023/06/home-img2.jpg,https://sciencedivine.org/wp-content/uploads/2023/06/home-img2.jpg,WordPress REST API: media,,,UNVERIFIED,,,No,home-img2,,,image/jpeg,,,,,,,,,,,,,,NOT TESTED,SEO migration lead,Alt text missing/unverified | WP modified: 2023-06-08T09:27:39
https://sciencedivine.org/wp-content/uploads/2023/06/icons8-facebook.svg,https://sciencedivine.org/wp-content/uploads/2023/06/icons8-facebook.svg,WordPress REST API: media,,,UNVERIFIED,,,No,icons8-facebook,,,image/svg+xml,,,,,,,,,,,,,,NOT TESTED,SEO migration lead,Alt text missing/unverified | WP modified: 2023-06-12T06:22:39
https://sciencedivine.org/wp-content/uploads/2023/06/icons8-telegram.svg,https://sciencedivine.org/wp-content/uploads/2023/06/icons8-telegram.svg,WordPress REST API: media,,,UNVERIFIED,,,No,icons8-telegram,,,image/svg+xml,,,,,,,,,,,,,,NOT TESTED,SEO migration lead,Alt text missing/unverified | WP modified: 2023-06-12T06:20:35
https://sciencedivine.org/wp-content/uploads/2023/06/image-sec2.jpg,https://sciencedivine.org/wp-content/uploads/2023/06/image-sec2.jpg,WordPress REST API: media,,,UNVERIFIED,,,No,image sec2,,,image/jpeg,,,,,,,,,,,,,,NOT TESTED,SEO migration lead,Alt text missing/unverified | WP modified: 2023-06-08T10:42:53
https://sciencedivine.org/wp-content/uploads/2023/06/IMG_3580-1-scaled.webp,https://sciencedivine.org/wp-content/uploads/2023/06/IMG_3580-1-scaled.webp,WordPress REST API: media,,,UNVERIFIED,,,No,IMG_3580 (1),,,image/webp,,,,,,,,,,,,,,NOT TESTED,SEO migration lead,Alt text missing/unverified | WP modified: 2025-01-03T15:31:30
https://sciencedivine.org/wp-content/uploads/2023/06/IMG_6994-copy.webp,https://sciencedivine.org/wp-content/uploads/2023/06/IMG_6994-copy.webp,WordPress REST API: media,,,UNVERIFIED,,,No,IMG_6994-copy,,,image/webp,,,,,,,,,,,,,,NOT TESTED,SEO migration lead,Alt text missing/unverified | WP modified: 2025-03-22T13:53:33
https://sciencedivine.org/wp-content/uploads/2023/06/IMG_7001-copy.webp,https://sciencedivine.org/wp-content/uploads/2023/06/IMG_7001-copy.webp,WordPress REST API: media,,,UNVERIFIED,,,No,IMG_7001-copy,,,image/webp,,,,,,,,,,,,,,NOT TESTED,SEO migration lead,Alt text missing/unverified | WP modified: 2025-03-22T13:53:38
https://sciencedivine.org/wp-content/uploads/2023/06/IMG_7002-copy.webp,https://sciencedivine.org/wp-content/uploads/2023/06/IMG_7002-copy.webp,WordPress REST API: media,,,UNVERIFIED,,,No,IMG_7002-copy,,,image/webp,,,,,,,,,,,,,,NOT TESTED,SEO migration lead,Alt text missing/unverified | WP modified: 2025-03-22T13:53:41
https://sciencedivine.org/wp-content/uploads/2023/06/IMG_9938-copy.webp,https://sciencedivine.org/wp-content/uploads/2023/06/IMG_9938-copy.webp,WordPress REST API: media,,,UNVERIFIED,,,No,IMG_9938-copy,,,image/webp,,,,,,,,,,,,,,NOT TESTED,SEO migration lead,Alt text missing/unverified | WP modified: 2025-03-22T13:53:44
https://sciencedivine.org/wp-content/uploads/2023/06/instagram-svgrepo-com.svg,https://sciencedivine.org/wp-content/uploads/2023/06/instagram-svgrepo-com.svg,WordPress REST API: media,,,UNVERIFIED,,,No,instagram-svgrepo-com,,,image/svg+xml,,,,,,,,,,,,,,NOT TESTED,SEO migration lead,Alt text missing/unverified | WP modified: 2023-06-12T05:22:52
https://sciencedivine.org/wp-content/uploads/2023/06/instagram.svg,https://sciencedivine.org/wp-content/uploads/2023/06/instagram.svg,WordPress REST API: media,,,UNVERIFIED,,,No,instagram,,,image/svg+xml,,,,,,,,,,,,,,NOT TESTED,SEO migration lead,Alt text missing/unverified | WP modified: 2023-06-09T13:30:50
https://sciencedivine.org/wp-content/uploads/2023/06/instagram1.svg,https://sciencedivine.org/wp-content/uploads/2023/06/instagram1.svg,WordPress REST API: media,,,UNVERIFIED,,,No,instagram(1),,,image/svg+xml,,,,,,,,,,,,,,NOT TESTED,SEO migration lead,Alt text missing/unverified | WP modified: 2023-06-12T05:17:18
https://sciencedivine.org/wp-content/uploads/2023/06/instagram2.svg,https://sciencedivine.org/wp-content/uploads/2023/06/instagram2.svg,WordPress REST API: media,,,UNVERIFIED,,,No,instagram(2),,,image/svg+xml,,,,,,,,,,,,,,NOT TESTED,SEO migration lead,Alt text missing/unverified | WP modified: 2023-06-12T05:20:33
https://sciencedivine.org/wp-content/uploads/2023/06/logo-1.png,https://sciencedivine.org/wp-content/uploads/2023/06/logo-1.png,WordPress REST API: media,,,UNVERIFIED,,,No,logo,,,image/png,,,,,,,,,,,,,,NOT TESTED,SEO migration lead,Alt text missing/unverified | WP modified: 2023-06-09T12:55:50
https://sciencedivine.org/wp-content/uploads/2023/06/logo-2.png,https://sciencedivine.org/wp-content/uploads/2023/06/logo-2.png,WordPress REST API: media,,,UNVERIFIED,,,No,logo.png,,,image/png,,,,,,,,,,,,,,NOT TESTED,SEO migration lead,Alt text missing/unverified | WP modified: 2023-06-26T11:29:09
https://sciencedivine.org/wp-content/uploads/2023/06/logo.png,https://sciencedivine.org/wp-content/uploads/2023/06/logo.png,WordPress REST API: media,,,UNVERIFIED,,,No,logo.png,,,image/png,,,,,,,,,,,,,,NOT TESTED,SEO migration lead,Alt text missing/unverified | WP modified: 2023-06-07T06:15:03
https://sciencedivine.org/wp-content/uploads/2023/06/Mandala-08-7.png,https://sciencedivine.org/wp-content/uploads/2023/06/Mandala-08-7.png,WordPress REST API: media,,,UNVERIFIED,,,No,Mandala-08 7,,,image/png,,,,,,,,,,,,,,NOT TESTED,SEO migration lead,Alt text missing/unverified | WP modified: 2023-06-30T04:41:32
https://sciencedivine.org/wp-content/uploads/2023/06/meet1.jpg,https://sciencedivine.org/wp-content/uploads/2023/06/meet1.jpg,WordPress REST API: media,,,UNVERIFIED,,,No,meet1,,,image/jpeg,,,,,,,,,,,,,,NOT TESTED,SEO migration lead,Alt text missing/unverified | WP modified: 2023-06-09T09:56:28
https://sciencedivine.org/wp-content/uploads/2023/06/meet2.jpg,https://sciencedivine.org/wp-content/uploads/2023/06/meet2.jpg,WordPress REST API: media,,,UNVERIFIED,,,No,meet2,,,image/jpeg,,,,,,,,,,,,,,NOT TESTED,SEO migration lead,Alt text missing/unverified | WP modified: 2023-06-09T10:46:50
https://sciencedivine.org/wp-content/uploads/2023/06/meet3.jpg,https://sciencedivine.org/wp-content/uploads/2023/06/meet3.jpg,WordPress REST API: media,,,UNVERIFIED,,,No,meet3,,,image/jpeg,,,,,,,,,,,,,,NOT TESTED,SEO migration lead,Alt text missing/unverified | WP modified: 2023-06-09T11:06:27
https://sciencedivine.org/wp-content/uploads/2023/06/phone.svg,https://sciencedivine.org/wp-content/uploads/2023/06/phone.svg,WordPress REST API: media,,,UNVERIFIED,,,No,phone,,,image/svg+xml,,,,,,,,,,,,,,NOT TESTED,SEO migration lead,Alt text missing/unverified | WP modified: 2023-06-26T12:38:49
https://sciencedivine.org/wp-content/uploads/2023/06/placeholder-1.png,https://sciencedivine.org/wp-content/uploads/2023/06/placeholder-1.png,WordPress REST API: media,,,UNVERIFIED,,,No,placeholder.png,,,image/png,,,,,,,,,,,,,,NOT TESTED,SEO migration lead,Alt text missing/unverified | WP modified: 2023-06-14T06:58:38
https://sciencedivine.org/wp-content/uploads/2023/06/placeholder-2.png,https://sciencedivine.org/wp-content/uploads/2023/06/placeholder-2.png,WordPress REST API: media,,,UNVERIFIED,,,No,placeholder.png,,,image/png,,,,,,,,,,,,,,NOT TESTED,SEO migration lead,Alt text missing/unverified | WP modified: 2023-06-26T11:57:10
https://sciencedivine.org/wp-content/uploads/2023/06/placeholder.png,https://sciencedivine.org/wp-content/uploads/2023/06/placeholder.png,WordPress REST API: media,,,UNVERIFIED,,,No,placeholder.png,,,image/png,,,,,,,,,,,,,,NOT TESTED,SEO migration lead,Alt text missing/unverified | WP modified: 2023-06-12T05:35:19
https://sciencedivine.org/wp-content/uploads/2023/06/pngegg-1.png,https://sciencedivine.org/wp-content/uploads/2023/06/pngegg-1.png,WordPress REST API: media,,,UNVERIFIED,,,No,pngegg (1),,,image/png,,,,,,,,,,,,,,NOT TESTED,SEO migration lead,Alt text missing/unverified | WP modified: 2025-01-30T18:32:03
https://sciencedivine.org/wp-content/uploads/2023/06/pngegg.png,https://sciencedivine.org/wp-content/uploads/2023/06/pngegg.png,WordPress REST API: media,,,UNVERIFIED,,,No,pngegg,,,image/png,,,,,,,,,,,,,,NOT TESTED,SEO migration lead,Alt text missing/unverified | WP modified: 2025-01-30T17:30:30
https://sciencedivine.org/wp-content/uploads/2023/06/Rectangle-101.jpg,https://sciencedivine.org/wp-content/uploads/2023/06/Rectangle-101.jpg,WordPress REST API: media,,,UNVERIFIED,,,No,Rectangle-101.jpg,,,image/jpeg,,,,,,,,,,,,,,NOT TESTED,SEO migration lead,Alt text missing/unverified | WP modified: 2023-06-26T11:59:41
https://sciencedivine.org/wp-content/uploads/2023/06/Rectangle-11.png,https://sciencedivine.org/wp-content/uploads/2023/06/Rectangle-11.png,WordPress REST API: media,,,UNVERIFIED,,,No,Rectangle 11,,,image/png,,,,,,,,,,,,,,NOT TESTED,SEO migration lead,Alt text missing/unverified | WP modified: 2023-06-20T13:20:22
https://sciencedivine.org/wp-content/uploads/2023/06/Rectangle-17.jpg,https://sciencedivine.org/wp-content/uploads/2023/06/Rectangle-17.jpg,WordPress REST API: media,,,UNVERIFIED,,,No,Rectangle-17,,,image/jpeg,,,,,,,,,,,,,,NOT TESTED,SEO migration lead,Alt text missing/unverified | WP modified: 2023-06-20T12:31:47
https://sciencedivine.org/wp-content/uploads/2023/06/Rectangle-187.jpg,https://sciencedivine.org/wp-content/uploads/2023/06/Rectangle-187.jpg,WordPress REST API: media,,,UNVERIFIED,,,No,Rectangle 187,,,image/jpeg,,,,,,,,,,,,,,NOT TESTED,SEO migration lead,Alt text missing/unverified | WP modified: 2023-06-20T06:53:11
https://sciencedivine.org/wp-content/uploads/2023/06/Rectangle-188.jpg,https://sciencedivine.org/wp-content/uploads/2023/06/Rectangle-188.jpg,WordPress REST API: media,,,UNVERIFIED,,,No,Rectangle 188,,,image/jpeg,,,,,,,,,,,,,,NOT TESTED,SEO migration lead,Alt text missing/unverified | WP modified: 2023-06-20T07:13:45
https://sciencedivine.org/wp-content/uploads/2023/06/Rectangle-189.jpg,https://sciencedivine.org/wp-content/uploads/2023/06/Rectangle-189.jpg,WordPress REST API: media,,,UNVERIFIED,,,No,Rectangle 189,,,image/jpeg,,,,,,,,,,,,,,NOT TESTED,SEO migration lead,Alt text missing/unverified | WP modified: 2023-06-20T07:14:41
https://sciencedivine.org/wp-content/uploads/2023/06/Rectangle-226.jpg,https://sciencedivine.org/wp-content/uploads/2023/06/Rectangle-226.jpg,WordPress REST API: media,,,UNVERIFIED,,,No,Rectangle 226,,,image/jpeg,,,,,,,,,,,,,,NOT TESTED,SEO migration lead,Alt text missing/unverified | WP modified: 2023-06-20T06:13:22
https://sciencedivine.org/wp-content/uploads/2023/06/Rectangle-227.jpg,https://sciencedivine.org/wp-content/uploads/2023/06/Rectangle-227.jpg,WordPress REST API: media,,,UNVERIFIED,,,No,Rectangle 227,,,image/jpeg,,,,,,,,,,,,,,NOT TESTED,SEO migration lead,Alt text missing/unverified | WP modified: 2023-06-20T06:20:04
https://sciencedivine.org/wp-content/uploads/2023/06/Rectangle-229.png,https://sciencedivine.org/wp-content/uploads/2023/06/Rectangle-229.png,WordPress REST API: media,,,UNVERIFIED,,,No,Rectangle 229,,,image/png,,,,,,,,,,,,,,NOT TESTED,SEO migration lead,Alt text missing/unverified | WP modified: 2023-06-20T07:32:31
https://sciencedivine.org/wp-content/uploads/2023/06/Rectangle-233.jpg,https://sciencedivine.org/wp-content/uploads/2023/06/Rectangle-233.jpg,WordPress REST API: media,,,UNVERIFIED,,,No,Rectangle 233,,,image/jpeg,,,,,,,,,,,,,,NOT TESTED,SEO migration lead,Alt text missing/unverified | WP modified: 2023-06-20T08:40:18
https://sciencedivine.org/wp-content/uploads/2023/06/Rectangle-240.png,https://sciencedivine.org/wp-content/uploads/2023/06/Rectangle-240.png,WordPress REST API: media,,,UNVERIFIED,,,No,Rectangle 240,,,image/png,,,,,,,,,,,,,,NOT TESTED,SEO migration lead,Alt text missing/unverified | WP modified: 2023-06-20T09:14:10
https://sciencedivine.org/wp-content/uploads/2023/06/Rectangle-241.png,https://sciencedivine.org/wp-content/uploads/2023/06/Rectangle-241.png,WordPress REST API: media,,,UNVERIFIED,,,No,Rectangle 241,,,image/png,,,,,,,,,,,,,,NOT TESTED,SEO migration lead,Alt text missing/unverified | WP modified: 2023-06-20T09:44:26
https://sciencedivine.org/wp-content/uploads/2023/06/Rectangle-243.png,https://sciencedivine.org/wp-content/uploads/2023/06/Rectangle-243.png,WordPress REST API: media,,,UNVERIFIED,,,No,Rectangle 243,,,image/png,,,,,,,,,,,,,,NOT TESTED,SEO migration lead,Alt text missing/unverified | WP modified: 2023-06-20T10:41:06
https://sciencedivine.org/wp-content/uploads/2023/06/Rectangle-247.png,https://sciencedivine.org/wp-content/uploads/2023/06/Rectangle-247.png,WordPress REST API: media,,,UNVERIFIED,,,No,Rectangle 247,,,image/png,,,,,,,,,,,,,,NOT TESTED,SEO migration lead,Alt text missing/unverified | WP modified: 2023-06-20T10:48:02
https://sciencedivine.org/wp-content/uploads/2023/06/Rectangle-253.png,https://sciencedivine.org/wp-content/uploads/2023/06/Rectangle-253.png,WordPress REST API: media,,,UNVERIFIED,,,No,Rectangle 253,,,image/png,,,,,,,,,,,,,,NOT TESTED,SEO migration lead,Alt text missing/unverified | WP modified: 2023-06-21T06:43:42
https://sciencedivine.org/wp-content/uploads/2023/06/Rectangle-261.jpg,https://sciencedivine.org/wp-content/uploads/2023/06/Rectangle-261.jpg,WordPress REST API: media,,,UNVERIFIED,,,No,Rectangle 261,,,image/jpeg,,,,,,,,,,,,,,NOT TESTED,SEO migration lead,Alt text missing/unverified | WP modified: 2023-06-29T11:51:41
https://sciencedivine.org/wp-content/uploads/2023/06/Rectangle-261.png,https://sciencedivine.org/wp-content/uploads/2023/06/Rectangle-261.png,WordPress REST API: media,,,UNVERIFIED,,,No,Rectangle 261,,,image/png,,,,,,,,,,,,,,NOT TESTED,SEO migration lead,Alt text missing/unverified | WP modified: 2023-06-21T06:49:05
https://sciencedivine.org/wp-content/uploads/2023/06/Rectangle-277.jpg,https://sciencedivine.org/wp-content/uploads/2023/06/Rectangle-277.jpg,WordPress REST API: media,,,UNVERIFIED,,,No,Rectangle 277,,,image/jpeg,,,,,,,,,,,,,,NOT TESTED,SEO migration lead,Alt text missing/unverified | WP modified: 2023-06-21T07:08:11
https://sciencedivine.org/wp-content/uploads/2023/06/Rectangle-278.png,https://sciencedivine.org/wp-content/uploads/2023/06/Rectangle-278.png,WordPress REST API: media,,,UNVERIFIED,,,No,Rectangle 278,,,image/png,,,,,,,,,,,,,,NOT TESTED,SEO migration lead,Alt text missing/unverified | WP modified: 2023-06-21T07:14:28
https://sciencedivine.org/wp-content/uploads/2023/06/Rectangle-279.png,https://sciencedivine.org/wp-content/uploads/2023/06/Rectangle-279.png,WordPress REST API: media,,,UNVERIFIED,,,No,Rectangle 279,,,image/png,,,,,,,,,,,,,,NOT TESTED,SEO migration lead,Alt text missing/unverified | WP modified: 2023-06-21T07:16:54
https://sciencedivine.org/wp-content/uploads/2023/06/Rectangle-284.png,https://sciencedivine.org/wp-content/uploads/2023/06/Rectangle-284.png,WordPress REST API: media,,,UNVERIFIED,,,No,Rectangle 284,,,image/png,,,,,,,,,,,,,,NOT TESTED,SEO migration lead,Alt text missing/unverified | WP modified: 2023-06-30T05:28:09
https://sciencedivine.org/wp-content/uploads/2023/06/Rectangle-55.png,https://sciencedivine.org/wp-content/uploads/2023/06/Rectangle-55.png,WordPress REST API: media,,,UNVERIFIED,,,No,Rectangle 55,,,image/png,,,,,,,,,,,,,,NOT TESTED,SEO migration lead,Alt text missing/unverified | WP modified: 2023-06-20T12:58:48
https://sciencedivine.org/wp-content/uploads/2023/06/Rectangle-56.jpg,https://sciencedivine.org/wp-content/uploads/2023/06/Rectangle-56.jpg,WordPress REST API: media,,,UNVERIFIED,,,No,Rectangle-56.jpg,,,image/jpeg,,,,,,,,,,,,,,NOT TESTED,SEO migration lead,Alt text missing/unverified | WP modified: 2023-06-26T11:58:39
https://sciencedivine.org/wp-content/uploads/2023/06/Rectangle-59.jpg,https://sciencedivine.org/wp-content/uploads/2023/06/Rectangle-59.jpg,WordPress REST API: media,,,UNVERIFIED,,,No,Rectangle-59.jpg,,,image/jpeg,,,,,,,,,,,,,,NOT TESTED,SEO migration lead,Alt text missing/unverified | WP modified: 2023-06-26T11:59:41
https://sciencedivine.org/wp-content/uploads/2023/06/Screen_Shot_2023-04-28_at_8.23-1.png,https://sciencedivine.org/wp-content/uploads/2023/06/Screen_Shot_2023-04-28_at_8.23-1.png,WordPress REST API: media,,,UNVERIFIED,,,No,Screen_Shot_2023-04-28_at_8.23-1.png,,,image/png,,,,,,,,,,,,,,NOT TESTED,SEO migration lead,Alt text missing/unverified | WP modified: 2023-06-26T12:00:14
https://sciencedivine.org/wp-content/uploads/2023/06/Screen-Shot-2023-04-28-at-7.54-1.png,https://sciencedivine.org/wp-content/uploads/2023/06/Screen-Shot-2023-04-28-at-7.54-1.png,WordPress REST API: media,,,UNVERIFIED,,,No,Screen-Shot-2023-04-28-at-7.54-1.png,,,image/png,,,,,,,,,,,,,,NOT TESTED,SEO migration lead,Alt text missing/unverified | WP modified: 2023-06-26T12:00:05
https://sciencedivine.org/wp-content/uploads/2023/06/Screen-Shot-2023-04-28-at-7.54.png,https://sciencedivine.org/wp-content/uploads/2023/06/Screen-Shot-2023-04-28-at-7.54.png,WordPress REST API: media,,,UNVERIFIED,,,No,Screen-Shot-2023-04-28-at-7.54.png,,,image/png,,,,,,,,,,,,,,NOT TESTED,SEO migration lead,Alt text missing/unverified | WP modified: 2023-06-26T12:00:05
https://sciencedivine.org/wp-content/uploads/2023/06/Screen-Shot-2023-04-28-at-8.01-1.png,https://sciencedivine.org/wp-content/uploads/2023/06/Screen-Shot-2023-04-28-at-8.01-1.png,WordPress REST API: media,,,UNVERIFIED,,,No,Screen-Shot-2023-04-28-at-8.01-1.png,,,image/png,,,,,,,,,,,,,,NOT TESTED,SEO migration lead,Alt text missing/unverified | WP modified: 2023-06-26T12:00:05
https://sciencedivine.org/wp-content/uploads/2023/06/Screen-Shot-2023-05-07-at-9.16.25-PM.png,https://sciencedivine.org/wp-content/uploads/2023/06/Screen-Shot-2023-05-07-at-9.16.25-PM.png,WordPress REST API: media,,,UNVERIFIED,,,No,Screen-Shot-2023-05-07-at-9.16.25-PM.png,,,image/png,,,,,,,,,,,,,,NOT TESTED,SEO migration lead,Alt text missing/unverified | WP modified: 2023-06-26T12:00:25
https://sciencedivine.org/wp-content/uploads/2023/06/Screen-Shot-2023-05-07-at-9.17.41-PM.png,https://sciencedivine.org/wp-content/uploads/2023/06/Screen-Shot-2023-05-07-at-9.17.41-PM.png,WordPress REST API: media,,,UNVERIFIED,,,No,Screen-Shot-2023-05-07-at-9.17.41-PM.png,,,image/png,,,,,,,,,,,,,,NOT TESTED,SEO migration lead,Alt text missing/unverified | WP modified: 2023-07-13T05:44:14
https://sciencedivine.org/wp-content/uploads/2023/06/Screen-Shot-2023-05-07-at-9.19.17-PM.png,https://sciencedivine.org/wp-content/uploads/2023/06/Screen-Shot-2023-05-07-at-9.19.17-PM.png,WordPress REST API: media,,,UNVERIFIED,,,No,Screen-Shot-2023-05-07-at-9.19.17-PM.png,,,image/png,,,,,,,,,,,,,,NOT TESTED,SEO migration lead,Alt text missing/unverified | WP modified: 2023-06-26T12:00:25
https://sciencedivine.org/wp-content/uploads/2023/06/Screenshot-2025-04-05-120803.png,https://sciencedivine.org/wp-content/uploads/2023/06/Screenshot-2025-04-05-120803.png,WordPress REST API: media,,,UNVERIFIED,,,No,Screenshot 2025-04-05 120803,,,image/png,,,,,,,,,,,,,,NOT TESTED,SEO migration lead,Alt text missing/unverified | WP modified: 2025-04-05T12:09:47
https://sciencedivine.org/wp-content/uploads/2023/06/Screenshot-2025-04-05-120818.png,https://sciencedivine.org/wp-content/uploads/2023/06/Screenshot-2025-04-05-120818.png,WordPress REST API: media,,,UNVERIFIED,,,No,Screenshot 2025-04-05 120818,,,image/png,,,,,,,,,,,,,,NOT TESTED,SEO migration lead,Alt text missing/unverified | WP modified: 2025-04-05T12:09:50
https://sciencedivine.org/wp-content/uploads/2023/06/Screenshot-2025-04-05-120827.png,https://sciencedivine.org/wp-content/uploads/2023/06/Screenshot-2025-04-05-120827.png,WordPress REST API: media,,,UNVERIFIED,,,No,Screenshot 2025-04-05 120827,,,image/png,,,,,,,,,,,,,,NOT TESTED,SEO migration lead,Alt text missing/unverified | WP modified: 2025-04-05T12:09:53
https://sciencedivine.org/wp-content/uploads/2023/06/Screenshot-2025-04-05-120848.png,https://sciencedivine.org/wp-content/uploads/2023/06/Screenshot-2025-04-05-120848.png,WordPress REST API: media,,,UNVERIFIED,,,No,Screenshot 2025-04-05 120848,,,image/png,,,,,,,,,,,,,,NOT TESTED,SEO migration lead,Alt text missing/unverified | WP modified: 2025-04-05T12:09:56
https://sciencedivine.org/wp-content/uploads/2023/06/Screenshot-2025-04-05-120859.png,https://sciencedivine.org/wp-content/uploads/2023/06/Screenshot-2025-04-05-120859.png,WordPress REST API: media,,,UNVERIFIED,,,No,Screenshot 2025-04-05 120859,,,image/png,,,,,,,,,,,,,,NOT TESTED,SEO migration lead,Alt text missing/unverified | WP modified: 2025-04-05T12:09:59
https://sciencedivine.org/wp-content/uploads/2023/06/Screenshot-2025-04-05-120910.png,https://sciencedivine.org/wp-content/uploads/2023/06/Screenshot-2025-04-05-120910.png,WordPress REST API: media,,,UNVERIFIED,,,No,Screenshot 2025-04-05 120910,,,image/png,,,,,,,,,,,,,,NOT TESTED,SEO migration lead,Alt text missing/unverified | WP modified: 2025-04-05T12:10:01
https://sciencedivine.org/wp-content/uploads/2023/06/sdf-logo-monochrome-1.png,https://sciencedivine.org/wp-content/uploads/2023/06/sdf-logo-monochrome-1.png,WordPress REST API: media,,,UNVERIFIED,,,No,sdf-logo-monochrome,,,image/png,,,,,,,,,,,,,,NOT TESTED,SEO migration lead,Alt text missing/unverified | WP modified: 2023-08-10T08:38:50
https://sciencedivine.org/wp-content/uploads/2023/06/sdf-logo-monochrome.png,https://sciencedivine.org/wp-content/uploads/2023/06/sdf-logo-monochrome.png,WordPress REST API: media,,,UNVERIFIED,,,No,sdf-logo-monochrome,,,image/png,,,,,,,,,,,,,,NOT TESTED,SEO migration lead,Alt text missing/unverified | WP modified: 2023-08-10T08:34:51
https://sciencedivine.org/wp-content/uploads/2023/06/share-07.svg,https://sciencedivine.org/wp-content/uploads/2023/06/share-07.svg,WordPress REST API: media,,,UNVERIFIED,,,No,share-07,,,image/svg+xml,,,,,,,,,,,,,,NOT TESTED,SEO migration lead,Alt text missing/unverified | WP modified: 2023-06-29T12:18:29
https://sciencedivine.org/wp-content/uploads/2023/06/share-icon.svg,https://sciencedivine.org/wp-content/uploads/2023/06/share-icon.svg,WordPress REST API: media,,,UNVERIFIED,,,No,share-icon,,,image/svg+xml,,,,,,,,,,,,,,NOT TESTED,SEO migration lead,Alt text missing/unverified | WP modified: 2023-06-09T05:05:35
https://sciencedivine.org/wp-content/uploads/2023/06/Shivir-Testmonial-Video_03-1.mp4,https://sciencedivine.org/wp-content/uploads/2023/06/Shivir-Testmonial-Video_03-1.mp4,WordPress REST API: media,200,,UNVERIFIED,,,No,Shivir Testmonial Video_03 (1),,,video/mp4,,,,,,,,,,,,,,NOT TESTED,SEO migration lead,Alt text missing/unverified | WP modified: 2025-01-20T16:45:45
https://sciencedivine.org/wp-content/uploads/2023/06/silence1.jpg,https://sciencedivine.org/wp-content/uploads/2023/06/silence1.jpg,WordPress REST API: media,,,UNVERIFIED,,,No,silence1,,,image/jpeg,,,,,,,,,,,,,,NOT TESTED,SEO migration lead,Alt text missing/unverified | WP modified: 2023-06-09T09:32:56
https://sciencedivine.org/wp-content/uploads/2023/06/silence2.jpg,https://sciencedivine.org/wp-content/uploads/2023/06/silence2.jpg,WordPress REST API: media,,,UNVERIFIED,,,No,silence2,,,image/jpeg,,,,,,,,,,,,,,NOT TESTED,SEO migration lead,Alt text missing/unverified | WP modified: 2023-06-12T05:37:29
https://sciencedivine.org/wp-content/uploads/2023/06/silence3-1.jpg,https://sciencedivine.org/wp-content/uploads/2023/06/silence3-1.jpg,WordPress REST API: media,,,UNVERIFIED,,,No,silence3,,,image/jpeg,,,,,,,,,,,,,,NOT TESTED,SEO migration lead,Alt text missing/unverified | WP modified: 2023-06-12T10:30:24
https://sciencedivine.org/wp-content/uploads/2023/06/silence3.jpg,https://sciencedivine.org/wp-content/uploads/2023/06/silence3.jpg,WordPress REST API: media,,,UNVERIFIED,,,No,silence3,,,image/jpeg,,,,,,,,,,,,,,NOT TESTED,SEO migration lead,Alt text missing/unverified | WP modified: 2023-06-12T05:38:29
https://sciencedivine.org/wp-content/uploads/2023/06/silence4.jpg,https://sciencedivine.org/wp-content/uploads/2023/06/silence4.jpg,WordPress REST API: media,,,UNVERIFIED,,,No,silence4,,,image/jpeg,,,,,,,,,,,,,,NOT TESTED,SEO migration lead,Alt text missing/unverified | WP modified: 2023-06-12T05:39:12
https://sciencedivine.org/wp-content/uploads/2023/06/Sydneypicnic-2.jpg,https://sciencedivine.org/wp-content/uploads/2023/06/Sydneypicnic-2.jpg,WordPress REST API: media,,,UNVERIFIED,,,No,Sydneypicnic-2.jpg,,,image/jpeg,,,,,,,,,,,,,,NOT TESTED,SEO migration lead,Alt text missing/unverified | WP modified: 2023-06-26T12:00:26
https://sciencedivine.org/wp-content/uploads/2023/06/Sydneypicnic.jpg,https://sciencedivine.org/wp-content/uploads/2023/06/Sydneypicnic.jpg,WordPress REST API: media,,,UNVERIFIED,,,No,Sydneypicnic.jpg,,,image/jpeg,,,,,,,,,,,,,,NOT TESTED,SEO migration lead,Alt text missing/unverified | WP modified: 2023-06-26T12:00:25
https://sciencedivine.org/wp-content/uploads/2023/06/telegram-1.svg,https://sciencedivine.org/wp-content/uploads/2023/06/telegram-1.svg,WordPress REST API: media,,,UNVERIFIED,,,No,telegram,,,image/svg+xml,,,,,,,,,,,,,,NOT TESTED,SEO migration lead,Alt text missing/unverified | WP modified: 2023-06-13T05:43:24
https://sciencedivine.org/wp-content/uploads/2023/06/telegram.svg,https://sciencedivine.org/wp-content/uploads/2023/06/telegram.svg,WordPress REST API: media,,,UNVERIFIED,,,No,telegram,,,image/svg+xml,,,,,,,,,,,,,,NOT TESTED,SEO migration lead,Alt text missing/unverified | WP modified: 2023-06-13T05:39:21
https://sciencedivine.org/wp-content/uploads/2023/06/us-celefornia-sciencedivinelogo.png,https://sciencedivine.org/wp-content/uploads/2023/06/us-celefornia-sciencedivinelogo.png,WordPress REST API: media,,,UNVERIFIED,,,No,us-celefornia-sciencedivinelogo,,,image/png,,,,,,,,,,,,,,NOT TESTED,SEO migration lead,Alt text missing/unverified | WP modified: 2024-05-15T09:04:03
https://sciencedivine.org/wp-content/uploads/2023/06/ussciencedivinelogo.png,https://sciencedivine.org/wp-content/uploads/2023/06/ussciencedivinelogo.png,WordPress REST API: media,,,UNVERIFIED,,,No,ussciencedivinelogo,,,image/png,,,,,,,,,,,,,,NOT TESTED,SEO migration lead,Alt text missing/unverified | WP modified: 2024-05-15T08:57:50
https://sciencedivine.org/wp-content/uploads/2023/06/young-back.png,https://sciencedivine.org/wp-content/uploads/2023/06/young-back.png,WordPress REST API: media,,,UNVERIFIED,,,No,young-back,,,image/png,,,,,,,,,,,,,,NOT TESTED,SEO migration lead,Alt text missing/unverified | WP modified: 2023-06-09T06:11:26
https://sciencedivine.org/wp-content/uploads/2023/06/young-img1.jpg,https://sciencedivine.org/wp-content/uploads/2023/06/young-img1.jpg,WordPress REST API: media,,,UNVERIFIED,,,No,young-img1,,,image/jpeg,,,,,,,,,,,,,,NOT TESTED,SEO migration lead,Alt text missing/unverified | WP modified: 2023-06-09T06:14:07
https://sciencedivine.org/wp-content/uploads/2023/06/young-img2.jpg,https://sciencedivine.org/wp-content/uploads/2023/06/young-img2.jpg,WordPress REST API: media,,,UNVERIFIED,,,No,young-img2,,,image/jpeg,,,,,,,,,,,,,,NOT TESTED,SEO migration lead,Alt text missing/unverified | WP modified: 2023-06-09T06:21:24
https://sciencedivine.org/wp-content/uploads/2023/06/ypung-img2.png,https://sciencedivine.org/wp-content/uploads/2023/06/ypung-img2.png,WordPress REST API: media,,,UNVERIFIED,,,No,ypung-img2,,,image/png,,,,,,,,,,,,,,NOT TESTED,SEO migration lead,Alt text missing/unverified | WP modified: 2023-06-09T06:40:46
https://sciencedivine.org/wp-content/uploads/2023/07/09ff559d7b6b90e62362b9b488057eb4.png,https://sciencedivine.org/wp-content/uploads/2023/07/09ff559d7b6b90e62362b9b488057eb4.png,WordPress REST API: media,,,UNVERIFIED,,,No,09ff559d7b6b90e62362b9b488057eb4,,,image/png,,,,,,,,,,,,,,NOT TESTED,SEO migration lead,Alt text missing/unverified | WP modified: 2023-07-31T06:01:18
https://sciencedivine.org/wp-content/uploads/2023/07/156129-black_and_white-atmosphere-parallels-electric_blue-science-x750-4.png,https://sciencedivine.org/wp-content/uploads/2023/07/156129-black_and_white-atmosphere-parallels-electric_blue-science-x750-4.png,WordPress REST API: media,,,UNVERIFIED,,,No,156129-black_and_white-atmosphere-parallels-electric_blue-science-x750 4,,,image/png,,,,,,,,,,,,,,NOT TESTED,SEO migration lead,Alt text missing/unverified | WP modified: 2023-07-31T05:57:59
https://sciencedivine.org/wp-content/uploads/2023/07/69795b64c006d0aecd3a0e3cf0819479.png,https://sciencedivine.org/wp-content/uploads/2023/07/69795b64c006d0aecd3a0e3cf0819479.png,WordPress REST API: media,,,UNVERIFIED,,,No,69795b64c006d0aecd3a0e3cf0819479,,,image/png,,,,,,,,,,,,,,NOT TESTED,SEO migration lead,Alt text missing/unverified | WP modified: 2023-07-31T06:17:51
https://sciencedivine.org/wp-content/uploads/2023/07/863901c40dc684a82733924ef26bf17a.png,https://sciencedivine.org/wp-content/uploads/2023/07/863901c40dc684a82733924ef26bf17a.png,WordPress REST API: media,,,UNVERIFIED,,,No,863901c40dc684a82733924ef26bf17a.png,,,image/png,,,,,,,,,,,,,,NOT TESTED,SEO migration lead,Alt text missing/unverified | WP modified: 2023-07-31T05:51:07
https://sciencedivine.org/wp-content/uploads/2023/07/a1.svg,https://sciencedivine.org/wp-content/uploads/2023/07/a1.svg,WordPress REST API: media,,,UNVERIFIED,,,No,a1,,,image/svg+xml,,,,,,,,,,,,,,NOT TESTED,SEO migration lead,Alt text missing/unverified | WP modified: 2023-07-31T06:14:58
https://sciencedivine.org/wp-content/uploads/2023/07/a10-1.svg,https://sciencedivine.org/wp-content/uploads/2023/07/a10-1.svg,WordPress REST API: media,,,UNVERIFIED,,,No,a10,,,image/svg+xml,,,,,,,,,,,,,,NOT TESTED,SEO migration lead,Alt text missing/unverified | WP modified: 2023-07-31T06:16:39
https://sciencedivine.org/wp-content/uploads/2023/07/a10.svg,https://sciencedivine.org/wp-content/uploads/2023/07/a10.svg,WordPress REST API: media,,,UNVERIFIED,,,No,a10,,,image/svg+xml,,,,,,,,,,,,,,NOT TESTED,SEO migration lead,Alt text missing/unverified | WP modified: 2023-07-31T06:16:22
https://sciencedivine.org/wp-content/uploads/2023/07/a11.svg,https://sciencedivine.org/wp-content/uploads/2023/07/a11.svg,WordPress REST API: media,,,UNVERIFIED,,,No,a11,,,image/svg+xml,,,,,,,,,,,,,,NOT TESTED,SEO migration lead,Alt text missing/unverified | WP modified: 2023-07-31T06:16:46
https://sciencedivine.org/wp-content/uploads/2023/07/a12.svg,https://sciencedivine.org/wp-content/uploads/2023/07/a12.svg,WordPress REST API: media,,,UNVERIFIED,,,No,a12,,,image/svg+xml,,,,,,,,,,,,,,NOT TESTED,SEO migration lead,Alt text missing/unverified | WP modified: 2023-07-31T06:16:55
https://sciencedivine.org/wp-content/uploads/2023/07/a2.svg,https://sciencedivine.org/wp-content/uploads/2023/07/a2.svg,WordPress REST API: media,,,UNVERIFIED,,,No,a2,,,image/svg+xml,,,,,,,,,,,,,,NOT TESTED,SEO migration lead,Alt text missing/unverified | WP modified: 2023-07-31T06:15:09
https://sciencedivine.org/wp-content/uploads/2023/07/a3.svg,https://sciencedivine.org/wp-content/uploads/2023/07/a3.svg,WordPress REST API: media,,,UNVERIFIED,,,No,a3,,,image/svg+xml,,,,,,,,,,,,,,NOT TESTED,SEO migration lead,Alt text missing/unverified | WP modified: 2023-07-31T06:15:21
https://sciencedivine.org/wp-content/uploads/2023/07/a4.svg,https://sciencedivine.org/wp-content/uploads/2023/07/a4.svg,WordPress REST API: media,,,UNVERIFIED,,,No,a4,,,image/svg+xml,,,,,,,,,,,,,,NOT TESTED,SEO migration lead,Alt text missing/unverified | WP modified: 2023-07-31T06:15:29
https://sciencedivine.org/wp-content/uploads/2023/07/a5.svg,https://sciencedivine.org/wp-content/uploads/2023/07/a5.svg,WordPress REST API: media,,,UNVERIFIED,,,No,a5,,,image/svg+xml,,,,,,,,,,,,,,NOT TESTED,SEO migration lead,Alt text missing/unverified | WP modified: 2023-07-31T06:15:40
https://sciencedivine.org/wp-content/uploads/2023/07/a6.svg,https://sciencedivine.org/wp-content/uploads/2023/07/a6.svg,WordPress REST API: media,,,UNVERIFIED,,,No,a6,,,image/svg+xml,,,,,,,,,,,,,,NOT TESTED,SEO migration lead,Alt text missing/unverified | WP modified: 2023-07-31T06:15:49
https://sciencedivine.org/wp-content/uploads/2023/07/a7.svg,https://sciencedivine.org/wp-content/uploads/2023/07/a7.svg,WordPress REST API: media,,,UNVERIFIED,,,No,a7,,,image/svg+xml,,,,,,,,,,,,,,NOT TESTED,SEO migration lead,Alt text missing/unverified | WP modified: 2023-07-31T06:15:58
https://sciencedivine.org/wp-content/uploads/2023/07/a8.svg,https://sciencedivine.org/wp-content/uploads/2023/07/a8.svg,WordPress REST API: media,,,UNVERIFIED,,,No,a8,,,image/svg+xml,,,,,,,,,,,,,,NOT TESTED,SEO migration lead,Alt text missing/unverified | WP modified: 2023-07-31T06:16:06
https://sciencedivine.org/wp-content/uploads/2023/07/a9.svg,https://sciencedivine.org/wp-content/uploads/2023/07/a9.svg,WordPress REST API: media,,,UNVERIFIED,,,No,a9,,,image/svg+xml,,,,,,,,,,,,,,NOT TESTED,SEO migration lead,Alt text missing/unverified | WP modified: 2023-07-31T06:16:14
https://sciencedivine.org/wp-content/uploads/2023/07/cropped-SD_logo.png,https://sciencedivine.org/wp-content/uploads/2023/07/cropped-SD_logo.png,WordPress REST API: media,,,UNVERIFIED,,,No,cropped-SD_logo.png,,,image/png,,,,,,,,,,,,,,NOT TESTED,SEO migration lead,Alt text missing/unverified | WP modified: 2023-07-31T08:32:35
https://sciencedivine.org/wp-content/uploads/2023/07/d5fb53504fe82dcd18561f30cfeb87be.png,https://sciencedivine.org/wp-content/uploads/2023/07/d5fb53504fe82dcd18561f30cfeb87be.png,WordPress REST API: media,,,UNVERIFIED,,,No,d5fb53504fe82dcd18561f30cfeb87be,,,image/png,,,,,,,,,,,,,,NOT TESTED,SEO migration lead,Alt text missing/unverified | WP modified: 2023-07-31T05:59:28
https://sciencedivine.org/wp-content/uploads/2023/07/Ellipse-34.svg,https://sciencedivine.org/wp-content/uploads/2023/07/Ellipse-34.svg,WordPress REST API: media,,,UNVERIFIED,,,No,Ellipse 34,,,image/svg+xml,,,,,,,,,,,,,,NOT TESTED,SEO migration lead,Alt text missing/unverified | WP modified: 2023-07-13T05:10:22
https://sciencedivine.org/wp-content/uploads/2023/07/Ellipse-35.png,https://sciencedivine.org/wp-content/uploads/2023/07/Ellipse-35.png,WordPress REST API: media,,,UNVERIFIED,,,No,Ellipse 35,,,image/png,,,,,,,,,,,,,,NOT TESTED,SEO migration lead,Alt text missing/unverified | WP modified: 2023-07-31T06:00:51
https://sciencedivine.org/wp-content/uploads/2023/07/Play-button.svg,https://sciencedivine.org/wp-content/uploads/2023/07/Play-button.svg,WordPress REST API: media,,,UNVERIFIED,,,No,Play button,,,image/svg+xml,,,,,,,,,,,,,,NOT TESTED,SEO migration lead,Alt text missing/unverified | WP modified: 2023-07-13T07:24:11
https://sciencedivine.org/wp-content/uploads/2023/07/Recording.png,https://sciencedivine.org/wp-content/uploads/2023/07/Recording.png,WordPress REST API: media,,,UNVERIFIED,,,No,Recording,,,image/png,,,,,,,,,,,,,,NOT TESTED,SEO migration lead,Alt text missing/unverified | WP modified: 2023-08-10T11:08:22
https://sciencedivine.org/wp-content/uploads/2023/07/Recording.svg,https://sciencedivine.org/wp-content/uploads/2023/07/Recording.svg,WordPress REST API: media,,,UNVERIFIED,,,No,Recording,,,image/svg+xml,,,,,,,,,,,,,,NOT TESTED,SEO migration lead,Alt text missing/unverified | WP modified: 2023-07-13T07:30:42
https://sciencedivine.org/wp-content/uploads/2023/07/Rectangle-293.png,https://sciencedivine.org/wp-content/uploads/2023/07/Rectangle-293.png,WordPress REST API: media,,,UNVERIFIED,,,No,Rectangle 293,,,image/png,,,,,,,,,,,,,,NOT TESTED,SEO migration lead,Alt text missing/unverified | WP modified: 2023-07-13T04:49:42
https://sciencedivine.org/wp-content/uploads/2023/07/Rectangle-294.png,https://sciencedivine.org/wp-content/uploads/2023/07/Rectangle-294.png,WordPress REST API: media,,,UNVERIFIED,,,No,Rectangle 294,,,image/png,,,,,,,,,,,,,,NOT TESTED,SEO migration lead,Alt text missing/unverified | WP modified: 2023-07-13T05:39:19
https://sciencedivine.org/wp-content/uploads/2023/07/SD_logo.png,https://sciencedivine.org/wp-content/uploads/2023/07/SD_logo.png,WordPress REST API: media,,,UNVERIFIED,,,No,SD_logo,,,image/png,,,,,,,,,,,,,,NOT TESTED,SEO migration lead,Alt text missing/unverified | WP modified: 2023-07-31T08:32:22
https://sciencedivine.org/wp-content/uploads/2023/08/13-2.png,https://sciencedivine.org/wp-content/uploads/2023/08/13-2.png,WordPress REST API: media,,,UNVERIFIED,,,No,13 2,,,image/png,,,,,,,,,,,,,,NOT TESTED,SEO migration lead,Alt text missing/unverified | WP modified: 2023-08-10T09:54:12
https://sciencedivine.org/wp-content/uploads/2023/08/2-1.png,https://sciencedivine.org/wp-content/uploads/2023/08/2-1.png,WordPress REST API: media,,,UNVERIFIED,,,No,,,,image/png,,,,,,,,,,,,,,NOT TESTED,SEO migration lead,Alt text missing/unverified | WP modified: 2023-08-09T17:46:06
https://sciencedivine.org/wp-content/uploads/2023/08/2.png,https://sciencedivine.org/wp-content/uploads/2023/08/2.png,WordPress REST API: media,,,UNVERIFIED,,,No,,,,image/png,,,,,,,,,,,,,,NOT TESTED,SEO migration lead,Alt text missing/unverified | WP modified: 2023-08-09T17:27:15
https://sciencedivine.org/wp-content/uploads/2023/08/2e63568a50d1412b121b9171ad5a57ac.png,https://sciencedivine.org/wp-content/uploads/2023/08/2e63568a50d1412b121b9171ad5a57ac.png,WordPress REST API: media,,,UNVERIFIED,,,No,2e63568a50d1412b121b9171ad5a57ac,,,image/png,,,,,,,,,,,,,,NOT TESTED,SEO migration lead,Alt text missing/unverified | WP modified: 2023-08-10T09:53:20
https://sciencedivine.org/wp-content/uploads/2023/08/3.png,https://sciencedivine.org/wp-content/uploads/2023/08/3.png,WordPress REST API: media,,,UNVERIFIED,,,No,,,,image/png,,,,,,,,,,,,,,NOT TESTED,SEO migration lead,Alt text missing/unverified | WP modified: 2023-08-09T17:27:22
https://sciencedivine.org/wp-content/uploads/2023/08/8d65893a1e12f7952b864918371bb882-1.png,https://sciencedivine.org/wp-content/uploads/2023/08/8d65893a1e12f7952b864918371bb882-1.png,WordPress REST API: media,,,UNVERIFIED,,,No,8d65893a1e12f7952b864918371bb882,,,image/png,,,,,,,,,,,,,,NOT TESTED,SEO migration lead,Alt text missing/unverified | WP modified: 2023-08-10T09:23:47
https://sciencedivine.org/wp-content/uploads/2023/08/8d65893a1e12f7952b864918371bb882.png,https://sciencedivine.org/wp-content/uploads/2023/08/8d65893a1e12f7952b864918371bb882.png,WordPress REST API: media,,,UNVERIFIED,,,No,8d65893a1e12f7952b864918371bb882,,,image/png,,,,,,,,,,,,,,NOT TESTED,SEO migration lead,Alt text missing/unverified | WP modified: 2023-08-10T09:16:40
https://sciencedivine.org/wp-content/uploads/2023/08/a2580a89fea54040e0f76535ac2d27fc.png,https://sciencedivine.org/wp-content/uploads/2023/08/a2580a89fea54040e0f76535ac2d27fc.png,WordPress REST API: media,,,UNVERIFIED,,,No,a2580a89fea54040e0f76535ac2d27fc,,,image/png,,,,,,,,,,,,,,NOT TESTED,SEO migration lead,Alt text missing/unverified | WP modified: 2023-08-10T11:33:19
https://sciencedivine.org/wp-content/uploads/2023/08/destiny-back-scaled.jpg,https://sciencedivine.org/wp-content/uploads/2023/08/destiny-back-scaled.jpg,WordPress REST API: media,,,UNVERIFIED,,,No,destiny-back,,,image/jpeg,,,,,,,,,,,,,,NOT TESTED,SEO migration lead,Alt text missing/unverified | WP modified: 2023-08-10T05:20:19
https://sciencedivine.org/wp-content/uploads/2023/08/discover-back-scaled.jpg,https://sciencedivine.org/wp-content/uploads/2023/08/discover-back-scaled.jpg,WordPress REST API: media,,,UNVERIFIED,,,No,discover-back,,,image/jpeg,,,,,,,,,,,,,,NOT TESTED,SEO migration lead,Alt text missing/unverified | WP modified: 2023-08-10T09:02:34
https://sciencedivine.org/wp-content/uploads/2023/08/download-10.jpeg,https://sciencedivine.org/wp-content/uploads/2023/08/download-10.jpeg,WordPress REST API: media,,,UNVERIFIED,,,No,download-10,,,image/jpeg,,,,,,,,,,,,,,NOT TESTED,SEO migration lead,Alt text missing/unverified | WP modified: 2024-06-01T06:32:58
https://sciencedivine.org/wp-content/uploads/2023/08/download-2023-08-10T224443.595.png,https://sciencedivine.org/wp-content/uploads/2023/08/download-2023-08-10T224443.595.png,WordPress REST API: media,,,UNVERIFIED,,,No,download-2023-08-10T224443.595,,,image/png,,,,,,,,,,,,,,NOT TESTED,SEO migration lead,Alt text missing/unverified | WP modified: 2024-06-01T06:34:12
https://sciencedivine.org/wp-content/uploads/2023/08/download-7.jpeg,https://sciencedivine.org/wp-content/uploads/2023/08/download-7.jpeg,WordPress REST API: media,,,UNVERIFIED,,,No,download-7,,,image/jpeg,,,,,,,,,,,,,,NOT TESTED,SEO migration lead,Alt text missing/unverified | WP modified: 2024-06-01T06:33:44
https://sciencedivine.org/wp-content/uploads/2023/08/dpsru-278x300-1.png,https://sciencedivine.org/wp-content/uploads/2023/08/dpsru-278x300-1.png,WordPress REST API: media,,,UNVERIFIED,,,No,dpsru-278&#215;300,,,image/png,,,,,,,,,,,,,,NOT TESTED,SEO migration lead,Alt text missing/unverified | WP modified: 2024-06-01T06:34:32
https://sciencedivine.org/wp-content/uploads/2023/08/Ellipse-38.png,https://sciencedivine.org/wp-content/uploads/2023/08/Ellipse-38.png,WordPress REST API: media,,,UNVERIFIED,,,No,Ellipse 38,,,image/png,,,,,,,,,,,,,,NOT TESTED,SEO migration lead,Alt text missing/unverified | WP modified: 2023-08-10T09:37:36
https://sciencedivine.org/wp-content/uploads/2023/08/facebook-1.svg,https://sciencedivine.org/wp-content/uploads/2023/08/facebook-1.svg,WordPress REST API: media,,,UNVERIFIED,,,No,facebook 1,,,image/svg+xml,,,,,,,,,,,,,,NOT TESTED,SEO migration lead,Alt text missing/unverified | WP modified: 2023-08-23T08:39:24
https://sciencedivine.org/wp-content/uploads/2023/08/Group-50.png,https://sciencedivine.org/wp-content/uploads/2023/08/Group-50.png,WordPress REST API: media,,,UNVERIFIED,,,No,Group 50,,,image/png,,,,,,,,,,,,,,NOT TESTED,SEO migration lead,Alt text missing/unverified | WP modified: 2023-08-27T07:58:03
https://sciencedivine.org/wp-content/uploads/2023/08/Group-51.png,https://sciencedivine.org/wp-content/uploads/2023/08/Group-51.png,WordPress REST API: media,,,UNVERIFIED,,,No,Group 51,,,image/png,,,,,,,,,,,,,,NOT TESTED,SEO migration lead,Alt text missing/unverified | WP modified: 2023-08-27T11:57:12
https://sciencedivine.org/wp-content/uploads/2023/08/Group-52.png,https://sciencedivine.org/wp-content/uploads/2023/08/Group-52.png,WordPress REST API: media,,,UNVERIFIED,,,No,Group 52,,,image/png,,,,,,,,,,,,,,NOT TESTED,SEO migration lead,Alt text missing/unverified | WP modified: 2023-08-27T15:06:58
https://sciencedivine.org/wp-content/uploads/2023/08/image-12.png,https://sciencedivine.org/wp-content/uploads/2023/08/image-12.png,WordPress REST API: media,,,UNVERIFIED,,,No,image 12,,,image/png,,,,,,,,,,,,,,NOT TESTED,SEO migration lead,Alt text missing/unverified | WP modified: 2023-08-10T10:19:31
https://sciencedivine.org/wp-content/uploads/2023/08/image-13.png,https://sciencedivine.org/wp-content/uploads/2023/08/image-13.png,WordPress REST API: media,,,UNVERIFIED,,,No,image 13,,,image/png,,,,,,,,,,,,,,NOT TESTED,SEO migration lead,Alt text missing/unverified | WP modified: 2023-08-10T10:21:41
https://sciencedivine.org/wp-content/uploads/2023/08/image-15.png,https://sciencedivine.org/wp-content/uploads/2023/08/image-15.png,WordPress REST API: media,,,UNVERIFIED,,,No,image 15,,,image/png,,,,,,,,,,,,,,NOT TESTED,SEO migration lead,Alt text missing/unverified | WP modified: 2023-08-24T05:04:30
https://sciencedivine.org/wp-content/uploads/2023/08/image-16.png,https://sciencedivine.org/wp-content/uploads/2023/08/image-16.png,WordPress REST API: media,,,UNVERIFIED,,,No,image 16,,,image/png,,,,,,,,,,,,,,NOT TESTED,SEO migration lead,Alt text missing/unverified | WP modified: 2023-08-24T05:04:11
https://sciencedivine.org/wp-content/uploads/2023/08/instagram-1.svg,https://sciencedivine.org/wp-content/uploads/2023/08/instagram-1.svg,WordPress REST API: media,,,UNVERIFIED,,,No,instagram 1,,,image/svg+xml,,,,,,,,,,,,,,NOT TESTED,SEO migration lead,Alt text missing/unverified | WP modified: 2023-08-23T08:40:52
https://sciencedivine.org/wp-content/uploads/2023/08/Layer-1.png,https://sciencedivine.org/wp-content/uploads/2023/08/Layer-1.png,WordPress REST API: media,,,UNVERIFIED,,,No,Layer 1,,,image/png,,,,,,,,,,,,,,NOT TESTED,SEO migration lead,Alt text missing/unverified | WP modified: 2023-08-10T10:24:28
https://sciencedivine.org/wp-content/uploads/2023/08/Layer-2.png,https://sciencedivine.org/wp-content/uploads/2023/08/Layer-2.png,WordPress REST API: media,,,UNVERIFIED,,,No,Layer 2,,,image/png,,,,,,,,,,,,,,NOT TESTED,SEO migration lead,Alt text missing/unverified | WP modified: 2023-08-10T10:22:09
https://sciencedivine.org/wp-content/uploads/2023/08/Layer-21.png,https://sciencedivine.org/wp-content/uploads/2023/08/Layer-21.png,WordPress REST API: media,,,UNVERIFIED,,,No,Layer 21,,,image/png,,,,,,,,,,,,,,NOT TESTED,SEO migration lead,Alt text missing/unverified | WP modified: 2023-08-10T10:24:10
https://sciencedivine.org/wp-content/uploads/2023/08/Layer-22.png,https://sciencedivine.org/wp-content/uploads/2023/08/Layer-22.png,WordPress REST API: media,,,UNVERIFIED,,,No,Layer 22,,,image/png,,,,,,,,,,,,,,NOT TESTED,SEO migration lead,Alt text missing/unverified | WP modified: 2023-08-10T10:24:53
https://sciencedivine.org/wp-content/uploads/2023/08/logo-pinterest-1.svg,https://sciencedivine.org/wp-content/uploads/2023/08/logo-pinterest-1.svg,WordPress REST API: media,,,UNVERIFIED,,,No,logo-pinterest 1,,,image/svg+xml,,,,,,,,,,,,,,NOT TESTED,SEO migration lead,Alt text missing/unverified | WP modified: 2023-08-23T08:41:09
https://sciencedivine.org/wp-content/uploads/2023/08/logo-twitter-1.svg,https://sciencedivine.org/wp-content/uploads/2023/08/logo-twitter-1.svg,WordPress REST API: media,,,UNVERIFIED,,,No,logo-twitter 1,,,image/svg+xml,,,,,,,,,,,,,,NOT TESTED,SEO migration lead,Alt text missing/unverified | WP modified: 2023-08-23T08:40:26
https://sciencedivine.org/wp-content/uploads/2023/08/pexels-jill-wellington-40815-scaled.jpg,https://sciencedivine.org/wp-content/uploads/2023/08/pexels-jill-wellington-40815-scaled.jpg,WordPress REST API: media,,,UNVERIFIED,,,No,pexels-jill-wellington-40815,,,image/jpeg,,,,,,,,,,,,,,NOT TESTED,SEO migration lead,Alt text missing/unverified | WP modified: 2023-08-27T15:13:55
https://sciencedivine.org/wp-content/uploads/2023/08/pexels-m-venter-1659437-scaled.jpg,https://sciencedivine.org/wp-content/uploads/2023/08/pexels-m-venter-1659437-scaled.jpg,WordPress REST API: media,,,UNVERIFIED,,,No,pexels-m-venter-1659437,,,image/jpeg,,,,,,,,,,,,,,NOT TESTED,SEO migration lead,Alt text missing/unverified | WP modified: 2023-08-27T12:43:22
https://sciencedivine.org/wp-content/uploads/2023/08/pexels-monstera-5302897-scaled.jpg,https://sciencedivine.org/wp-content/uploads/2023/08/pexels-monstera-5302897-scaled.jpg,WordPress REST API: media,,,UNVERIFIED,,,No,pexels-monstera-5302897,,,image/jpeg,,,,,,,,,,,,,,NOT TESTED,SEO migration lead,Alt text missing/unverified | WP modified: 2023-08-27T12:24:25
https://sciencedivine.org/wp-content/uploads/2023/08/pexels-nicollazzi-xiong-668353-scaled.jpg,https://sciencedivine.org/wp-content/uploads/2023/08/pexels-nicollazzi-xiong-668353-scaled.jpg,WordPress REST API: media,,,UNVERIFIED,,,No,pexels-nicollazzi-xiong-668353,,,image/jpeg,,,,,,,,,,,,,,NOT TESTED,SEO migration lead,Alt text missing/unverified | WP modified: 2023-08-27T11:16:20
https://sciencedivine.org/wp-content/uploads/2023/08/pexels-oleksandr-p-321576-scaled.jpg,https://sciencedivine.org/wp-content/uploads/2023/08/pexels-oleksandr-p-321576-scaled.jpg,WordPress REST API: media,,,UNVERIFIED,,,No,pexels-oleksandr-p-321576,,,image/jpeg,,,,,,,,,,,,,,NOT TESTED,SEO migration lead,Alt text missing/unverified | WP modified: 2023-08-27T12:46:43
https://sciencedivine.org/wp-content/uploads/2023/08/pexels-rdne-stock-project-8711445-1-scaled.jpg,https://sciencedivine.org/wp-content/uploads/2023/08/pexels-rdne-stock-project-8711445-1-scaled.jpg,WordPress REST API: media,,,UNVERIFIED,,,No,pexels-rdne-stock-project-8711445,,,image/jpeg,,,,,,,,,,,,,,NOT TESTED,SEO migration lead,Alt text missing/unverified | WP modified: 2023-08-27T12:42:04
https://sciencedivine.org/wp-content/uploads/2023/08/pexels-rdne-stock-project-8711445-scaled.jpg,https://sciencedivine.org/wp-content/uploads/2023/08/pexels-rdne-stock-project-8711445-scaled.jpg,WordPress REST API: media,,,UNVERIFIED,,,No,pexels-rdne-stock-project-8711445,,,image/jpeg,,,,,,,,,,,,,,NOT TESTED,SEO migration lead,Alt text missing/unverified | WP modified: 2023-08-27T12:39:16
https://sciencedivine.org/wp-content/uploads/2023/08/pexels-stuti-14029248-scaled.jpg,https://sciencedivine.org/wp-content/uploads/2023/08/pexels-stuti-14029248-scaled.jpg,WordPress REST API: media,,,UNVERIFIED,,,No,pexels-stuti-14029248,,,image/jpeg,,,,,,,,,,,,,,NOT TESTED,SEO migration lead,Alt text missing/unverified | WP modified: 2023-08-27T05:49:28
https://sciencedivine.org/wp-content/uploads/2023/08/play_video-1.svg,https://sciencedivine.org/wp-content/uploads/2023/08/play_video-1.svg,WordPress REST API: media,,,UNVERIFIED,,,No,play_video,,,image/svg+xml,,,,,,,,,,,,,,NOT TESTED,SEO migration lead,Alt text missing/unverified | WP modified: 2023-08-10T12:18:50
https://sciencedivine.org/wp-content/uploads/2023/08/play_video-2.svg,https://sciencedivine.org/wp-content/uploads/2023/08/play_video-2.svg,WordPress REST API: media,,,UNVERIFIED,,,No,play_video,,,image/svg+xml,,,,,,,,,,,,,,NOT TESTED,SEO migration lead,Alt text missing/unverified | WP modified: 2023-08-10T12:19:57
https://sciencedivine.org/wp-content/uploads/2023/08/play_video.svg,https://sciencedivine.org/wp-content/uploads/2023/08/play_video.svg,WordPress REST API: media,,,UNVERIFIED,,,No,play_video,,,image/svg+xml,,,,,,,,,,,,,,NOT TESTED,SEO migration lead,Alt text missing/unverified | WP modified: 2023-08-10T12:15:04
https://sciencedivine.org/wp-content/uploads/2023/08/Rectangle-340.png,https://sciencedivine.org/wp-content/uploads/2023/08/Rectangle-340.png,WordPress REST API: media,,,UNVERIFIED,,,No,Rectangle 340,,,image/png,,,,,,,,,,,,,,NOT TESTED,SEO migration lead,Alt text missing/unverified | WP modified: 2023-08-10T05:22:00
https://sciencedivine.org/wp-content/uploads/2023/08/Screen-Shot-2023-08-27-at-11.00.04-AM.png,https://sciencedivine.org/wp-content/uploads/2023/08/Screen-Shot-2023-08-27-at-11.00.04-AM.png,WordPress REST API: media,,,UNVERIFIED,,,No,Screen Shot 2023-08-27 at 11.00.04 AM,,,image/png,,,,,,,,,,,,,,NOT TESTED,SEO migration lead,Alt text missing/unverified | WP modified: 2023-08-27T05:30:30
https://sciencedivine.org/wp-content/uploads/2023/08/Screen-Shot-2023-08-27-at-9.14.50-PM.png,https://sciencedivine.org/wp-content/uploads/2023/08/Screen-Shot-2023-08-27-at-9.14.50-PM.png,WordPress REST API: media,,,UNVERIFIED,,,No,Screen Shot 2023-08-27 at 9.14.50 PM,,,image/png,,,,,,,,,,,,,,NOT TESTED,SEO migration lead,Alt text missing/unverified | WP modified: 2023-08-27T15:45:26
https://sciencedivine.org/wp-content/uploads/2023/08/Untitled-design-69.png,https://sciencedivine.org/wp-content/uploads/2023/08/Untitled-design-69.png,WordPress REST API: media,,,UNVERIFIED,,,No,Untitled design (69),,,image/png,,,,,,,,,,,,,,NOT TESTED,SEO migration lead,Alt text missing/unverified | WP modified: 2023-08-09T16:50:44
https://sciencedivine.org/wp-content/uploads/2023/08/Untitled-design-70.png,https://sciencedivine.org/wp-content/uploads/2023/08/Untitled-design-70.png,WordPress REST API: media,,,UNVERIFIED,,,No,Untitled design (70),,,image/png,,,,,,,,,,,,,,NOT TESTED,SEO migration lead,Alt text missing/unverified | WP modified: 2023-08-09T17:42:45
https://sciencedivine.org/wp-content/uploads/2023/08/Untitled-design-71.png,https://sciencedivine.org/wp-content/uploads/2023/08/Untitled-design-71.png,WordPress REST API: media,,,UNVERIFIED,,,No,Untitled design (71),,,image/png,,,,,,,,,,,,,,NOT TESTED,SEO migration lead,Alt text missing/unverified | WP modified: 2023-08-09T18:28:24
https://sciencedivine.org/wp-content/uploads/2023/08/Untitled-design-72.png,https://sciencedivine.org/wp-content/uploads/2023/08/Untitled-design-72.png,WordPress REST API: media,,,UNVERIFIED,,,No,Untitled design (72),,,image/png,,,,,,,,,,,,,,NOT TESTED,SEO migration lead,Alt text missing/unverified | WP modified: 2023-08-09T19:13:07
https://sciencedivine.org/wp-content/uploads/2023/08/Untitled-design-73.png,https://sciencedivine.org/wp-content/uploads/2023/08/Untitled-design-73.png,WordPress REST API: media,,,UNVERIFIED,,,No,Untitled design (73),,,image/png,,,,,,,,,,,,,,NOT TESTED,SEO migration lead,Alt text missing/unverified | WP modified: 2023-08-09T19:28:48
https://sciencedivine.org/wp-content/uploads/2023/08/Untitled-design-74.png,https://sciencedivine.org/wp-content/uploads/2023/08/Untitled-design-74.png,WordPress REST API: media,,,UNVERIFIED,,,No,Untitled design (74),,,image/png,,,,,,,,,,,,,,NOT TESTED,SEO migration lead,Alt text missing/unverified | WP modified: 2023-08-09T19:32:25
https://sciencedivine.org/wp-content/uploads/2023/08/Untitled-design-75.png,https://sciencedivine.org/wp-content/uploads/2023/08/Untitled-design-75.png,WordPress REST API: media,,,UNVERIFIED,,,No,Untitled design (75),,,image/png,,,,,,,,,,,,,,NOT TESTED,SEO migration lead,Alt text missing/unverified | WP modified: 2023-08-11T02:32:37
https://sciencedivine.org/wp-content/uploads/2023/08/Untitled-design-76.png,https://sciencedivine.org/wp-content/uploads/2023/08/Untitled-design-76.png,WordPress REST API: media,,,UNVERIFIED,,,No,Untitled design (76),,,image/png,,,,,,,,,,,,,,NOT TESTED,SEO migration lead,Alt text missing/unverified | WP modified: 2023-08-18T05:30:37
https://sciencedivine.org/wp-content/uploads/2023/08/Untitled-design-77.png,https://sciencedivine.org/wp-content/uploads/2023/08/Untitled-design-77.png,WordPress REST API: media,,,UNVERIFIED,,,No,Untitled design (77),,,image/png,,,,,,,,,,,,,,NOT TESTED,SEO migration lead,Alt text missing/unverified | WP modified: 2023-08-26T14:45:02
https://sciencedivine.org/wp-content/uploads/2023/08/WhatsApp-Image-2022-03-07-at-6.47.39-PM.jpeg,https://sciencedivine.org/wp-content/uploads/2023/08/WhatsApp-Image-2022-03-07-at-6.47.39-PM.jpeg,WordPress REST API: media,,,UNVERIFIED,,,No,WhatsApp Image 2022-03-07 at 6.47.39 PM,,,image/jpeg,,,,,,,,,,,,,,NOT TESTED,SEO migration lead,Alt text missing/unverified | WP modified: 2023-08-09T16:37:44
https://sciencedivine.org/wp-content/uploads/2023/08/yoga-lady-in-asana1622108923.jpg,https://sciencedivine.org/wp-content/uploads/2023/08/yoga-lady-in-asana1622108923.jpg,WordPress REST API: media,,,UNVERIFIED,,,No,yoga-lady-in-asana1622108923,,,image/jpeg,,,,,,,,,,,,,,NOT TESTED,SEO migration lead,Alt text missing/unverified | WP modified: 2023-08-27T05:29:25
https://sciencedivine.org/wp-content/uploads/2023/09/1-2-2.png,https://sciencedivine.org/wp-content/uploads/2023/09/1-2-2.png,WordPress REST API: media,,,UNVERIFIED,,,No,1-2-2.png,,,image/png,,,,,,,,,,,,,,NOT TESTED,SEO migration lead,Alt text missing/unverified | WP modified: 2023-09-26T08:36:10
https://sciencedivine.org/wp-content/uploads/2023/09/1633764534186.jpeg,https://sciencedivine.org/wp-content/uploads/2023/09/1633764534186.jpeg,WordPress REST API: media,,,UNVERIFIED,,,No,1633764534186,,,image/jpeg,,,,,,,,,,,,,,NOT TESTED,SEO migration lead,Alt text missing/unverified | WP modified: 2023-09-02T10:48:51
https://sciencedivine.org/wp-content/uploads/2023/09/2-6-2.png,https://sciencedivine.org/wp-content/uploads/2023/09/2-6-2.png,WordPress REST API: media,,,UNVERIFIED,,,No,2-6-2.png,,,image/png,,,,,,,,,,,,,,NOT TESTED,SEO migration lead,Alt text missing/unverified | WP modified: 2023-09-26T08:36:10
https://sciencedivine.org/wp-content/uploads/2023/09/3-2-1-2.png,https://sciencedivine.org/wp-content/uploads/2023/09/3-2-1-2.png,WordPress REST API: media,,,UNVERIFIED,,,No,3-2-1-2.png,,,image/png,,,,,,,,,,,,,,NOT TESTED,SEO migration lead,Alt text missing/unverified | WP modified: 2023-09-26T08:36:10
https://sciencedivine.org/wp-content/uploads/2023/09/349228-5.png,https://sciencedivine.org/wp-content/uploads/2023/09/349228-5.png,WordPress REST API: media,,,UNVERIFIED,,,No,349228 5,,,image/png,,,,,,,,,,,,,,NOT TESTED,SEO migration lead,Alt text missing/unverified | WP modified: 2023-09-26T05:54:02
https://sciencedivine.org/wp-content/uploads/2023/09/3a782bfd8e0090ff680d41f5c7c4257a.png,https://sciencedivine.org/wp-content/uploads/2023/09/3a782bfd8e0090ff680d41f5c7c4257a.png,WordPress REST API: media,,,UNVERIFIED,,,No,3a782bfd8e0090ff680d41f5c7c4257a,,,image/png,,,,,,,,,,,,,,NOT TESTED,SEO migration lead,Alt text missing/unverified | WP modified: 2023-09-21T11:55:48
https://sciencedivine.org/wp-content/uploads/2023/09/AES256_x42_27816341-5fcc-4f3e-b453-bf5d639ded42-5.png,https://sciencedivine.org/wp-content/uploads/2023/09/AES256_x42_27816341-5fcc-4f3e-b453-bf5d639ded42-5.png,WordPress REST API: media,,,UNVERIFIED,,,No,AES256_x42_27816341-5fcc-4f3e-b453-bf5d639ded42 5,,,image/png,,,,,,,,,,,,,,NOT TESTED,SEO migration lead,Alt text missing/unverified | WP modified: 2023-09-26T05:52:35
https://sciencedivine.org/wp-content/uploads/2023/09/book-1.png,https://sciencedivine.org/wp-content/uploads/2023/09/book-1.png,WordPress REST API: media,,,UNVERIFIED,,,No,book-1.png,,,image/png,,,,,,,,,,,,,,NOT TESTED,SEO migration lead,Alt text missing/unverified | WP modified: 2023-09-26T08:36:59
https://sciencedivine.org/wp-content/uploads/2023/09/brotherhood.png,https://sciencedivine.org/wp-content/uploads/2023/09/brotherhood.png,WordPress REST API: media,,,UNVERIFIED,,,No,brotherhood,,,image/png,,,,,,,,,,,,,,NOT TESTED,SEO migration lead,Alt text missing/unverified | WP modified: 2023-09-28T07:28:40
https://sciencedivine.org/wp-content/uploads/2023/09/calendar-1-4.png,https://sciencedivine.org/wp-content/uploads/2023/09/calendar-1-4.png,WordPress REST API: media,,,UNVERIFIED,,,No,calendar (1) 4,,,image/png,,,,,,,,,,,,,,NOT TESTED,SEO migration lead,Alt text missing/unverified | WP modified: 2023-09-21T12:18:57
https://sciencedivine.org/wp-content/uploads/2023/09/clean-3.png,https://sciencedivine.org/wp-content/uploads/2023/09/clean-3.png,WordPress REST API: media,,,UNVERIFIED,,,No,clean 3,,,image/png,,,,,,,,,,,,,,NOT TESTED,SEO migration lead,Alt text missing/unverified | WP modified: 2023-09-21T12:19:43
https://sciencedivine.org/wp-content/uploads/2023/09/credit-card-icon.png,https://sciencedivine.org/wp-content/uploads/2023/09/credit-card-icon.png,WordPress REST API: media,,,UNVERIFIED,,,No,credit-card-icon.png,,,image/png,,,,,,,,,,,,,,NOT TESTED,SEO migration lead,Alt text missing/unverified | WP modified: 2023-09-26T08:37:57
https://sciencedivine.org/wp-content/uploads/2023/09/Daimond-Dairy-New-1-scaled.jpg,https://sciencedivine.org/wp-content/uploads/2023/09/Daimond-Dairy-New-1-scaled.jpg,WordPress REST API: media,,,UNVERIFIED,,,No,Daimond Dairy &#8211; Create Your Own Miracles,,,image/jpeg,,,,,,,,,,,,,,NOT TESTED,SEO migration lead,Alt text missing/unverified | WP modified: 2024-05-02T12:05:04
https://sciencedivine.org/wp-content/uploads/2023/09/Daimond-Dairy-New-2-scaled.jpg,https://sciencedivine.org/wp-content/uploads/2023/09/Daimond-Dairy-New-2-scaled.jpg,WordPress REST API: media,,,UNVERIFIED,,,No,Science Divine Daimond Dairy,,,image/jpeg,,,,,,,,,,,,,,NOT TESTED,SEO migration lead,Alt: Science Divine Daimond Dairy | WP modified: 2024-05-31T09:21:05
https://sciencedivine.org/wp-content/uploads/2023/09/Daimond-Dairy-New-3-scaled.jpg,https://sciencedivine.org/wp-content/uploads/2023/09/Daimond-Dairy-New-3-scaled.jpg,WordPress REST API: media,,,UNVERIFIED,,,No,Sakshi Shree &#8211; Science Divine,,,image/jpeg,,,,,,,,,,,,,,NOT TESTED,SEO migration lead,Alt text missing/unverified | WP modified: 2024-05-31T09:22:14
https://sciencedivine.org/wp-content/uploads/2023/09/Daimond-Dairy-New-4-scaled.jpg,https://sciencedivine.org/wp-content/uploads/2023/09/Daimond-Dairy-New-4-scaled.jpg,WordPress REST API: media,,,UNVERIFIED,,,No,"Sanyas within, Science Outside",,,image/jpeg,,,,,,,,,,,,,,NOT TESTED,SEO migration lead,Alt text missing/unverified | WP modified: 2024-05-02T12:08:08
https://sciencedivine.org/wp-content/uploads/2023/09/Daimond-Dairy-New-5-scaled.jpg,https://sciencedivine.org/wp-content/uploads/2023/09/Daimond-Dairy-New-5-scaled.jpg,WordPress REST API: media,,,UNVERIFIED,,,No,Knowing with Clarity What you Want,,,image/jpeg,,,,,,,,,,,,,,NOT TESTED,SEO migration lead,Alt text missing/unverified | WP modified: 2024-05-02T12:09:19
https://sciencedivine.org/wp-content/uploads/2023/09/Daimond-Dairy-New-Cover-scaled.jpg,https://sciencedivine.org/wp-content/uploads/2023/09/Daimond-Dairy-New-Cover-scaled.jpg,WordPress REST API: media,,,UNVERIFIED,,,No,Daimond Dairy,,,image/jpeg,,,,,,,,,,,,,,NOT TESTED,SEO migration lead,Alt text missing/unverified | WP modified: 2024-05-02T12:03:49
https://sciencedivine.org/wp-content/uploads/2023/09/diamond-diary.png,https://sciencedivine.org/wp-content/uploads/2023/09/diamond-diary.png,WordPress REST API: media,,,UNVERIFIED,,,No,diamond diary,,,image/png,,,,,,,,,,,,,,NOT TESTED,SEO migration lead,Alt text missing/unverified | WP modified: 2023-09-21T09:29:37
https://sciencedivine.org/wp-content/uploads/2023/09/diamond-diary1.png,https://sciencedivine.org/wp-content/uploads/2023/09/diamond-diary1.png,WordPress REST API: media,,,UNVERIFIED,,,No,diamond diary1,,,image/png,,,,,,,,,,,,,,NOT TESTED,SEO migration lead,Alt text missing/unverified | WP modified: 2023-09-21T09:29:46
https://sciencedivine.org/wp-content/uploads/2023/09/diamond-diary2.png,https://sciencedivine.org/wp-content/uploads/2023/09/diamond-diary2.png,WordPress REST API: media,,,UNVERIFIED,,,No,diamond diary2,,,image/png,,,,,,,,,,,,,,NOT TESTED,SEO migration lead,Alt text missing/unverified | WP modified: 2023-09-21T09:29:54
https://sciencedivine.org/wp-content/uploads/2023/09/diamond-diary3.png,https://sciencedivine.org/wp-content/uploads/2023/09/diamond-diary3.png,WordPress REST API: media,,,UNVERIFIED,,,No,diamond diary3,,,image/png,,,,,,,,,,,,,,NOT TESTED,SEO migration lead,Alt text missing/unverified | WP modified: 2023-09-21T09:29:56
https://sciencedivine.org/wp-content/uploads/2023/09/diamond-diary4.png,https://sciencedivine.org/wp-content/uploads/2023/09/diamond-diary4.png,WordPress REST API: media,,,UNVERIFIED,,,No,diamond diary4,,,image/png,,,,,,,,,,,,,,NOT TESTED,SEO migration lead,Alt text missing/unverified | WP modified: 2023-09-21T09:29:58
https://sciencedivine.org/wp-content/uploads/2023/09/diamond-diary5.png,https://sciencedivine.org/wp-content/uploads/2023/09/diamond-diary5.png,WordPress REST API: media,,,UNVERIFIED,,,No,diamond diary5,,,image/png,,,,,,,,,,,,,,NOT TESTED,SEO migration lead,Alt text missing/unverified | WP modified: 2023-09-21T09:30:01
https://sciencedivine.org/wp-content/uploads/2023/09/diet-1.png,https://sciencedivine.org/wp-content/uploads/2023/09/diet-1.png,WordPress REST API: media,,,UNVERIFIED,,,No,diet-1.png,,,image/png,,,,,,,,,,,,,,NOT TESTED,SEO migration lead,Alt text missing/unverified | WP modified: 2023-09-26T08:36:59
https://sciencedivine.org/wp-content/uploads/2023/09/down-arrow-14.svg,https://sciencedivine.org/wp-content/uploads/2023/09/down-arrow-14.svg,WordPress REST API: media,,,UNVERIFIED,,,No,down-arrow 14,,,image/svg+xml,,,,,,,,,,,,,,NOT TESTED,SEO migration lead,Alt text missing/unverified | WP modified: 2023-09-26T06:10:58
https://sciencedivine.org/wp-content/uploads/2023/09/down-arrow-15.svg,https://sciencedivine.org/wp-content/uploads/2023/09/down-arrow-15.svg,WordPress REST API: media,,,UNVERIFIED,,,No,down-arrow 15,,,image/svg+xml,,,,,,,,,,,,,,NOT TESTED,SEO migration lead,Alt text missing/unverified | WP modified: 2023-09-26T06:11:16
https://sciencedivine.org/wp-content/uploads/2023/09/download-12.jpeg,https://sciencedivine.org/wp-content/uploads/2023/09/download-12.jpeg,WordPress REST API: media,,,UNVERIFIED,,,No,download (12),,,image/jpeg,,,,,,,,,,,,,,NOT TESTED,SEO migration lead,Alt text missing/unverified | WP modified: 2023-09-27T18:13:30
https://sciencedivine.org/wp-content/uploads/2023/09/download-63-5.png,https://sciencedivine.org/wp-content/uploads/2023/09/download-63-5.png,WordPress REST API: media,,,UNVERIFIED,,,No,download (63) 5,,,image/png,,,,,,,,,,,,,,NOT TESTED,SEO migration lead,Alt text missing/unverified | WP modified: 2023-09-26T05:54:29
https://sciencedivine.org/wp-content/uploads/2023/09/DSC00778-scaled.jpg,https://sciencedivine.org/wp-content/uploads/2023/09/DSC00778-scaled.jpg,WordPress REST API: media,,,UNVERIFIED,,,No,DSC00778,,,image/jpeg,,,,,,,,,,,,,,NOT TESTED,SEO migration lead,Alt text missing/unverified | WP modified: 2023-09-27T09:20:20
https://sciencedivine.org/wp-content/uploads/2023/09/expectation.png,https://sciencedivine.org/wp-content/uploads/2023/09/expectation.png,WordPress REST API: media,,,UNVERIFIED,,,No,expectation,,,image/png,,,,,,,,,,,,,,NOT TESTED,SEO migration lead,Alt text missing/unverified | WP modified: 2023-09-28T07:28:46
https://sciencedivine.org/wp-content/uploads/2023/09/feather-1-4.png,https://sciencedivine.org/wp-content/uploads/2023/09/feather-1-4.png,WordPress REST API: media,,,UNVERIFIED,,,No,feather (1) 4,,,image/png,,,,,,,,,,,,,,NOT TESTED,SEO migration lead,Alt text missing/unverified | WP modified: 2023-09-21T12:15:26
https://sciencedivine.org/wp-content/uploads/2023/09/gold-4.png,https://sciencedivine.org/wp-content/uploads/2023/09/gold-4.png,WordPress REST API: media,,,UNVERIFIED,,,No,gold 4,,,image/png,,,,,,,,,,,,,,NOT TESTED,SEO migration lead,Alt text missing/unverified | WP modified: 2023-09-21T12:19:35
https://sciencedivine.org/wp-content/uploads/2023/09/graduation-cap-1.png,https://sciencedivine.org/wp-content/uploads/2023/09/graduation-cap-1.png,WordPress REST API: media,,,UNVERIFIED,,,No,graduation-cap-1.png,,,image/png,,,,,,,,,,,,,,NOT TESTED,SEO migration lead,Alt text missing/unverified | WP modified: 2023-09-26T08:36:59
https://sciencedivine.org/wp-content/uploads/2023/09/Group-53.png,https://sciencedivine.org/wp-content/uploads/2023/09/Group-53.png,WordPress REST API: media,,,UNVERIFIED,,,No,Group 53,,,image/png,,,,,,,,,,,,,,NOT TESTED,SEO migration lead,Alt text missing/unverified | WP modified: 2023-09-03T06:44:36
https://sciencedivine.org/wp-content/uploads/2023/09/heart-icon.png,https://sciencedivine.org/wp-content/uploads/2023/09/heart-icon.png,WordPress REST API: media,,,UNVERIFIED,,,No,heart-icon.png,,,image/png,,,,,,,,,,,,,,NOT TESTED,SEO migration lead,Alt text missing/unverified | WP modified: 2023-09-26T08:37:57
https://sciencedivine.org/wp-content/uploads/2023/09/icons8-school-girl-30-1.png,https://sciencedivine.org/wp-content/uploads/2023/09/icons8-school-girl-30-1.png,WordPress REST API: media,,,UNVERIFIED,,,No,icons8-school-girl-30-1.png,,,image/png,,,,,,,,,,,,,,NOT TESTED,SEO migration lead,Alt text missing/unverified | WP modified: 2023-09-26T08:37:28
https://sciencedivine.org/wp-content/uploads/2023/09/IMG_0305-scaled.jpg,https://sciencedivine.org/wp-content/uploads/2023/09/IMG_0305-scaled.jpg,WordPress REST API: media,,,UNVERIFIED,,,No,IMG_0305,,,image/jpeg,,,,,,,,,,,,,,NOT TESTED,SEO migration lead,Alt text missing/unverified | WP modified: 2023-09-03T07:08:06
https://sciencedivine.org/wp-content/uploads/2023/09/IMG_0307-scaled.jpg,https://sciencedivine.org/wp-content/uploads/2023/09/IMG_0307-scaled.jpg,WordPress REST API: media,,,UNVERIFIED,,,No,IMG_0307,,,image/jpeg,,,,,,,,,,,,,,NOT TESTED,SEO migration lead,Alt text missing/unverified | WP modified: 2023-09-03T07:09:27
https://sciencedivine.org/wp-content/uploads/2023/09/img-1-2.png,https://sciencedivine.org/wp-content/uploads/2023/09/img-1-2.png,WordPress REST API: media,,,UNVERIFIED,,,No,img-1-2.png,,,image/png,,,,,,,,,,,,,,NOT TESTED,SEO migration lead,Alt text missing/unverified | WP modified: 2023-09-26T08:36:44
https://sciencedivine.org/wp-content/uploads/2023/09/IMG-20200818-WA0045-1.jpg,https://sciencedivine.org/wp-content/uploads/2023/09/IMG-20200818-WA0045-1.jpg,WordPress REST API: media,,,UNVERIFIED,,,No,IMG-20200818-WA0045 (1),,,image/jpeg,,,,,,,,,,,,,,NOT TESTED,SEO migration lead,Alt text missing/unverified | WP modified: 2023-09-03T07:17:17
https://sciencedivine.org/wp-content/uploads/2023/09/IMG-20200818-WA0064-1.jpg,https://sciencedivine.org/wp-content/uploads/2023/09/IMG-20200818-WA0064-1.jpg,WordPress REST API: media,,,UNVERIFIED,,,No,IMG-20200818-WA0064 (1),,,image/jpeg,,,,,,,,,,,,,,NOT TESTED,SEO migration lead,Alt text missing/unverified | WP modified: 2023-09-03T07:17:20
https://sciencedivine.org/wp-content/uploads/2023/09/Mastercard-1320568127572298248-5.png,https://sciencedivine.org/wp-content/uploads/2023/09/Mastercard-1320568127572298248-5.png,WordPress REST API: media,,,UNVERIFIED,,,No,Mastercard-1320568127572298248 5,,,image/png,,,,,,,,,,,,,,NOT TESTED,SEO migration lead,Alt text missing/unverified | WP modified: 2023-09-26T05:53:30
https://sciencedivine.org/wp-content/uploads/2023/09/member-link-e1695794521624.png,https://sciencedivine.org/wp-content/uploads/2023/09/member-link-e1695794521624.png,WordPress REST API: media,,,UNVERIFIED,,,No,member-link,,,image/png,,,,,,,,,,,,,,NOT TESTED,SEO migration lead,Alt text missing/unverified | WP modified: 2023-09-27T06:02:05
https://sciencedivine.org/wp-content/uploads/2023/09/pexels-italo-melo-2379005-scaled.jpg,https://sciencedivine.org/wp-content/uploads/2023/09/pexels-italo-melo-2379005-scaled.jpg,WordPress REST API: media,,,UNVERIFIED,,,No,pexels-italo-melo-2379005,,,image/jpeg,,,,,,,,,,,,,,NOT TESTED,SEO migration lead,Alt text missing/unverified | WP modified: 2023-09-28T06:10:24
https://sciencedivine.org/wp-content/uploads/2023/09/ph_34357_128735.jpeg,https://sciencedivine.org/wp-content/uploads/2023/09/ph_34357_128735.jpeg,WordPress REST API: media,,,UNVERIFIED,,,No,ph_34357_128735,,,image/jpeg,,,,,,,,,,,,,,NOT TESTED,SEO migration lead,Alt text missing/unverified | WP modified: 2023-09-02T10:50:40
https://sciencedivine.org/wp-content/uploads/2023/09/philosophy.png,https://sciencedivine.org/wp-content/uploads/2023/09/philosophy.png,WordPress REST API: media,,,UNVERIFIED,,,No,philosophy,,,image/png,,,,,,,,,,,,,,NOT TESTED,SEO migration lead,Alt text missing/unverified | WP modified: 2023-09-28T07:28:37
https://sciencedivine.org/wp-content/uploads/2023/09/placeholder-1.png,https://sciencedivine.org/wp-content/uploads/2023/09/placeholder-1.png,WordPress REST API: media,,,UNVERIFIED,,,No,placeholder.png,,,image/png,,,,,,,,,,,,,,NOT TESTED,SEO migration lead,Alt text missing/unverified | WP modified: 2023-09-26T08:46:33
https://sciencedivine.org/wp-content/uploads/2023/09/placeholder-2.png,https://sciencedivine.org/wp-content/uploads/2023/09/placeholder-2.png,WordPress REST API: media,,,UNVERIFIED,,,No,placeholder.png,,,image/png,,,,,,,,,,,,,,NOT TESTED,SEO migration lead,Alt text missing/unverified | WP modified: 2023-09-26T08:47:00
https://sciencedivine.org/wp-content/uploads/2023/09/placeholder.png,https://sciencedivine.org/wp-content/uploads/2023/09/placeholder.png,WordPress REST API: media,,,UNVERIFIED,,,No,placeholder.png,,,image/png,,,,,,,,,,,,,,NOT TESTED,SEO migration lead,Alt text missing/unverified | WP modified: 2023-09-26T07:20:28
https://sciencedivine.org/wp-content/uploads/2023/09/Podcast-With-Sakshi-Shree.png,https://sciencedivine.org/wp-content/uploads/2023/09/Podcast-With-Sakshi-Shree.png,WordPress REST API: media,,,UNVERIFIED,,,No,Podcast With Sakshi Shree,,,image/png,,,,,,,,,,,,,,NOT TESTED,SEO migration lead,Alt text missing/unverified | WP modified: 2023-09-02T18:10:59
https://sciencedivine.org/wp-content/uploads/2023/09/Rectangle-1202.png,https://sciencedivine.org/wp-content/uploads/2023/09/Rectangle-1202.png,WordPress REST API: media,,,UNVERIFIED,,,No,Rectangle 1202,,,image/png,,,,,,,,,,,,,,NOT TESTED,SEO migration lead,Alt text missing/unverified | WP modified: 2023-09-27T05:49:21
https://sciencedivine.org/wp-content/uploads/2023/09/Rectangle-48.jpg,https://sciencedivine.org/wp-content/uploads/2023/09/Rectangle-48.jpg,WordPress REST API: media,,,UNVERIFIED,,,No,Rectangle-48.jpg,,,image/jpeg,,,,,,,,,,,,,,NOT TESTED,SEO migration lead,Alt text missing/unverified | WP modified: 2023-09-26T08:35:03
https://sciencedivine.org/wp-content/uploads/2023/09/Rectangle-73.jpg,https://sciencedivine.org/wp-content/uploads/2023/09/Rectangle-73.jpg,WordPress REST API: media,,,UNVERIFIED,,,No,Rectangle-73.jpg,,,image/jpeg,,,,,,,,,,,,,,NOT TESTED,SEO migration lead,Alt text missing/unverified | WP modified: 2023-09-26T08:37:42
https://sciencedivine.org/wp-content/uploads/2023/09/Rectangle-74.jpg,https://sciencedivine.org/wp-content/uploads/2023/09/Rectangle-74.jpg,WordPress REST API: media,,,UNVERIFIED,,,No,Rectangle-74.jpg,,,image/jpeg,,,,,,,,,,,,,,NOT TESTED,SEO migration lead,Alt text missing/unverified | WP modified: 2023-09-26T08:37:42
https://sciencedivine.org/wp-content/uploads/2023/09/Rectangle-75.jpg,https://sciencedivine.org/wp-content/uploads/2023/09/Rectangle-75.jpg,WordPress REST API: media,,,UNVERIFIED,,,No,Rectangle-75.jpg,,,image/jpeg,,,,,,,,,,,,,,NOT TESTED,SEO migration lead,Alt text missing/unverified | WP modified: 2023-09-26T08:37:42
https://sciencedivine.org/wp-content/uploads/2023/09/Rectangle-76.jpg,https://sciencedivine.org/wp-content/uploads/2023/09/Rectangle-76.jpg,WordPress REST API: media,,,UNVERIFIED,,,No,Rectangle-76.jpg,,,image/jpeg,,,,,,,,,,,,,,NOT TESTED,SEO migration lead,Alt text missing/unverified | WP modified: 2023-09-26T08:37:42
https://sciencedivine.org/wp-content/uploads/2023/09/Rectangle-77.jpg,https://sciencedivine.org/wp-content/uploads/2023/09/Rectangle-77.jpg,WordPress REST API: media,,,UNVERIFIED,,,No,Rectangle-77.jpg,,,image/jpeg,,,,,,,,,,,,,,NOT TESTED,SEO migration lead,Alt text missing/unverified | WP modified: 2023-09-26T08:37:42
https://sciencedivine.org/wp-content/uploads/2023/09/Screen-Shot-2023-03-25-at-8.32-2.png,https://sciencedivine.org/wp-content/uploads/2023/09/Screen-Shot-2023-03-25-at-8.32-2.png,WordPress REST API: media,,,UNVERIFIED,,,No,Screen-Shot-2023-03-25-at-8.32-2.png,,,image/png,,,,,,,,,,,,,,NOT TESTED,SEO migration lead,Alt text missing/unverified | WP modified: 2023-09-26T08:37:17
https://sciencedivine.org/wp-content/uploads/2023/09/Screen-Shot-2023-09-03-at-12.20.16-PM.png,https://sciencedivine.org/wp-content/uploads/2023/09/Screen-Shot-2023-09-03-at-12.20.16-PM.png,WordPress REST API: media,,,UNVERIFIED,,,No,Screen Shot 2023-09-03 at 12.20.16 PM,,,image/png,,,,,,,,,,,,,,NOT TESTED,SEO migration lead,Alt text missing/unverified | WP modified: 2023-09-03T06:51:31
https://sciencedivine.org/wp-content/uploads/2023/09/Screen-Shot-2023-09-03-at-12.26.54-PM.png,https://sciencedivine.org/wp-content/uploads/2023/09/Screen-Shot-2023-09-03-at-12.26.54-PM.png,WordPress REST API: media,,,UNVERIFIED,,,No,Screen Shot 2023-09-03 at 12.26.54 PM,,,image/png,,,,,,,,,,,,,,NOT TESTED,SEO migration lead,Alt text missing/unverified | WP modified: 2023-09-03T06:58:06
https://sciencedivine.org/wp-content/uploads/2023/09/Screen-Shot-2023-09-03-at-12.27.09-PM.png,https://sciencedivine.org/wp-content/uploads/2023/09/Screen-Shot-2023-09-03-at-12.27.09-PM.png,WordPress REST API: media,,,UNVERIFIED,,,No,Screen Shot 2023-09-03 at 12.27.09 PM,,,image/png,,,,,,,,,,,,,,NOT TESTED,SEO migration lead,Alt text missing/unverified | WP modified: 2023-09-03T06:57:51
https://sciencedivine.org/wp-content/uploads/2023/09/Screen-Shot-2023-09-03-at-12.51.36-PM.png,https://sciencedivine.org/wp-content/uploads/2023/09/Screen-Shot-2023-09-03-at-12.51.36-PM.png,WordPress REST API: media,,,UNVERIFIED,,,No,Screen Shot 2023-09-03 at 12.51.36 PM,,,image/png,,,,,,,,,,,,,,NOT TESTED,SEO migration lead,Alt text missing/unverified | WP modified: 2023-09-03T07:27:42
https://sciencedivine.org/wp-content/uploads/2023/09/Screen-Shot-2023-09-28-at-11.28.06-AM.png,https://sciencedivine.org/wp-content/uploads/2023/09/Screen-Shot-2023-09-28-at-11.28.06-AM.png,WordPress REST API: media,,,UNVERIFIED,,,No,Screen Shot 2023-09-28 at 11.28.06 AM,,,image/png,,,,,,,,,,,,,,NOT TESTED,SEO migration lead,Alt text missing/unverified | WP modified: 2023-09-28T06:00:04
https://sciencedivine.org/wp-content/uploads/2023/09/Screen-Shot-2023-09-28-at-11.28.18-AM.png,https://sciencedivine.org/wp-content/uploads/2023/09/Screen-Shot-2023-09-28-at-11.28.18-AM.png,WordPress REST API: media,,,UNVERIFIED,,,No,Screen Shot 2023-09-28 at 11.28.18 AM,,,image/png,,,,,,,,,,,,,,NOT TESTED,SEO migration lead,Alt text missing/unverified | WP modified: 2023-09-28T06:00:11
https://sciencedivine.org/wp-content/uploads/2023/09/Screen-Shot-2023-09-28-at-11.28.26-AM.png,https://sciencedivine.org/wp-content/uploads/2023/09/Screen-Shot-2023-09-28-at-11.28.26-AM.png,WordPress REST API: media,,,UNVERIFIED,,,No,Screen Shot 2023-09-28 at 11.28.26 AM,,,image/png,,,,,,,,,,,,,,NOT TESTED,SEO migration lead,Alt text missing/unverified | WP modified: 2023-09-28T06:00:17
https://sciencedivine.org/wp-content/uploads/2023/09/Screen-Shot-2023-09-28-at-11.28.43-AM.png,https://sciencedivine.org/wp-content/uploads/2023/09/Screen-Shot-2023-09-28-at-11.28.43-AM.png,WordPress REST API: media,,,UNVERIFIED,,,No,Screen Shot 2023-09-28 at 11.28.43 AM,,,image/png,,,,,,,,,,,,,,NOT TESTED,SEO migration lead,Alt text missing/unverified | WP modified: 2023-09-28T05:59:30
https://sciencedivine.org/wp-content/uploads/2023/09/Screen-Shot-2023-09-28-at-11.30.38-AM.png,https://sciencedivine.org/wp-content/uploads/2023/09/Screen-Shot-2023-09-28-at-11.30.38-AM.png,WordPress REST API: media,,,UNVERIFIED,,,No,Screen Shot 2023-09-28 at 11.30.38 AM,,,image/png,,,,,,,,,,,,,,NOT TESTED,SEO migration lead,Alt text missing/unverified | WP modified: 2023-09-28T06:01:47
https://sciencedivine.org/wp-content/uploads/2023/09/Screen-Shot-2023-09-28-at-11.30.46-AM.png,https://sciencedivine.org/wp-content/uploads/2023/09/Screen-Shot-2023-09-28-at-11.30.46-AM.png,WordPress REST API: media,,,UNVERIFIED,,,No,Screen Shot 2023-09-28 at 11.30.46 AM,,,image/png,,,,,,,,,,,,,,NOT TESTED,SEO migration lead,Alt text missing/unverified | WP modified: 2023-09-28T06:01:52
https://sciencedivine.org/wp-content/uploads/2023/09/Screen-Shot-2023-09-28-at-11.31.04-AM.png,https://sciencedivine.org/wp-content/uploads/2023/09/Screen-Shot-2023-09-28-at-11.31.04-AM.png,WordPress REST API: media,,,UNVERIFIED,,,No,Screen Shot 2023-09-28 at 11.31.04 AM,,,image/png,,,,,,,,,,,,,,NOT TESTED,SEO migration lead,Alt text missing/unverified | WP modified: 2023-09-28T06:01:59
https://sciencedivine.org/wp-content/uploads/2023/09/subconscious.png,https://sciencedivine.org/wp-content/uploads/2023/09/subconscious.png,WordPress REST API: media,,,UNVERIFIED,,,No,subconscious,,,image/png,,,,,,,,,,,,,,NOT TESTED,SEO migration lead,Alt text missing/unverified | WP modified: 2023-09-28T07:28:39
https://sciencedivine.org/wp-content/uploads/2023/09/tax-icon.png,https://sciencedivine.org/wp-content/uploads/2023/09/tax-icon.png,WordPress REST API: media,,,UNVERIFIED,,,No,tax-icon.png,,,image/png,,,,,,,,,,,,,,NOT TESTED,SEO migration lead,Alt text missing/unverified | WP modified: 2023-09-26T08:37:57
https://sciencedivine.org/wp-content/uploads/2023/09/teacher-1.png,https://sciencedivine.org/wp-content/uploads/2023/09/teacher-1.png,WordPress REST API: media,,,UNVERIFIED,,,No,teacher-1.png,,,image/png,,,,,,,,,,,,,,NOT TESTED,SEO migration lead,Alt text missing/unverified | WP modified: 2023-09-26T08:36:59
https://sciencedivine.org/wp-content/uploads/2023/09/Untitled-design-79.png,https://sciencedivine.org/wp-content/uploads/2023/09/Untitled-design-79.png,WordPress REST API: media,,,UNVERIFIED,,,No,Untitled design (79),,,image/png,,,,,,,,,,,,,,NOT TESTED,SEO migration lead,Alt text missing/unverified | WP modified: 2023-09-27T09:25:16
https://sciencedivine.org/wp-content/uploads/2023/09/Untitled-design-80.png,https://sciencedivine.org/wp-content/uploads/2023/09/Untitled-design-80.png,WordPress REST API: media,,,UNVERIFIED,,,No,Untitled design (80),,,image/png,,,,,,,,,,,,,,NOT TESTED,SEO migration lead,Alt text missing/unverified | WP modified: 2023-09-27T16:41:00
https://sciencedivine.org/wp-content/uploads/2023/09/Untitled-design.png,https://sciencedivine.org/wp-content/uploads/2023/09/Untitled-design.png,WordPress REST API: media,,,UNVERIFIED,,,No,Untitled design,,,image/png,,,,,,,,,,,,,,NOT TESTED,SEO migration lead,Alt text missing/unverified | WP modified: 2023-09-28T04:59:16
https://sciencedivine.org/wp-content/uploads/2023/09/upi-ar21-5.png,https://sciencedivine.org/wp-content/uploads/2023/09/upi-ar21-5.png,WordPress REST API: media,,,UNVERIFIED,,,No,upi-ar21 5,,,image/png,,,,,,,,,,,,,,NOT TESTED,SEO migration lead,Alt text missing/unverified | WP modified: 2023-09-26T05:54:38
https://sciencedivine.org/wp-content/uploads/2023/09/Visa_Inc._logo-5.png,https://sciencedivine.org/wp-content/uploads/2023/09/Visa_Inc._logo-5.png,WordPress REST API: media,,,UNVERIFIED,,,No,Visa_Inc._logo 5,,,image/png,,,,,,,,,,,,,,NOT TESTED,SEO migration lead,Alt text missing/unverified | WP modified: 2023-09-26T05:54:14
https://sciencedivine.org/wp-content/uploads/2023/10/balance-110850_1920.jpg,https://sciencedivine.org/wp-content/uploads/2023/10/balance-110850_1920.jpg,WordPress REST API: media,,,UNVERIFIED,,,No,balance-110850_1920,,,image/jpeg,,,,,,,,,,,,,,NOT TESTED,SEO migration lead,Alt text missing/unverified | WP modified: 2023-10-19T11:56:41
https://sciencedivine.org/wp-content/uploads/2023/10/base.jpg,https://sciencedivine.org/wp-content/uploads/2023/10/base.jpg,WordPress REST API: media,,,UNVERIFIED,,,No,base,,,image/jpeg,,,,,,,,,,,,,,NOT TESTED,SEO migration lead,Alt text missing/unverified | WP modified: 2023-10-20T10:13:41
https://sciencedivine.org/wp-content/uploads/2023/10/garu.png,https://sciencedivine.org/wp-content/uploads/2023/10/garu.png,WordPress REST API: media,,,UNVERIFIED,,,No,garu,,,image/png,,,,,,,,,,,,,,NOT TESTED,SEO migration lead,Alt text missing/unverified | WP modified: 2023-10-19T12:31:34
https://sciencedivine.org/wp-content/uploads/2023/10/guru-ji-warm.png,https://sciencedivine.org/wp-content/uploads/2023/10/guru-ji-warm.png,WordPress REST API: media,,,UNVERIFIED,,,No,guru-ji-warm,,,image/png,,,,,,,,,,,,,,NOT TESTED,SEO migration lead,Alt text missing/unverified | WP modified: 2023-10-20T10:13:46
https://sciencedivine.org/wp-content/uploads/2023/10/guru2.png,https://sciencedivine.org/wp-content/uploads/2023/10/guru2.png,WordPress REST API: media,,,UNVERIFIED,,,No,guru2,,,image/png,,,,,,,,,,,,,,NOT TESTED,SEO migration lead,Alt text missing/unverified | WP modified: 2023-10-19T13:44:20
https://sciencedivine.org/wp-content/uploads/2023/10/guru3-1.png,https://sciencedivine.org/wp-content/uploads/2023/10/guru3-1.png,WordPress REST API: media,,,UNVERIFIED,,,No,guru3,,,image/png,,,,,,,,,,,,,,NOT TESTED,SEO migration lead,Alt text missing/unverified | WP modified: 2023-10-19T13:46:32
https://sciencedivine.org/wp-content/uploads/2023/10/guru3.png,https://sciencedivine.org/wp-content/uploads/2023/10/guru3.png,WordPress REST API: media,,,UNVERIFIED,,,No,guru3,,,image/png,,,,,,,,,,,,,,NOT TESTED,SEO migration lead,Alt text missing/unverified | WP modified: 2023-10-19T13:45:27
https://sciencedivine.org/wp-content/uploads/2023/10/long.png,https://sciencedivine.org/wp-content/uploads/2023/10/long.png,WordPress REST API: media,,,UNVERIFIED,,,No,long,,,image/png,,,,,,,,,,,,,,NOT TESTED,SEO migration lead,Alt text missing/unverified | WP modified: 2023-10-20T10:16:48
https://sciencedivine.org/wp-content/uploads/2023/10/prat.png,https://sciencedivine.org/wp-content/uploads/2023/10/prat.png,WordPress REST API: media,,,UNVERIFIED,,,No,prat,,,image/png,,,,,,,,,,,,,,NOT TESTED,SEO migration lead,Alt text missing/unverified | WP modified: 2023-10-19T12:32:46
https://sciencedivine.org/wp-content/uploads/2023/10/pratistha.png,https://sciencedivine.org/wp-content/uploads/2023/10/pratistha.png,WordPress REST API: media,,,UNVERIFIED,,,No,pratistha,,,image/png,,,,,,,,,,,,,,NOT TESTED,SEO migration lead,Alt text missing/unverified | WP modified: 2023-10-19T12:29:29
https://sciencedivine.org/wp-content/uploads/2023/10/Sakshi-darshan.png,https://sciencedivine.org/wp-content/uploads/2023/10/Sakshi-darshan.png,WordPress REST API: media,,,UNVERIFIED,,,No,Sakshi-darshan,,,image/png,,,,,,,,,,,,,,NOT TESTED,SEO migration lead,Alt text missing/unverified | WP modified: 2023-10-19T13:12:51
https://sciencedivine.org/wp-content/uploads/2024/02/5-Effective-Yoga-Poses.png,https://sciencedivine.org/wp-content/uploads/2024/02/5-Effective-Yoga-Poses.png,WordPress REST API: media,,,UNVERIFIED,,,No,5 Effective Yoga Poses,,,image/png,,,,,,,,,,,,,,NOT TESTED,SEO migration lead,Alt text missing/unverified | WP modified: 2024-02-10T06:34:24
https://sciencedivine.org/wp-content/uploads/2024/02/8vW7z6ej9u1aVTE-mLlC_WZZBbMP6acFEsoutUqotQFD-s-ex4FOlFxS2e6aH3ZjKivmpy3G3Y19ykarJGXfnri4qVbdV05mAy_zWSHSj0rJxrMvS6qiH7ylTbAa3U_LW-e95O5YeNmgLoCj4dxvSnc.jpg,https://sciencedivine.org/wp-content/uploads/2024/02/8vW7z6ej9u1aVTE-mLlC_WZZBbMP6acFEsoutUqotQFD-s-ex4FOlFxS2e6aH3ZjKivmpy3G3Y19ykarJGXfnri4qVbdV05mAy_zWSHSj0rJxrMvS6qiH7ylTbAa3U_LW-e95O5YeNmgLoCj4dxvSnc.jpg,WordPress REST API: media,,,UNVERIFIED,,,No,yoga for high bp &#8211; Bridge Pose (Setu Bandhasana),,,image/jpeg,,,,,,,,,,,,,,NOT TESTED,SEO migration lead,Alt: yoga for high bp - Bridge Pose (Setu Bandhasana) | WP modified: 2024-02-22T06:15:19
https://sciencedivine.org/wp-content/uploads/2024/02/asana-for-high-blood-pressure-Baddha-Konasana-Butterfly-Pose.png,https://sciencedivine.org/wp-content/uploads/2024/02/asana-for-high-blood-pressure-Baddha-Konasana-Butterfly-Pose.png,WordPress REST API: media,,,UNVERIFIED,,,No,asana for high blood pressure Baddha Konasana (Butterfly Pose),,,image/png,,,,,,,,,,,,,,NOT TESTED,SEO migration lead,Alt: asana for high blood pressure Baddha Konasana (Butterfly Pose) | WP modified: 2024-02-24T09:33:28
https://sciencedivine.org/wp-content/uploads/2024/02/asana-for-high-blood-pressure-cover.png,https://sciencedivine.org/wp-content/uploads/2024/02/asana-for-high-blood-pressure-cover.png,WordPress REST API: media,,,UNVERIFIED,,,No,asana for high blood pressure cover,,,image/png,,,,,,,,,,,,,,NOT TESTED,SEO migration lead,Alt: asana for high blood pressure cover | WP modified: 2024-02-24T09:43:21
https://sciencedivine.org/wp-content/uploads/2024/02/asana-for-high-blood-pressure-Janu-Sirsasana-Head-to-Knee-Forward-Bend.png,https://sciencedivine.org/wp-content/uploads/2024/02/asana-for-high-blood-pressure-Janu-Sirsasana-Head-to-Knee-Forward-Bend.png,WordPress REST API: media,,,UNVERIFIED,,,No,asana for high blood pressure Janu Sirsasana (Head-to-Knee Forward Bend),,,image/png,,,,,,,,,,,,,,NOT TESTED,SEO migration lead,Alt: asana for high blood pressure Janu Sirsasana (Head-to-Knee Forward Bend) | WP modified: 2024-02-24T09:34:25
https://sciencedivine.org/wp-content/uploads/2024/02/asana-for-high-blood-pressure-Setu-Bandhasana-Bridge-Pose.png,https://sciencedivine.org/wp-content/uploads/2024/02/asana-for-high-blood-pressure-Setu-Bandhasana-Bridge-Pose.png,WordPress REST API: media,,,UNVERIFIED,,,No,asana for high blood pressure Setu Bandhasana (Bridge Pose),,,image/png,,,,,,,,,,,,,,NOT TESTED,SEO migration lead,Alt: asana for high blood pressure Setu Bandhasana (Bridge Pose) | WP modified: 2024-02-24T09:36:54
https://sciencedivine.org/wp-content/uploads/2024/02/asana-for-high-blood-pressure-Shavasana-Corpse-Pose.png,https://sciencedivine.org/wp-content/uploads/2024/02/asana-for-high-blood-pressure-Shavasana-Corpse-Pose.png,WordPress REST API: media,,,UNVERIFIED,,,No,asana for high blood pressure Shavasana (Corpse Pose),,,image/png,,,,,,,,,,,,,,NOT TESTED,SEO migration lead,Alt: asana for high blood pressure Shavasana (Corpse Pose) | WP modified: 2024-02-24T09:32:00
https://sciencedivine.org/wp-content/uploads/2024/02/asana-for-high-blood-pressure-Tree-Pose-Vrksasana.png,https://sciencedivine.org/wp-content/uploads/2024/02/asana-for-high-blood-pressure-Tree-Pose-Vrksasana.png,WordPress REST API: media,,,UNVERIFIED,,,No,asana for high blood pressure Tree Pose (Vrksasana),,,image/png,,,,,,,,,,,,,,NOT TESTED,SEO migration lead,Alt: asana for high blood pressure Tree Pose (Vrksasana) | WP modified: 2024-02-24T09:37:47
https://sciencedivine.org/wp-content/uploads/2024/02/basics-of-meditation.png,https://sciencedivine.org/wp-content/uploads/2024/02/basics-of-meditation.png,WordPress REST API: media,,,UNVERIFIED,,,No,basics-of-meditation,,,image/png,,,,,,,,,,,,,,NOT TESTED,SEO migration lead,Alt text missing/unverified | WP modified: 2024-02-06T09:12:31
https://sciencedivine.org/wp-content/uploads/2024/02/cropped-SD_logo.png,https://sciencedivine.org/wp-content/uploads/2024/02/cropped-SD_logo.png,WordPress REST API: media,,,UNVERIFIED,,,No,Science Divine,,,image/png,,,,,,,,,,,,,,NOT TESTED,SEO migration lead,Alt: Science Divine | WP modified: 2024-02-20T07:15:51
https://sciencedivine.org/wp-content/uploads/2024/02/Embark-on-Your-Meditation-Journey-1.png,https://sciencedivine.org/wp-content/uploads/2024/02/Embark-on-Your-Meditation-Journey-1.png,WordPress REST API: media,,,UNVERIFIED,,,No,Embark on Your Meditation Journey 1,,,image/png,,,,,,,,,,,,,,NOT TESTED,SEO migration lead,Alt text missing/unverified | WP modified: 2024-02-07T08:45:57
https://sciencedivine.org/wp-content/uploads/2024/02/Embark-on-Your-Meditation-Journey-2.png,https://sciencedivine.org/wp-content/uploads/2024/02/Embark-on-Your-Meditation-Journey-2.png,WordPress REST API: media,,,UNVERIFIED,,,No,Embark on Your Meditation Journey 2,,,image/png,,,,,,,,,,,,,,NOT TESTED,SEO migration lead,Alt text missing/unverified | WP modified: 2024-02-07T08:46:05
https://sciencedivine.org/wp-content/uploads/2024/02/Harmonizing-Mind-and-Body-1.png,https://sciencedivine.org/wp-content/uploads/2024/02/Harmonizing-Mind-and-Body-1.png,WordPress REST API: media,,,UNVERIFIED,,,No,Harmonizing Mind and Body 1,,,image/png,,,,,,,,,,,,,,NOT TESTED,SEO migration lead,Alt text missing/unverified | WP modified: 2024-02-10T05:27:06
https://sciencedivine.org/wp-content/uploads/2024/02/Harmonizing-Mind-and-Body-2.png,https://sciencedivine.org/wp-content/uploads/2024/02/Harmonizing-Mind-and-Body-2.png,WordPress REST API: media,,,UNVERIFIED,,,No,Harmonizing Mind and Body 2,,,image/png,,,,,,,,,,,,,,NOT TESTED,SEO migration lead,Alt text missing/unverified | WP modified: 2024-02-10T05:27:13
https://sciencedivine.org/wp-content/uploads/2024/02/How-Manifestation-Works.png,https://sciencedivine.org/wp-content/uploads/2024/02/How-Manifestation-Works.png,WordPress REST API: media,,,UNVERIFIED,,,No,How Manifestation Works,,,image/png,,,,,,,,,,,,,,NOT TESTED,SEO migration lead,Alt: How Manifestation Works | WP modified: 2024-02-29T06:39:43
https://sciencedivine.org/wp-content/uploads/2024/02/How-to-Do-Meditation-at-Home.png,https://sciencedivine.org/wp-content/uploads/2024/02/How-to-Do-Meditation-at-Home.png,WordPress REST API: media,,,UNVERIFIED,,,No,How to Do Meditation at Home,,,image/png,,,,,,,,,,,,,,NOT TESTED,SEO migration lead,Alt: How to Do Meditation at Home | WP modified: 2024-02-24T09:52:47
https://sciencedivine.org/wp-content/uploads/2024/02/iBU4RjKJPHkVhSv1voOuNndGuGWE3cHN48Mi-ScQfXQyEQ92xkRmWIX1SUXbPj2UkgW8cevs45FNse42Oq_uIAB4EkvuAsO9aPnxj_Mjmm5r5V7Ccs1pL8i9O9VEdTIIMAkDOo5vgWP80CPp1XyFIAk.jpg,https://sciencedivine.org/wp-content/uploads/2024/02/iBU4RjKJPHkVhSv1voOuNndGuGWE3cHN48Mi-ScQfXQyEQ92xkRmWIX1SUXbPj2UkgW8cevs45FNse42Oq_uIAB4EkvuAsO9aPnxj_Mjmm5r5V7Ccs1pL8i9O9VEdTIIMAkDOo5vgWP80CPp1XyFIAk.jpg,WordPress REST API: media,,,UNVERIFIED,,,No,iBU4RjKJPHkVhSv1voOuNndGuGWE3cHN48Mi-ScQfXQyEQ92xkRmWIX1SUXbPj2UkgW8cevs45FNse42Oq_uIAB4EkvuAsO9aPnxj_Mjmm5r5V7Ccs1pL8i9O9VEdTIIMAkDOo5vgWP80CPp1XyFIAk,,,image/jpeg,,,,,,,,,,,,,,NOT TESTED,SEO migration lead,Alt text missing/unverified | WP modified: 2024-02-21T12:52:28
https://sciencedivine.org/wp-content/uploads/2024/02/IMG_3388-scaled.jpg,https://sciencedivine.org/wp-content/uploads/2024/02/IMG_3388-scaled.jpg,WordPress REST API: media,,,UNVERIFIED,,,No,IMG_3388,,,image/jpeg,,,,,,,,,,,,,,NOT TESTED,SEO migration lead,Alt text missing/unverified | WP modified: 2024-02-29T10:33:55
https://sciencedivine.org/wp-content/uploads/2024/02/IMG_3457-scaled.jpg,https://sciencedivine.org/wp-content/uploads/2024/02/IMG_3457-scaled.jpg,WordPress REST API: media,,,UNVERIFIED,,,No,IMG_3457,,,image/jpeg,,,,,,,,,,,,,,NOT TESTED,SEO migration lead,Alt text missing/unverified | WP modified: 2024-02-29T10:35:35
https://sciencedivine.org/wp-content/uploads/2024/02/IMG_3471-scaled.jpg,https://sciencedivine.org/wp-content/uploads/2024/02/IMG_3471-scaled.jpg,WordPress REST API: media,,,UNVERIFIED,,,No,IMG_3471,,,image/jpeg,,,,,,,,,,,,,,NOT TESTED,SEO migration lead,Alt text missing/unverified | WP modified: 2024-02-29T10:37:29
https://sciencedivine.org/wp-content/uploads/2024/02/IMG_3472-scaled.jpg,https://sciencedivine.org/wp-content/uploads/2024/02/IMG_3472-scaled.jpg,WordPress REST API: media,,,UNVERIFIED,,,No,IMG_3472,,,image/jpeg,,,,,,,,,,,,,,NOT TESTED,SEO migration lead,Alt text missing/unverified | WP modified: 2024-02-29T10:38:49
https://sciencedivine.org/wp-content/uploads/2024/02/IMG_3489-scaled.jpg,https://sciencedivine.org/wp-content/uploads/2024/02/IMG_3489-scaled.jpg,WordPress REST API: media,,,UNVERIFIED,,,No,IMG_3489,,,image/jpeg,,,,,,,,,,,,,,NOT TESTED,SEO migration lead,Alt text missing/unverified | WP modified: 2024-02-29T10:40:21
https://sciencedivine.org/wp-content/uploads/2024/02/IMG_3505-scaled.jpg,https://sciencedivine.org/wp-content/uploads/2024/02/IMG_3505-scaled.jpg,WordPress REST API: media,,,UNVERIFIED,,,No,IMG_3505,,,image/jpeg,,,,,,,,,,,,,,NOT TESTED,SEO migration lead,Alt text missing/unverified | WP modified: 2024-02-29T10:42:03
https://sciencedivine.org/wp-content/uploads/2024/02/IMG_3507-scaled.jpg,https://sciencedivine.org/wp-content/uploads/2024/02/IMG_3507-scaled.jpg,WordPress REST API: media,,,UNVERIFIED,,,No,IMG_3507,,,image/jpeg,,,,,,,,,,,,,,NOT TESTED,SEO migration lead,Alt text missing/unverified | WP modified: 2024-02-29T10:43:20
https://sciencedivine.org/wp-content/uploads/2024/02/IMG_3545-scaled.jpg,https://sciencedivine.org/wp-content/uploads/2024/02/IMG_3545-scaled.jpg,WordPress REST API: media,,,UNVERIFIED,,,No,IMG_3545,,,image/jpeg,,,,,,,,,,,,,,NOT TESTED,SEO migration lead,Alt text missing/unverified | WP modified: 2024-02-29T10:44:30
https://sciencedivine.org/wp-content/uploads/2024/02/IMG_3552-scaled.jpg,https://sciencedivine.org/wp-content/uploads/2024/02/IMG_3552-scaled.jpg,WordPress REST API: media,,,UNVERIFIED,,,No,IMG_3552,,,image/jpeg,,,,,,,,,,,,,,NOT TESTED,SEO migration lead,Alt text missing/unverified | WP modified: 2024-02-29T10:45:58
https://sciencedivine.org/wp-content/uploads/2024/02/IMG_3557-scaled.jpg,https://sciencedivine.org/wp-content/uploads/2024/02/IMG_3557-scaled.jpg,WordPress REST API: media,,,UNVERIFIED,,,No,IMG_3557,,,image/jpeg,,,,,,,,,,,,,,NOT TESTED,SEO migration lead,Alt text missing/unverified | WP modified: 2024-02-29T10:47:14
https://sciencedivine.org/wp-content/uploads/2024/02/IMG_3578-scaled.jpg,https://sciencedivine.org/wp-content/uploads/2024/02/IMG_3578-scaled.jpg,WordPress REST API: media,,,UNVERIFIED,,,No,Sakshi Shree,,,image/jpeg,,,,,,,,,,,,,,NOT TESTED,SEO migration lead,Alt: Sakshi Shree | WP modified: 2024-02-29T10:33:53
https://sciencedivine.org/wp-content/uploads/2024/02/Manifestation-Cover.jpg,https://sciencedivine.org/wp-content/uploads/2024/02/Manifestation-Cover.jpg,WordPress REST API: media,,,UNVERIFIED,,,No,Manifestation-Cover,,,image/jpeg,,,,,,,,,,,,,,NOT TESTED,SEO migration lead,Alt: Manifestation | WP modified: 2024-02-29T06:35:09
https://sciencedivine.org/wp-content/uploads/2024/02/Master-the-Art-of-Deep-Relaxation-1.png,https://sciencedivine.org/wp-content/uploads/2024/02/Master-the-Art-of-Deep-Relaxation-1.png,WordPress REST API: media,,,UNVERIFIED,,,No,Master the Art of Deep Relaxation 1,,,image/png,,,,,,,,,,,,,,NOT TESTED,SEO migration lead,Alt text missing/unverified | WP modified: 2024-02-09T05:49:18
https://sciencedivine.org/wp-content/uploads/2024/02/Master-the-Art-of-Deep-Relaxation-2.png,https://sciencedivine.org/wp-content/uploads/2024/02/Master-the-Art-of-Deep-Relaxation-2.png,WordPress REST API: media,,,UNVERIFIED,,,No,Master the Art of Deep Relaxation 2,,,image/png,,,,,,,,,,,,,,NOT TESTED,SEO migration lead,Alt text missing/unverified | WP modified: 2024-02-09T05:49:27
https://sciencedivine.org/wp-content/uploads/2024/02/Mastering-Calm-1.png,https://sciencedivine.org/wp-content/uploads/2024/02/Mastering-Calm-1.png,WordPress REST API: media,,,UNVERIFIED,,,No,Mastering Calm 1,,,image/png,,,,,,,,,,,,,,NOT TESTED,SEO migration lead,Alt text missing/unverified | WP modified: 2024-02-07T09:03:02
https://sciencedivine.org/wp-content/uploads/2024/02/Mastering-Calm-2.png,https://sciencedivine.org/wp-content/uploads/2024/02/Mastering-Calm-2.png,WordPress REST API: media,,,UNVERIFIED,,,No,Mastering Calm 2,,,image/png,,,,,,,,,,,,,,NOT TESTED,SEO migration lead,Alt text missing/unverified | WP modified: 2024-02-07T09:02:57
https://sciencedivine.org/wp-content/uploads/2024/02/Mastering-Lifes-Challenges-1.png,https://sciencedivine.org/wp-content/uploads/2024/02/Mastering-Lifes-Challenges-1.png,WordPress REST API: media,,,UNVERIFIED,,,No,Mastering Life's Challenges 1,,,image/png,,,,,,,,,,,,,,NOT TESTED,SEO migration lead,Alt text missing/unverified | WP modified: 2024-02-10T06:06:09
https://sciencedivine.org/wp-content/uploads/2024/02/Mastering-Lifes-Challenges-2.png,https://sciencedivine.org/wp-content/uploads/2024/02/Mastering-Lifes-Challenges-2.png,WordPress REST API: media,,,UNVERIFIED,,,No,Mastering Life's Challenges 2,,,image/png,,,,,,,,,,,,,,NOT TESTED,SEO migration lead,Alt text missing/unverified | WP modified: 2024-02-10T06:06:03
https://sciencedivine.org/wp-content/uploads/2024/02/Meditation-and-Mental-Health-1.png,https://sciencedivine.org/wp-content/uploads/2024/02/Meditation-and-Mental-Health-1.png,WordPress REST API: media,,,UNVERIFIED,,,No,Meditation and Mental Health 1,,,image/png,,,,,,,,,,,,,,NOT TESTED,SEO migration lead,Alt text missing/unverified | WP modified: 2024-02-09T05:17:35
https://sciencedivine.org/wp-content/uploads/2024/02/Meditation-and-Mental-Health-2.png,https://sciencedivine.org/wp-content/uploads/2024/02/Meditation-and-Mental-Health-2.png,WordPress REST API: media,,,UNVERIFIED,,,No,Meditation and Mental Health 2,,,image/png,,,,,,,,,,,,,,NOT TESTED,SEO migration lead,Alt text missing/unverified | WP modified: 2024-02-09T05:17:44
https://sciencedivine.org/wp-content/uploads/2024/02/meditation-at-home.png,https://sciencedivine.org/wp-content/uploads/2024/02/meditation-at-home.png,WordPress REST API: media,,,UNVERIFIED,,,No,meditation at home,,,image/png,,,,,,,,,,,,,,NOT TESTED,SEO migration lead,Alt text missing/unverified | WP modified: 2024-02-06T11:36:25
https://sciencedivine.org/wp-content/uploads/2024/02/Meditation-Benefits-for-Brain.png,https://sciencedivine.org/wp-content/uploads/2024/02/Meditation-Benefits-for-Brain.png,WordPress REST API: media,,,UNVERIFIED,,,No,Meditation Benefits for Brain,,,image/png,,,,,,,,,,,,,,NOT TESTED,SEO migration lead,Alt: Meditation Benefits for Brain | WP modified: 2024-02-24T09:51:24
https://sciencedivine.org/wp-content/uploads/2024/02/Meditation-cover.png,https://sciencedivine.org/wp-content/uploads/2024/02/Meditation-cover.png,WordPress REST API: media,,,UNVERIFIED,,,No,Meditation cover,,,image/png,,,,,,,,,,,,,,NOT TESTED,SEO migration lead,Alt text missing/unverified | WP modified: 2024-02-24T09:49:21
https://sciencedivine.org/wp-content/uploads/2024/02/Meditation-for-Kids-1.png,https://sciencedivine.org/wp-content/uploads/2024/02/Meditation-for-Kids-1.png,WordPress REST API: media,,,UNVERIFIED,,,No,Meditation for Kids 1,,,image/png,,,,,,,,,,,,,,NOT TESTED,SEO migration lead,Alt text missing/unverified | WP modified: 2024-02-10T06:14:01
https://sciencedivine.org/wp-content/uploads/2024/02/Meditation-for-Kids-2.png,https://sciencedivine.org/wp-content/uploads/2024/02/Meditation-for-Kids-2.png,WordPress REST API: media,,,UNVERIFIED,,,No,Meditation for Kids 2,,,image/png,,,,,,,,,,,,,,NOT TESTED,SEO migration lead,Alt text missing/unverified | WP modified: 2024-02-10T06:13:48
https://sciencedivine.org/wp-content/uploads/2024/02/Meditation-for-Kids-3.png,https://sciencedivine.org/wp-content/uploads/2024/02/Meditation-for-Kids-3.png,WordPress REST API: media,,,UNVERIFIED,,,No,Meditation for Kids 3,,,image/png,,,,,,,,,,,,,,NOT TESTED,SEO migration lead,Alt text missing/unverified | WP modified: 2024-02-10T06:13:55
https://sciencedivine.org/wp-content/uploads/2024/02/Meditation-for-Seniors-1.png,https://sciencedivine.org/wp-content/uploads/2024/02/Meditation-for-Seniors-1.png,WordPress REST API: media,,,UNVERIFIED,,,No,Meditation for Seniors 1,,,image/png,,,,,,,,,,,,,,NOT TESTED,SEO migration lead,Alt text missing/unverified | WP modified: 2024-02-10T06:19:30
https://sciencedivine.org/wp-content/uploads/2024/02/Meditation-for-Seniors-2.png,https://sciencedivine.org/wp-content/uploads/2024/02/Meditation-for-Seniors-2.png,WordPress REST API: media,,,UNVERIFIED,,,No,Meditation for Seniors 2,,,image/png,,,,,,,,,,,,,,NOT TESTED,SEO migration lead,Alt text missing/unverified | WP modified: 2024-02-10T06:19:39
https://sciencedivine.org/wp-content/uploads/2024/02/Meditation-into-Your-Daily-Routine-1.png,https://sciencedivine.org/wp-content/uploads/2024/02/Meditation-into-Your-Daily-Routine-1.png,WordPress REST API: media,,,UNVERIFIED,,,No,Meditation into Your Daily Routine 1,,,image/png,,,,,,,,,,,,,,NOT TESTED,SEO migration lead,Alt text missing/unverified | WP modified: 2024-02-07T08:34:35
https://sciencedivine.org/wp-content/uploads/2024/02/Meditation-into-Your-Daily-Routine-2.png,https://sciencedivine.org/wp-content/uploads/2024/02/Meditation-into-Your-Daily-Routine-2.png,WordPress REST API: media,,,UNVERIFIED,,,No,Meditation into Your Daily Routine 2,,,image/png,,,,,,,,,,,,,,NOT TESTED,SEO migration lead,Alt text missing/unverified | WP modified: 2024-02-07T08:35:28
https://sciencedivine.org/wp-content/uploads/2024/02/Mental-Health.jpg,https://sciencedivine.org/wp-content/uploads/2024/02/Mental-Health.jpg,WordPress REST API: media,,,UNVERIFIED,,,No,Mental Health,,,image/jpeg,,,,,,,,,,,,,,NOT TESTED,SEO migration lead,Alt: Mental Health | WP modified: 2024-02-29T09:06:51
https://sciencedivine.org/wp-content/uploads/2024/02/Power-of-Meditation.png,https://sciencedivine.org/wp-content/uploads/2024/02/Power-of-Meditation.png,WordPress REST API: media,,,UNVERIFIED,,,No,Power of Meditation,,,image/png,,,,,,,,,,,,,,NOT TESTED,SEO migration lead,Alt: Power of Meditation | WP modified: 2024-02-24T09:53:16
https://sciencedivine.org/wp-content/uploads/2024/02/pranayama-for-high-blood-pressure-Anulom-Vilom-Pranayam-for-High-Blood-Pressure.jpg,https://sciencedivine.org/wp-content/uploads/2024/02/pranayama-for-high-blood-pressure-Anulom-Vilom-Pranayam-for-High-Blood-Pressure.jpg,WordPress REST API: media,,,UNVERIFIED,,,No,pranayama for high blood pressure &#8211; Anulom Vilom Pranayam for High Blood Pressure,,,image/jpeg,,,,,,,,,,,,,,NOT TESTED,SEO migration lead,Alt: pranayama for high blood pressure - Anulom Vilom Pranayam for High Blood Pressure | WP modified: 2024-02-22T09:05:16
https://sciencedivine.org/wp-content/uploads/2024/02/pranayama-for-high-blood-pressure-Bhramari-Pranayam.jpg,https://sciencedivine.org/wp-content/uploads/2024/02/pranayama-for-high-blood-pressure-Bhramari-Pranayam.jpg,WordPress REST API: media,,,UNVERIFIED,,,No,pranayama for high blood pressure &#8211; Bhramari Pranayam,,,image/jpeg,,,,,,,,,,,,,,NOT TESTED,SEO migration lead,Alt: pranayama for high blood pressure - Bhramari Pranayam | WP modified: 2024-02-22T09:06:23
https://sciencedivine.org/wp-content/uploads/2024/02/pranayama-for-high-blood-pressure-cover-scaled.jpg,https://sciencedivine.org/wp-content/uploads/2024/02/pranayama-for-high-blood-pressure-cover-scaled.jpg,WordPress REST API: media,,,UNVERIFIED,,,No,pranayama for high blood pressure,,,image/jpeg,,,,,,,,,,,,,,NOT TESTED,SEO migration lead,Alt: pranayama for high blood pressure | WP modified: 2024-02-22T12:03:19
https://sciencedivine.org/wp-content/uploads/2024/02/pranayama-for-high-blood-pressure-Sheetali-Pranayam.jpg,https://sciencedivine.org/wp-content/uploads/2024/02/pranayama-for-high-blood-pressure-Sheetali-Pranayam.jpg,WordPress REST API: media,,,UNVERIFIED,,,No,pranayama for high blood pressure &#8211; Sheetali Pranayam,,,image/jpeg,,,,,,,,,,,,,,NOT TESTED,SEO migration lead,Alt: pranayama for high blood pressure - Sheetali Pranayam | WP modified: 2024-02-22T09:06:52
https://sciencedivine.org/wp-content/uploads/2024/02/pranayama-for-high-blood-pressure-Ujjayi-Pranayama.jpg,https://sciencedivine.org/wp-content/uploads/2024/02/pranayama-for-high-blood-pressure-Ujjayi-Pranayama.jpg,WordPress REST API: media,,,UNVERIFIED,,,No,pranayama for high blood pressure &#8211; Ujjayi-Pranayama,,,image/jpeg,,,,,,,,,,,,,,NOT TESTED,SEO migration lead,Alt: pranayama for high blood pressure - Ujjayi-Pranayama | WP modified: 2024-02-22T09:07:18
https://sciencedivine.org/wp-content/uploads/2024/02/PVNc0PNxerdVRcu82tQjMO_35d8PslVM07k-Acr-KAonS6lflUdtAn3f8xwVFrt2EAonyJUmrRMZu2efrR6Q0dk9pNenrdPo3c5RMBYP58oaZyLLpQWYmASYWoCgfwQ7YZ5FaVKAQguBytT1k8sdTZQ.jpg,https://sciencedivine.org/wp-content/uploads/2024/02/PVNc0PNxerdVRcu82tQjMO_35d8PslVM07k-Acr-KAonS6lflUdtAn3f8xwVFrt2EAonyJUmrRMZu2efrR6Q0dk9pNenrdPo3c5RMBYP58oaZyLLpQWYmASYWoCgfwQ7YZ5FaVKAQguBytT1k8sdTZQ.jpg,WordPress REST API: media,,,UNVERIFIED,,,No,PVNc0PNxerdVRcu82tQjMO_35d8PslVM07k-Acr-KAonS6lflUdtAn3f8xwVFrt2EAonyJUmrRMZu2efrR6Q0dk9pNenrdPo3c5RMBYP58oaZyLLpQWYmASYWoCgfwQ7YZ5FaVKAQguBytT1k8sdTZQ,,,image/jpeg,,,,,,,,,,,,,,NOT TESTED,SEO migration lead,Alt text missing/unverified | WP modified: 2024-02-21T12:52:26
https://sciencedivine.org/wp-content/uploads/2024/02/Silent-Retreats-Unveiled.png,https://sciencedivine.org/wp-content/uploads/2024/02/Silent-Retreats-Unveiled.png,WordPress REST API: media,,,UNVERIFIED,,,No,Silent Retreats Unveiled,,,image/png,,,,,,,,,,,,,,NOT TESTED,SEO migration lead,Alt text missing/unverified | WP modified: 2024-02-09T06:39:38
https://sciencedivine.org/wp-content/uploads/2024/02/silhouette-standing-mountain-peak-celebrating-success-generated-by-ai_188544-14025.jpg,https://sciencedivine.org/wp-content/uploads/2024/02/silhouette-standing-mountain-peak-celebrating-success-generated-by-ai_188544-14025.jpg,WordPress REST API: media,,,UNVERIFIED,,,No,Design Your Destiny,,,image/jpeg,,,,,,,,,,,,,,NOT TESTED,SEO migration lead,Alt: Design Your Destiny | WP modified: 2024-02-20T09:24:31
https://sciencedivine.org/wp-content/uploads/2024/02/Stress-Reduction-e1707217709944.png,https://sciencedivine.org/wp-content/uploads/2024/02/Stress-Reduction-e1707217709944.png,WordPress REST API: media,,,UNVERIFIED,,,No,Stress-Reduction,,,image/png,,,,,,,,,,,,,,NOT TESTED,SEO migration lead,Alt text missing/unverified | WP modified: 2024-02-06T10:50:51
https://sciencedivine.org/wp-content/uploads/2024/02/Types-of-Meditation.png,https://sciencedivine.org/wp-content/uploads/2024/02/Types-of-Meditation.png,WordPress REST API: media,,,UNVERIFIED,,,No,Types of Meditation,,,image/png,,,,,,,,,,,,,,NOT TESTED,SEO migration lead,Alt: Types of Meditation | WP modified: 2024-02-24T09:50:25
https://sciencedivine.org/wp-content/uploads/2024/02/Types-of-Mental-Health-Disorders.png,https://sciencedivine.org/wp-content/uploads/2024/02/Types-of-Mental-Health-Disorders.png,WordPress REST API: media,,,UNVERIFIED,,,No,Types of Mental Health Disorders,,,image/png,,,,,,,,,,,,,,NOT TESTED,SEO migration lead,Alt: Types of Mental Health Disorders | WP modified: 2024-02-29T09:33:09
https://sciencedivine.org/wp-content/uploads/2024/02/Understand-the-Concept-of-Mental-Health.jpg,https://sciencedivine.org/wp-content/uploads/2024/02/Understand-the-Concept-of-Mental-Health.jpg,WordPress REST API: media,,,UNVERIFIED,,,No,Understand the Concept of Mental Health,,,image/jpeg,,,,,,,,,,,,,,NOT TESTED,SEO migration lead,Alt: Understand the Concept of Mental Health | WP modified: 2024-02-29T09:15:39
https://sciencedivine.org/wp-content/uploads/2024/02/Unlock-a-Productive-Day-1.png,https://sciencedivine.org/wp-content/uploads/2024/02/Unlock-a-Productive-Day-1.png,WordPress REST API: media,,,UNVERIFIED,,,No,Unlock a Productive Day 1,,,image/png,,,,,,,,,,,,,,NOT TESTED,SEO migration lead,Alt text missing/unverified | WP modified: 2024-02-09T11:35:44
https://sciencedivine.org/wp-content/uploads/2024/02/Unlock-a-Productive-Day-2.png,https://sciencedivine.org/wp-content/uploads/2024/02/Unlock-a-Productive-Day-2.png,WordPress REST API: media,,,UNVERIFIED,,,No,Unlock a Productive Day 2,,,image/png,,,,,,,,,,,,,,NOT TESTED,SEO migration lead,Alt text missing/unverified | WP modified: 2024-02-09T11:35:51
https://sciencedivine.org/wp-content/uploads/2024/02/Unlock-a-Productive-Day-3.png,https://sciencedivine.org/wp-content/uploads/2024/02/Unlock-a-Productive-Day-3.png,WordPress REST API: media,,,UNVERIFIED,,,No,Unlock a Productive Day 3,,,image/png,,,,,,,,,,,,,,NOT TESTED,SEO migration lead,Alt text missing/unverified | WP modified: 2024-02-09T11:35:58
https://sciencedivine.org/wp-content/uploads/2024/02/Unlock-Restful-Nights.png,https://sciencedivine.org/wp-content/uploads/2024/02/Unlock-Restful-Nights.png,WordPress REST API: media,,,UNVERIFIED,,,No,Unlock Restful Nights,,,image/png,,,,,,,,,,,,,,NOT TESTED,SEO migration lead,Alt text missing/unverified | WP modified: 2024-02-09T06:08:08
https://sciencedivine.org/wp-content/uploads/2024/02/Unlock-the-Power-of-Guided-Meditation-1.png,https://sciencedivine.org/wp-content/uploads/2024/02/Unlock-the-Power-of-Guided-Meditation-1.png,WordPress REST API: media,,,UNVERIFIED,,,No,Unlock the Power of Guided Meditation 1,,,image/png,,,,,,,,,,,,,,NOT TESTED,SEO migration lead,Alt text missing/unverified | WP modified: 2024-02-09T13:01:14
https://sciencedivine.org/wp-content/uploads/2024/02/Unlock-the-Power-of-Guided-Meditation-2.png,https://sciencedivine.org/wp-content/uploads/2024/02/Unlock-the-Power-of-Guided-Meditation-2.png,WordPress REST API: media,,,UNVERIFIED,,,No,Unlock the Power of Guided Meditation 2,,,image/png,,,,,,,,,,,,,,NOT TESTED,SEO migration lead,Alt text missing/unverified | WP modified: 2024-02-09T13:01:21
https://sciencedivine.org/wp-content/uploads/2024/02/Unlock-the-Power-of-Your-Mind-1.png,https://sciencedivine.org/wp-content/uploads/2024/02/Unlock-the-Power-of-Your-Mind-1.png,WordPress REST API: media,,,UNVERIFIED,,,No,Unlock the Power of Your Mind 1,,,image/png,,,,,,,,,,,,,,NOT TESTED,SEO migration lead,Alt text missing/unverified | WP modified: 2024-02-09T11:02:10
https://sciencedivine.org/wp-content/uploads/2024/02/Unlock-the-Power-of-Your-Mind-2.png,https://sciencedivine.org/wp-content/uploads/2024/02/Unlock-the-Power-of-Your-Mind-2.png,WordPress REST API: media,,,UNVERIFIED,,,No,Unlock the Power of Your Mind 2,,,image/png,,,,,,,,,,,,,,NOT TESTED,SEO migration lead,Alt text missing/unverified | WP modified: 2024-02-09T11:01:56
https://sciencedivine.org/wp-content/uploads/2024/02/Unlock-the-Power-of-Your-Mind-3.png,https://sciencedivine.org/wp-content/uploads/2024/02/Unlock-the-Power-of-Your-Mind-3.png,WordPress REST API: media,,,UNVERIFIED,,,No,Unlock the Power of Your Mind 3,,,image/png,,,,,,,,,,,,,,NOT TESTED,SEO migration lead,Alt text missing/unverified | WP modified: 2024-02-09T11:02:03
https://sciencedivine.org/wp-content/uploads/2024/02/Unlock-Your-Inner-Harmony-1.png,https://sciencedivine.org/wp-content/uploads/2024/02/Unlock-Your-Inner-Harmony-1.png,WordPress REST API: media,,,UNVERIFIED,,,No,Unlock Your Inner Harmony 1,,,image/png,,,,,,,,,,,,,,NOT TESTED,SEO migration lead,Alt text missing/unverified | WP modified: 2024-02-09T06:49:02
https://sciencedivine.org/wp-content/uploads/2024/02/Unlock-Your-Inner-Harmony-2.png,https://sciencedivine.org/wp-content/uploads/2024/02/Unlock-Your-Inner-Harmony-2.png,WordPress REST API: media,,,UNVERIFIED,,,No,Unlock Your Inner Harmony 2,,,image/png,,,,,,,,,,,,,,NOT TESTED,SEO migration lead,Alt text missing/unverified | WP modified: 2024-02-09T06:49:10
https://sciencedivine.org/wp-content/uploads/2024/02/Unlocking-Creative-Genius.png,https://sciencedivine.org/wp-content/uploads/2024/02/Unlocking-Creative-Genius.png,WordPress REST API: media,,,UNVERIFIED,,,No,Unlocking Creative Genius,,,image/png,,,,,,,,,,,,,,NOT TESTED,SEO migration lead,Alt text missing/unverified | WP modified: 2024-02-09T06:33:38
https://sciencedivine.org/wp-content/uploads/2024/02/Unlocking-Harmony.png,https://sciencedivine.org/wp-content/uploads/2024/02/Unlocking-Harmony.png,WordPress REST API: media,,,UNVERIFIED,,,No,Unlocking Harmony,,,image/png,,,,,,,,,,,,,,NOT TESTED,SEO migration lead,Alt text missing/unverified | WP modified: 2024-02-09T06:15:52
https://sciencedivine.org/wp-content/uploads/2024/02/Unlocking-Wellness-1.png,https://sciencedivine.org/wp-content/uploads/2024/02/Unlocking-Wellness-1.png,WordPress REST API: media,,,UNVERIFIED,,,No,Unlocking Wellness 1,,,image/png,,,,,,,,,,,,,,NOT TESTED,SEO migration lead,Alt text missing/unverified | WP modified: 2024-02-10T06:26:20
https://sciencedivine.org/wp-content/uploads/2024/02/Unlocking-Wellness-2.png,https://sciencedivine.org/wp-content/uploads/2024/02/Unlocking-Wellness-2.png,WordPress REST API: media,,,UNVERIFIED,,,No,Unlocking Wellness 2,,,image/png,,,,,,,,,,,,,,NOT TESTED,SEO migration lead,Alt text missing/unverified | WP modified: 2024-02-10T06:26:28
https://sciencedivine.org/wp-content/uploads/2024/02/Unravelling-the-Power-of-Meditation-1.png,https://sciencedivine.org/wp-content/uploads/2024/02/Unravelling-the-Power-of-Meditation-1.png,WordPress REST API: media,,,UNVERIFIED,,,No,Unravelling the Power of Meditation 1,,,image/png,,,,,,,,,,,,,,NOT TESTED,SEO migration lead,Alt text missing/unverified | WP modified: 2024-02-09T06:59:31
https://sciencedivine.org/wp-content/uploads/2024/02/Unravelling-the-Power-of-Meditation-2.png,https://sciencedivine.org/wp-content/uploads/2024/02/Unravelling-the-Power-of-Meditation-2.png,WordPress REST API: media,,,UNVERIFIED,,,No,Unravelling the Power of Meditation 2,,,image/png,,,,,,,,,,,,,,NOT TESTED,SEO migration lead,Alt text missing/unverified | WP modified: 2024-02-09T06:59:37
https://sciencedivine.org/wp-content/uploads/2024/02/Unravelling-the-Power-of-Meditation-3.png,https://sciencedivine.org/wp-content/uploads/2024/02/Unravelling-the-Power-of-Meditation-3.png,WordPress REST API: media,,,UNVERIFIED,,,No,Unravelling the Power of Meditation 3,,,image/png,,,,,,,,,,,,,,NOT TESTED,SEO migration lead,Alt text missing/unverified | WP modified: 2024-02-09T06:59:23
https://sciencedivine.org/wp-content/uploads/2024/02/Unveiling-the-Harmony.png,https://sciencedivine.org/wp-content/uploads/2024/02/Unveiling-the-Harmony.png,WordPress REST API: media,,,UNVERIFIED,,,No,Unveiling the Harmony,,,image/png,,,,,,,,,,,,,,NOT TESTED,SEO migration lead,Alt text missing/unverified | WP modified: 2024-02-10T06:46:14
https://sciencedivine.org/wp-content/uploads/2024/02/uXPA_bYosFwcO7717VLpktyynxCIrAMijAfan7OPNDAOcP5K0asHkvwuVqRGxrLqtSaTGjfljSywW4R3KfctSHXU1hWhsL04hjnTgI44xuQnikTrfpraNQBRPEdH6p_4DRTC0fC7l2EW7kCoYTvtux8.jpg,https://sciencedivine.org/wp-content/uploads/2024/02/uXPA_bYosFwcO7717VLpktyynxCIrAMijAfan7OPNDAOcP5K0asHkvwuVqRGxrLqtSaTGjfljSywW4R3KfctSHXU1hWhsL04hjnTgI44xuQnikTrfpraNQBRPEdH6p_4DRTC0fC7l2EW7kCoYTvtux8.jpg,WordPress REST API: media,,,UNVERIFIED,,,No,uXPA_bYosFwcO7717VLpktyynxCIrAMijAfan7OPNDAOcP5K0asHkvwuVqRGxrLqtSaTGjfljSywW4R3KfctSHXU1hWhsL04hjnTgI44xuQnikTrfpraNQBRPEdH6p_4DRTC0fC7l2EW7kCoYTvtux8,,,image/jpeg,,,,,,,,,,,,,,NOT TESTED,SEO migration lead,Alt text missing/unverified | WP modified: 2024-02-21T12:52:27
https://sciencedivine.org/wp-content/uploads/2024/02/What-is-Manifestation.png,https://sciencedivine.org/wp-content/uploads/2024/02/What-is-Manifestation.png,WordPress REST API: media,,,UNVERIFIED,,,No,What is Manifestation,,,image/png,,,,,,,,,,,,,,NOT TESTED,SEO migration lead,Alt: What is Manifestation | WP modified: 2024-02-29T06:38:42
https://sciencedivine.org/wp-content/uploads/2024/02/What-Is-Mental-Health.png,https://sciencedivine.org/wp-content/uploads/2024/02/What-Is-Mental-Health.png,WordPress REST API: media,,,UNVERIFIED,,,No,What Is Mental Health,,,image/png,,,,,,,,,,,,,,NOT TESTED,SEO migration lead,Alt: What Is Mental Health | WP modified: 2024-02-29T09:14:48
https://sciencedivine.org/wp-content/uploads/2024/02/Why-is-My-Manifestation-not-Working.png,https://sciencedivine.org/wp-content/uploads/2024/02/Why-is-My-Manifestation-not-Working.png,WordPress REST API: media,,,UNVERIFIED,,,No,Why is My Manifestation not Working,,,image/png,,,,,,,,,,,,,,NOT TESTED,SEO migration lead,Alt: Why is My Manifestation not Working | WP modified: 2024-02-29T06:43:56
https://sciencedivine.org/wp-content/uploads/2024/02/Yoga-for-Back-Pain-Relief.png,https://sciencedivine.org/wp-content/uploads/2024/02/Yoga-for-Back-Pain-Relief.png,WordPress REST API: media,,,UNVERIFIED,,,No,Yoga for Back Pain Relief,,,image/png,,,,,,,,,,,,,,NOT TESTED,SEO migration lead,Alt text missing/unverified | WP modified: 2024-02-10T06:57:07
https://sciencedivine.org/wp-content/uploads/2024/02/Yoga-for-Flexibility.png,https://sciencedivine.org/wp-content/uploads/2024/02/Yoga-for-Flexibility.png,WordPress REST API: media,,,UNVERIFIED,,,No,Yoga for Flexibility,,,image/png,,,,,,,,,,,,,,NOT TESTED,SEO migration lead,Alt text missing/unverified | WP modified: 2024-02-10T06:39:47
https://sciencedivine.org/wp-content/uploads/2024/02/yoga-for-high-bp-Child-pose-balasana.jpg,https://sciencedivine.org/wp-content/uploads/2024/02/yoga-for-high-bp-Child-pose-balasana.jpg,WordPress REST API: media,,,UNVERIFIED,,,No,yoga for high bp &#8211; Child’s Pose (Balasana),,,image/jpeg,,,,,,,,,,,,,,NOT TESTED,SEO migration lead,Alt: yoga for high bp - Child’s Pose (Balasana) | WP modified: 2024-02-22T06:24:47
https://sciencedivine.org/wp-content/uploads/2024/02/yoga-for-high-bp-Cover-scaled.jpg,https://sciencedivine.org/wp-content/uploads/2024/02/yoga-for-high-bp-Cover-scaled.jpg,WordPress REST API: media,,,UNVERIFIED,,,No,yoga for high bp,,,image/jpeg,,,,,,,,,,,,,,NOT TESTED,SEO migration lead,Alt: yoga for high bp | WP modified: 2024-02-21T12:51:24
https://sciencedivine.org/wp-content/uploads/2024/02/yoga-for-hypertension-Ardha-Matsyendrasana-Half-Spinal-Twist.jpg,https://sciencedivine.org/wp-content/uploads/2024/02/yoga-for-hypertension-Ardha-Matsyendrasana-Half-Spinal-Twist.jpg,WordPress REST API: media,,,UNVERIFIED,,,No,yoga for hypertension &#8211; Ardha Matsyendrasana (Half Spinal Twist),,,image/jpeg,,,,,,,,,,,,,,NOT TESTED,SEO migration lead,Alt: yoga for hypertension - Ardha Matsyendrasana (Half Spinal Twist) | WP modified: 2024-02-24T07:20:16
https://sciencedivine.org/wp-content/uploads/2024/02/yoga-for-hypertension-cover.jpg,https://sciencedivine.org/wp-content/uploads/2024/02/yoga-for-hypertension-cover.jpg,WordPress REST API: media,,,UNVERIFIED,,,No,yoga for hypertension cover,,,image/jpeg,,,,,,,,,,,,,,NOT TESTED,SEO migration lead,Alt: yoga for hypertension cover | WP modified: 2024-02-24T07:27:16
https://sciencedivine.org/wp-content/uploads/2024/02/yoga-for-hypertension-Paschimottanasana-Seated-Forward-Bend.jpeg,https://sciencedivine.org/wp-content/uploads/2024/02/yoga-for-hypertension-Paschimottanasana-Seated-Forward-Bend.jpeg,WordPress REST API: media,,,UNVERIFIED,,,No,yoga for hypertension &#8211; Paschimottanasana (Seated Forward Bend),,,image/jpeg,,,,,,,,,,,,,,NOT TESTED,SEO migration lead,Alt: yoga for hypertension - Paschimottanasana (Seated Forward Bend) | WP modified: 2024-02-24T07:21:00
https://sciencedivine.org/wp-content/uploads/2024/02/yoga-for-hypertension-Virasana-Hero-Pose.jpg,https://sciencedivine.org/wp-content/uploads/2024/02/yoga-for-hypertension-Virasana-Hero-Pose.jpg,WordPress REST API: media,,,UNVERIFIED,,,No,yoga for hypertension &#8211; Virasana (Hero Pose),,,image/jpeg,,,,,,,,,,,,,,NOT TESTED,SEO migration lead,Alt: yoga for hypertension - Virasana (Hero Pose) | WP modified: 2024-02-24T07:21:55
https://sciencedivine.org/wp-content/uploads/2024/02/Yoga-for-Mental-Health.jpg,https://sciencedivine.org/wp-content/uploads/2024/02/Yoga-for-Mental-Health.jpg,WordPress REST API: media,,,UNVERIFIED,,,No,Yoga for Mental Health,,,image/jpeg,,,,,,,,,,,,,,NOT TESTED,SEO migration lead,Alt: Yoga for Mental Health | WP modified: 2024-02-29T09:22:37
https://sciencedivine.org/wp-content/uploads/2024/02/Yoga-for-Weight-Loss.png,https://sciencedivine.org/wp-content/uploads/2024/02/Yoga-for-Weight-Loss.png,WordPress REST API: media,,,UNVERIFIED,,,No,Yoga for Weight Loss,,,image/png,,,,,,,,,,,,,,NOT TESTED,SEO migration lead,Alt text missing/unverified | WP modified: 2024-02-10T06:49:18
https://sciencedivine.org/wp-content/uploads/2024/02/Yoga-Nidra.png,https://sciencedivine.org/wp-content/uploads/2024/02/Yoga-Nidra.png,WordPress REST API: media,,,UNVERIFIED,,,No,Yoga Nidra,,,image/png,,,,,,,,,,,,,,NOT TESTED,SEO migration lead,Alt text missing/unverified | WP modified: 2024-02-10T07:02:19
https://sciencedivine.org/wp-content/uploads/2024/03/001e91644c316c224c6c717c44444752.png,https://sciencedivine.org/wp-content/uploads/2024/03/001e91644c316c224c6c717c44444752.png,WordPress REST API: media,,,UNVERIFIED,,,No,001e91644c316c224c6c717c44444752,,,image/png,,,,,,,,,,,,,,NOT TESTED,SEO migration lead,Alt text missing/unverified | WP modified: 2024-03-15T13:47:48
https://sciencedivine.org/wp-content/uploads/2024/03/06a5701ebc244140cdb5393b9d5e0da3.png,https://sciencedivine.org/wp-content/uploads/2024/03/06a5701ebc244140cdb5393b9d5e0da3.png,WordPress REST API: media,,,UNVERIFIED,,,No,06a5701ebc244140cdb5393b9d5e0da3,,,image/png,,,,,,,,,,,,,,NOT TESTED,SEO migration lead,Alt text missing/unverified | WP modified: 2024-03-19T16:56:56
https://sciencedivine.org/wp-content/uploads/2024/03/1-chakra.jpg,https://sciencedivine.org/wp-content/uploads/2024/03/1-chakra.jpg,WordPress REST API: media,,,UNVERIFIED,,,No,1 chakra,,,image/jpeg,,,,,,,,,,,,,,NOT TESTED,SEO migration lead,Alt text missing/unverified | WP modified: 2024-03-07T07:25:32
https://sciencedivine.org/wp-content/uploads/2024/03/10-Ways-to-Overcome-Negative-Thoughts.jpg,https://sciencedivine.org/wp-content/uploads/2024/03/10-Ways-to-Overcome-Negative-Thoughts.jpg,WordPress REST API: media,,,UNVERIFIED,,,No,10 Ways to Overcome Negative Thoughts,,,image/jpeg,,,,,,,,,,,,,,NOT TESTED,SEO migration lead,Alt text missing/unverified | WP modified: 2024-03-20T06:49:21
https://sciencedivine.org/wp-content/uploads/2024/03/12d73cc0821ee62ee87d0043dbc26cf1.png,https://sciencedivine.org/wp-content/uploads/2024/03/12d73cc0821ee62ee87d0043dbc26cf1.png,WordPress REST API: media,,,UNVERIFIED,,,No,12d73cc0821ee62ee87d0043dbc26cf1,,,image/png,,,,,,,,,,,,,,NOT TESTED,SEO migration lead,Alt text missing/unverified | WP modified: 2024-03-15T13:48:23
https://sciencedivine.org/wp-content/uploads/2024/03/140985b8c49bf464193b766f6b3ac129.png,https://sciencedivine.org/wp-content/uploads/2024/03/140985b8c49bf464193b766f6b3ac129.png,WordPress REST API: media,,,UNVERIFIED,,,No,140985b8c49bf464193b766f6b3ac129,,,image/png,,,,,,,,,,,,,,NOT TESTED,SEO migration lead,Alt text missing/unverified | WP modified: 2024-03-15T13:48:56
https://sciencedivine.org/wp-content/uploads/2024/03/1693895898-research-shows-five-1-1.png,https://sciencedivine.org/wp-content/uploads/2024/03/1693895898-research-shows-five-1-1.png,WordPress REST API: media,,,UNVERIFIED,,,No,1693895898-research-shows-five (1) 1,,,image/png,,,,,,,,,,,,,,NOT TESTED,SEO migration lead,Alt text missing/unverified | WP modified: 2024-03-30T12:23:25
https://sciencedivine.org/wp-content/uploads/2024/03/1693895901-research-shows-three-1.png,https://sciencedivine.org/wp-content/uploads/2024/03/1693895901-research-shows-three-1.png,WordPress REST API: media,,,UNVERIFIED,,,No,1693895901-research-shows-three 1,,,image/png,,,,,,,,,,,,,,NOT TESTED,SEO migration lead,Alt text missing/unverified | WP modified: 2024-03-30T12:23:18
https://sciencedivine.org/wp-content/uploads/2024/03/1693895903-research-shows-four-1.png,https://sciencedivine.org/wp-content/uploads/2024/03/1693895903-research-shows-four-1.png,WordPress REST API: media,,,UNVERIFIED,,,No,1693895903-research-shows-four 1,,,image/png,,,,,,,,,,,,,,NOT TESTED,SEO migration lead,Alt text missing/unverified | WP modified: 2024-03-30T12:23:21
https://sciencedivine.org/wp-content/uploads/2024/03/1693895906-research-shows-two-1-1.png,https://sciencedivine.org/wp-content/uploads/2024/03/1693895906-research-shows-two-1-1.png,WordPress REST API: media,,,UNVERIFIED,,,No,1693895906-research-shows-two (1) 1,,,image/png,,,,,,,,,,,,,,NOT TESTED,SEO migration lead,Alt text missing/unverified | WP modified: 2024-03-30T12:23:13
https://sciencedivine.org/wp-content/uploads/2024/03/1693895910-research-shows-one-1.png,https://sciencedivine.org/wp-content/uploads/2024/03/1693895910-research-shows-one-1.png,WordPress REST API: media,,,UNVERIFIED,,,No,1693895910-research-shows-one 1,,,image/png,,,,,,,,,,,,,,NOT TESTED,SEO migration lead,Alt text missing/unverified | WP modified: 2024-03-30T12:23:29
https://sciencedivine.org/wp-content/uploads/2024/03/1eb32da7b34c58ae55fe72b26476f3ac.jpg,https://sciencedivine.org/wp-content/uploads/2024/03/1eb32da7b34c58ae55fe72b26476f3ac.jpg,WordPress REST API: media,,,UNVERIFIED,,,No,1eb32da7b34c58ae55fe72b26476f3ac,,,image/jpeg,,,,,,,,,,,,,,NOT TESTED,SEO migration lead,Alt text missing/unverified | WP modified: 2024-03-15T13:47:54
https://sciencedivine.org/wp-content/uploads/2024/03/27k.png,https://sciencedivine.org/wp-content/uploads/2024/03/27k.png,WordPress REST API: media,,,UNVERIFIED,,,No,27k,,,image/png,,,,,,,,,,,,,,NOT TESTED,SEO migration lead,Alt text missing/unverified | WP modified: 2024-03-21T16:24:37
https://sciencedivine.org/wp-content/uploads/2024/03/2nd_chakra.jpg,https://sciencedivine.org/wp-content/uploads/2024/03/2nd_chakra.jpg,WordPress REST API: media,,,UNVERIFIED,,,No,2nd_chakra,,,image/jpeg,,,,,,,,,,,,,,NOT TESTED,SEO migration lead,Alt text missing/unverified | WP modified: 2024-03-07T07:26:20
https://sciencedivine.org/wp-content/uploads/2024/03/3-chakra.jpg,https://sciencedivine.org/wp-content/uploads/2024/03/3-chakra.jpg,WordPress REST API: media,,,UNVERIFIED,,,No,3 chakra,,,image/jpeg,,,,,,,,,,,,,,NOT TESTED,SEO migration lead,Alt text missing/unverified | WP modified: 2024-03-07T07:26:35
https://sciencedivine.org/wp-content/uploads/2024/03/33e330551a00e39b0df46dd508e65838.jpg,https://sciencedivine.org/wp-content/uploads/2024/03/33e330551a00e39b0df46dd508e65838.jpg,WordPress REST API: media,,,UNVERIFIED,,,No,33e330551a00e39b0df46dd508e65838,,,image/jpeg,,,,,,,,,,,,,,NOT TESTED,SEO migration lead,Alt text missing/unverified | WP modified: 2024-03-19T16:57:07
https://sciencedivine.org/wp-content/uploads/2024/03/3a20866206fed5bea77ff0c721434860.png,https://sciencedivine.org/wp-content/uploads/2024/03/3a20866206fed5bea77ff0c721434860.png,WordPress REST API: media,,,UNVERIFIED,,,No,3a20866206fed5bea77ff0c721434860,,,image/png,,,,,,,,,,,,,,NOT TESTED,SEO migration lead,Alt text missing/unverified | WP modified: 2024-03-15T13:48:00
https://sciencedivine.org/wp-content/uploads/2024/03/4-chakra.jpg,https://sciencedivine.org/wp-content/uploads/2024/03/4-chakra.jpg,WordPress REST API: media,,,UNVERIFIED,,,No,4 chakra,,,image/jpeg,,,,,,,,,,,,,,NOT TESTED,SEO migration lead,Alt text missing/unverified | WP modified: 2024-03-07T07:26:49
https://sciencedivine.org/wp-content/uploads/2024/03/56586f772359337904d777f79f4c3428.png,https://sciencedivine.org/wp-content/uploads/2024/03/56586f772359337904d777f79f4c3428.png,WordPress REST API: media,,,UNVERIFIED,,,No,56586f772359337904d777f79f4c3428,,,image/png,,,,,,,,,,,,,,NOT TESTED,SEO migration lead,Alt text missing/unverified | WP modified: 2024-03-15T13:51:06
https://sciencedivine.org/wp-content/uploads/2024/03/5f3c6a3c928d81d48848c6b64b351b3a.png,https://sciencedivine.org/wp-content/uploads/2024/03/5f3c6a3c928d81d48848c6b64b351b3a.png,WordPress REST API: media,,,UNVERIFIED,,,No,5f3c6a3c928d81d48848c6b64b351b3a,,,image/png,,,,,,,,,,,,,,NOT TESTED,SEO migration lead,Alt text missing/unverified | WP modified: 2024-03-15T13:48:07
https://sciencedivine.org/wp-content/uploads/2024/03/5f537a42aad7aceaac286659728a02ea.png,https://sciencedivine.org/wp-content/uploads/2024/03/5f537a42aad7aceaac286659728a02ea.png,WordPress REST API: media,,,UNVERIFIED,,,No,5f537a42aad7aceaac286659728a02ea,,,image/png,,,,,,,,,,,,,,NOT TESTED,SEO migration lead,Alt text missing/unverified | WP modified: 2024-03-15T13:48:13
https://sciencedivine.org/wp-content/uploads/2024/03/5th_chakra.jpg,https://sciencedivine.org/wp-content/uploads/2024/03/5th_chakra.jpg,WordPress REST API: media,,,UNVERIFIED,,,No,5th_chakra,,,image/jpeg,,,,,,,,,,,,,,NOT TESTED,SEO migration lead,Alt text missing/unverified | WP modified: 2024-03-07T07:27:03
https://sciencedivine.org/wp-content/uploads/2024/03/6-chakra.jpg,https://sciencedivine.org/wp-content/uploads/2024/03/6-chakra.jpg,WordPress REST API: media,,,UNVERIFIED,,,No,6 chakra,,,image/jpeg,,,,,,,,,,,,,,NOT TESTED,SEO migration lead,Alt text missing/unverified | WP modified: 2024-03-07T07:27:19
https://sciencedivine.org/wp-content/uploads/2024/03/633b6a69186985284ff6d956_Twitter-1.svg,https://sciencedivine.org/wp-content/uploads/2024/03/633b6a69186985284ff6d956_Twitter-1.svg,WordPress REST API: media,,,UNVERIFIED,,,No,633b6a69186985284ff6d956_Twitter 1,,,image/svg+xml,,,,,,,,,,,,,,NOT TESTED,SEO migration lead,Alt text missing/unverified | WP modified: 2024-03-15T14:04:28
https://sciencedivine.org/wp-content/uploads/2024/03/633b6a694bc9e617342dd03d_Instagram-1.svg,https://sciencedivine.org/wp-content/uploads/2024/03/633b6a694bc9e617342dd03d_Instagram-1.svg,WordPress REST API: media,,,UNVERIFIED,,,No,633b6a694bc9e617342dd03d_Instagram 1,,,image/svg+xml,,,,,,,,,,,,,,NOT TESTED,SEO migration lead,Alt text missing/unverified | WP modified: 2024-03-15T14:04:21
https://sciencedivine.org/wp-content/uploads/2024/03/633b6a69552240d4eac3ae1e_YouTube-1.svg,https://sciencedivine.org/wp-content/uploads/2024/03/633b6a69552240d4eac3ae1e_YouTube-1.svg,WordPress REST API: media,,,UNVERIFIED,,,No,633b6a69552240d4eac3ae1e_YouTube 1,,,image/svg+xml,,,,,,,,,,,,,,NOT TESTED,SEO migration lead,Alt text missing/unverified | WP modified: 2024-03-15T14:04:24
https://sciencedivine.org/wp-content/uploads/2024/03/651fc89a25635db7a0e5309b_Frame-2-1.png,https://sciencedivine.org/wp-content/uploads/2024/03/651fc89a25635db7a0e5309b_Frame-2-1.png,WordPress REST API: media,,,UNVERIFIED,,,No,651fc89a25635db7a0e5309b_Frame 2 1,,,image/png,,,,,,,,,,,,,,NOT TESTED,SEO migration lead,Alt text missing/unverified | WP modified: 2024-03-30T11:27:30
https://sciencedivine.org/wp-content/uploads/2024/03/651fc915c87a9d5daaa98adb_Icon-3-1.png,https://sciencedivine.org/wp-content/uploads/2024/03/651fc915c87a9d5daaa98adb_Icon-3-1.png,WordPress REST API: media,,,UNVERIFIED,,,No,651fc915c87a9d5daaa98adb_Icon 3 1,,,image/png,,,,,,,,,,,,,,NOT TESTED,SEO migration lead,Alt text missing/unverified | WP modified: 2024-03-30T11:27:18
https://sciencedivine.org/wp-content/uploads/2024/03/651fc93c262ba8e696be1107_icon1-1.png,https://sciencedivine.org/wp-content/uploads/2024/03/651fc93c262ba8e696be1107_icon1-1.png,WordPress REST API: media,,,UNVERIFIED,,,No,651fc93c262ba8e696be1107_icon1 1,,,image/png,,,,,,,,,,,,,,NOT TESTED,SEO migration lead,Alt text missing/unverified | WP modified: 2024-03-30T11:27:26
https://sciencedivine.org/wp-content/uploads/2024/03/651fc9f32693b049340e24ae_icon-4-1.png,https://sciencedivine.org/wp-content/uploads/2024/03/651fc9f32693b049340e24ae_icon-4-1.png,WordPress REST API: media,,,UNVERIFIED,,,No,651fc9f32693b049340e24ae_icon 4 1,,,image/png,,,,,,,,,,,,,,NOT TESTED,SEO migration lead,Alt text missing/unverified | WP modified: 2024-03-30T11:27:22
https://sciencedivine.org/wp-content/uploads/2024/03/69c265c7498b496ae05c5790385d56a8.png,https://sciencedivine.org/wp-content/uploads/2024/03/69c265c7498b496ae05c5790385d56a8.png,WordPress REST API: media,,,UNVERIFIED,,,No,69c265c7498b496ae05c5790385d56a8,,,image/png,,,,,,,,,,,,,,NOT TESTED,SEO migration lead,Alt text missing/unverified | WP modified: 2024-03-15T13:48:30
https://sciencedivine.org/wp-content/uploads/2024/03/6fc7dedfc0a80ff28a346cafe7eba95c.jpg,https://sciencedivine.org/wp-content/uploads/2024/03/6fc7dedfc0a80ff28a346cafe7eba95c.jpg,WordPress REST API: media,,,UNVERIFIED,,,No,6fc7dedfc0a80ff28a346cafe7eba95c,,,image/jpeg,,,,,,,,,,,,,,NOT TESTED,SEO migration lead,Alt text missing/unverified | WP modified: 2024-03-15T13:48:17
https://sciencedivine.org/wp-content/uploads/2024/03/7-chakra-balancing.jpg,https://sciencedivine.org/wp-content/uploads/2024/03/7-chakra-balancing.jpg,WordPress REST API: media,,,UNVERIFIED,,,No,7-chakra-balancing,,,image/jpeg,,,,,,,,,,,,,,NOT TESTED,SEO migration lead,Alt text missing/unverified | WP modified: 2024-03-07T07:39:50
https://sciencedivine.org/wp-content/uploads/2024/03/7-healing-benefits-of-chakra-alignment-cover.jpeg,https://sciencedivine.org/wp-content/uploads/2024/03/7-healing-benefits-of-chakra-alignment-cover.jpeg,WordPress REST API: media,,,UNVERIFIED,,,No,Chakras Woman Rainbow Background,,,image/jpeg,,,,,,,,,,,,,,NOT TESTED,SEO migration lead,Alt text missing/unverified | WP modified: 2024-03-07T05:49:51
https://sciencedivine.org/wp-content/uploads/2024/03/7-Ways-to-Foster-an-Optimistic-Mind.jpg,https://sciencedivine.org/wp-content/uploads/2024/03/7-Ways-to-Foster-an-Optimistic-Mind.jpg,WordPress REST API: media,,,UNVERIFIED,,,No,Think Positive Attitude Optimism Inspire Concept,,,image/jpeg,,,,,,,,,,,,,,NOT TESTED,SEO migration lead,Alt text missing/unverified | WP modified: 2024-03-20T06:59:51
https://sciencedivine.org/wp-content/uploads/2024/03/7th_chakra.jpg,https://sciencedivine.org/wp-content/uploads/2024/03/7th_chakra.jpg,WordPress REST API: media,,,UNVERIFIED,,,No,7th_chakra,,,image/jpeg,,,,,,,,,,,,,,NOT TESTED,SEO migration lead,Alt text missing/unverified | WP modified: 2024-03-07T07:27:39
https://sciencedivine.org/wp-content/uploads/2024/03/84a865d3cc64ba88fde25b3e54c851cf-22.png,https://sciencedivine.org/wp-content/uploads/2024/03/84a865d3cc64ba88fde25b3e54c851cf-22.png,WordPress REST API: media,,,UNVERIFIED,,,No,84a865d3cc64ba88fde25b3e54c851cf&#8211;22,,,image/png,,,,,,,,,,,,,,NOT TESTED,SEO migration lead,Alt text missing/unverified | WP modified: 2024-03-19T16:44:43
https://sciencedivine.org/wp-content/uploads/2024/03/84a865d3cc64ba88fde25b3e54c851cf.png,https://sciencedivine.org/wp-content/uploads/2024/03/84a865d3cc64ba88fde25b3e54c851cf.png,WordPress REST API: media,,,UNVERIFIED,,,No,84a865d3cc64ba88fde25b3e54c851cf,,,image/png,,,,,,,,,,,,,,NOT TESTED,SEO migration lead,Alt text missing/unverified | WP modified: 2024-03-15T13:48:39
https://sciencedivine.org/wp-content/uploads/2024/03/a7bb01df4c10bb90baf8256f3c112e8c-1.jpg,https://sciencedivine.org/wp-content/uploads/2024/03/a7bb01df4c10bb90baf8256f3c112e8c-1.jpg,WordPress REST API: media,,,UNVERIFIED,,,No,a7bb01df4c10bb90baf8256f3c112e8c (1),,,image/jpeg,,,,,,,,,,,,,,NOT TESTED,SEO migration lead,Alt text missing/unverified | WP modified: 2024-03-15T13:49:01
https://sciencedivine.org/wp-content/uploads/2024/03/a7bb01df4c10bb90baf8256f3c112e8c.jpg,https://sciencedivine.org/wp-content/uploads/2024/03/a7bb01df4c10bb90baf8256f3c112e8c.jpg,WordPress REST API: media,,,UNVERIFIED,,,No,a7bb01df4c10bb90baf8256f3c112e8c,,,image/jpeg,,,,,,,,,,,,,,NOT TESTED,SEO migration lead,Alt text missing/unverified | WP modified: 2024-03-15T13:49:05
https://sciencedivine.org/wp-content/uploads/2024/03/Addictions-scaled.jpg,https://sciencedivine.org/wp-content/uploads/2024/03/Addictions-scaled.jpg,WordPress REST API: media,,,UNVERIFIED,,,No,Addictions,,,image/jpeg,,,,,,,,,,,,,,NOT TESTED,SEO migration lead,Alt: Addictions | WP modified: 2024-03-27T08:56:16
https://sciencedivine.org/wp-content/uploads/2024/03/Adhi-Mudra.jpg,https://sciencedivine.org/wp-content/uploads/2024/03/Adhi-Mudra.jpg,WordPress REST API: media,,,UNVERIFIED,,,No,Adhi Mudra,,,image/jpeg,,,,,,,,,,,,,,NOT TESTED,SEO migration lead,Alt text missing/unverified | WP modified: 2024-03-01T12:42:29
https://sciencedivine.org/wp-content/uploads/2024/03/Ajna-Chakra-third-eye-meditation.jpg,https://sciencedivine.org/wp-content/uploads/2024/03/Ajna-Chakra-third-eye-meditation.jpg,WordPress REST API: media,,,UNVERIFIED,,,No,Ajna Chakra third eye meditation,,,image/jpeg,,,,,,,,,,,,,,NOT TESTED,SEO migration lead,Alt text missing/unverified | WP modified: 2024-03-08T11:25:46
https://sciencedivine.org/wp-content/uploads/2024/03/Anahata-Chakra-Mudra-and-Meditation.jpg,https://sciencedivine.org/wp-content/uploads/2024/03/Anahata-Chakra-Mudra-and-Meditation.jpg,WordPress REST API: media,,,UNVERIFIED,,,No,Anahata Chakra Mudra and Meditation,,,image/jpeg,,,,,,,,,,,,,,NOT TESTED,SEO migration lead,Alt text missing/unverified | WP modified: 2024-03-08T08:58:14
https://sciencedivine.org/wp-content/uploads/2024/03/anger-1-1.svg,https://sciencedivine.org/wp-content/uploads/2024/03/anger-1-1.svg,WordPress REST API: media,,,UNVERIFIED,,,No,anger (1) 1,,,image/svg+xml,,,,,,,,,,,,,,NOT TESTED,SEO migration lead,Alt text missing/unverified | WP modified: 2024-03-15T14:04:31
https://sciencedivine.org/wp-content/uploads/2024/03/Anxiety-scaled.jpg,https://sciencedivine.org/wp-content/uploads/2024/03/Anxiety-scaled.jpg,WordPress REST API: media,,,UNVERIFIED,,,No,Anxiety,,,image/jpeg,,,,,,,,,,,,,,NOT TESTED,SEO migration lead,Alt: Anxiety | WP modified: 2024-03-27T08:43:13
https://sciencedivine.org/wp-content/uploads/2024/03/Apana-Mudra.jpg,https://sciencedivine.org/wp-content/uploads/2024/03/Apana-Mudra.jpg,WordPress REST API: media,,,UNVERIFIED,,,No,Apana Mudra,,,image/jpeg,,,,,,,,,,,,,,NOT TESTED,SEO migration lead,Alt text missing/unverified | WP modified: 2024-03-01T12:42:09
https://sciencedivine.org/wp-content/uploads/2024/03/Atmanjali-Mudra-Namaste-Mudra.jpg,https://sciencedivine.org/wp-content/uploads/2024/03/Atmanjali-Mudra-Namaste-Mudra.jpg,WordPress REST API: media,,,UNVERIFIED,,,No,Atmanjali Mudra (Namaste Mudra),,,image/jpeg,,,,,,,,,,,,,,NOT TESTED,SEO migration lead,Alt text missing/unverified | WP modified: 2024-03-01T12:40:38
https://sciencedivine.org/wp-content/uploads/2024/03/available-on-the-app-store-1-1.png,https://sciencedivine.org/wp-content/uploads/2024/03/available-on-the-app-store-1-1.png,WordPress REST API: media,,,UNVERIFIED,,,No,available-on-the-app-store-1 1,,,image/png,,,,,,,,,,,,,,NOT TESTED,SEO migration lead,Alt text missing/unverified | WP modified: 2024-03-30T10:52:52
https://sciencedivine.org/wp-content/uploads/2024/03/Baddha-Konasana-Butterfly-Pose.jpg,https://sciencedivine.org/wp-content/uploads/2024/03/Baddha-Konasana-Butterfly-Pose.jpg,WordPress REST API: media,,,UNVERIFIED,,,No,Baddha Konasana (Butterfly Pose),,,image/jpeg,,,,,,,,,,,,,,NOT TESTED,SEO migration lead,Alt text missing/unverified | WP modified: 2024-03-07T11:38:00
https://sciencedivine.org/wp-content/uploads/2024/03/Benefits-of-Balanced-Chakras.jpg,https://sciencedivine.org/wp-content/uploads/2024/03/Benefits-of-Balanced-Chakras.jpg,WordPress REST API: media,,,UNVERIFIED,,,No,Benefits of Balanced Chakras,,,image/jpeg,,,,,,,,,,,,,,NOT TESTED,SEO migration lead,Alt text missing/unverified | WP modified: 2024-03-07T05:59:29
https://sciencedivine.org/wp-content/uploads/2024/03/Benefits-of-Higher-Consciousness.png,https://sciencedivine.org/wp-content/uploads/2024/03/Benefits-of-Higher-Consciousness.png,WordPress REST API: media,,,UNVERIFIED,,,No,Benefits of Higher Consciousness,,,image/png,,,,,,,,,,,,,,NOT TESTED,SEO migration lead,Alt text missing/unverified | WP modified: 2024-03-02T10:18:55
https://sciencedivine.org/wp-content/uploads/2024/03/Benefits-of-Meditation-for-Peace-of-Mind.png,https://sciencedivine.org/wp-content/uploads/2024/03/Benefits-of-Meditation-for-Peace-of-Mind.png,WordPress REST API: media,,,UNVERIFIED,,,No,Benefits of Meditation for Peace of Mind,,,image/png,,,,,,,,,,,,,,NOT TESTED,SEO migration lead,Alt text missing/unverified | WP modified: 2024-03-01T12:32:41
https://sciencedivine.org/wp-content/uploads/2024/03/bfc84daacd44554cfdd33e2e2e1a66d9.png,https://sciencedivine.org/wp-content/uploads/2024/03/bfc84daacd44554cfdd33e2e2e1a66d9.png,WordPress REST API: media,,,UNVERIFIED,,,No,bfc84daacd44554cfdd33e2e2e1a66d9,,,image/png,,,,,,,,,,,,,,NOT TESTED,SEO migration lead,Alt text missing/unverified | WP modified: 2024-03-15T13:49:11
https://sciencedivine.org/wp-content/uploads/2024/03/Bhujangasana-Cobra-Pose.jpg,https://sciencedivine.org/wp-content/uploads/2024/03/Bhujangasana-Cobra-Pose.jpg,WordPress REST API: media,,,UNVERIFIED,,,No,Bhujangasana (Cobra Pose),,,image/jpeg,,,,,,,,,,,,,,NOT TESTED,SEO migration lead,Alt text missing/unverified | WP modified: 2024-03-07T11:37:49
https://sciencedivine.org/wp-content/uploads/2024/03/Brahma-Muhurta-Benefits.png,https://sciencedivine.org/wp-content/uploads/2024/03/Brahma-Muhurta-Benefits.png,WordPress REST API: media,,,UNVERIFIED,,,No,Brahma Muhurta Benefits,,,image/png,,,,,,,,,,,,,,NOT TESTED,SEO migration lead,Alt text missing/unverified | WP modified: 2024-03-14T10:59:50
https://sciencedivine.org/wp-content/uploads/2024/03/Brahma-Muhurta.jpg,https://sciencedivine.org/wp-content/uploads/2024/03/Brahma-Muhurta.jpg,WordPress REST API: media,,,UNVERIFIED,,,No,Brahma Muhurta,,,image/jpeg,,,,,,,,,,,,,,NOT TESTED,SEO migration lead,Alt text missing/unverified | WP modified: 2024-03-14T10:56:49
https://sciencedivine.org/wp-content/uploads/2024/03/Breathing-Techniques-Pranayama-manipura-chakra.jpg,https://sciencedivine.org/wp-content/uploads/2024/03/Breathing-Techniques-Pranayama-manipura-chakra.jpg,WordPress REST API: media,,,UNVERIFIED,,,No,Breathing Techniques (Pranayama) manipura chakra,,,image/jpeg,,,,,,,,,,,,,,NOT TESTED,SEO migration lead,Alt text missing/unverified | WP modified: 2024-03-08T06:55:32
https://sciencedivine.org/wp-content/uploads/2024/03/c5476e1eb403c6b4d33982a6b7346484.png,https://sciencedivine.org/wp-content/uploads/2024/03/c5476e1eb403c6b4d33982a6b7346484.png,WordPress REST API: media,,,UNVERIFIED,,,No,c5476e1eb403c6b4d33982a6b7346484,,,image/png,,,,,,,,,,,,,,NOT TESTED,SEO migration lead,Alt text missing/unverified | WP modified: 2024-03-15T13:49:21
https://sciencedivine.org/wp-content/uploads/2024/03/Conscious-mind-and-Subconscious-mind.jpg,https://sciencedivine.org/wp-content/uploads/2024/03/Conscious-mind-and-Subconscious-mind.jpg,WordPress REST API: media,,,UNVERIFIED,,,No,Conscious mind and Subconscious mind,,,image/jpeg,,,,,,,,,,,,,,NOT TESTED,SEO migration lead,Alt text missing/unverified | WP modified: 2024-03-02T09:57:54
https://sciencedivine.org/wp-content/uploads/2024/03/Conscious-Mind.png,https://sciencedivine.org/wp-content/uploads/2024/03/Conscious-Mind.png,WordPress REST API: media,,,UNVERIFIED,,,No,Conscious Mind,,,image/png,,,,,,,,,,,,,,NOT TESTED,SEO migration lead,Alt text missing/unverified | WP modified: 2024-03-02T09:41:10
https://sciencedivine.org/wp-content/uploads/2024/03/Conscious.png,https://sciencedivine.org/wp-content/uploads/2024/03/Conscious.png,WordPress REST API: media,,,UNVERIFIED,,,No,Conscious,,,image/png,,,,,,,,,,,,,,NOT TESTED,SEO migration lead,Alt text missing/unverified | WP modified: 2024-03-02T09:19:38
https://sciencedivine.org/wp-content/uploads/2024/03/Course-Page-Group-Yoga.jpg,https://sciencedivine.org/wp-content/uploads/2024/03/Course-Page-Group-Yoga.jpg,WordPress REST API: media,,,UNVERIFIED,,,No,Course Page Group Yoga,,,image/jpeg,,,,,,,,,,,,,,NOT TESTED,SEO migration lead,Alt text missing/unverified | WP modified: 2024-03-03T08:42:36
https://sciencedivine.org/wp-content/uploads/2024/03/Courses-Page-first-Image.jpg,https://sciencedivine.org/wp-content/uploads/2024/03/Courses-Page-first-Image.jpg,WordPress REST API: media,,,UNVERIFIED,,,No,Courses Page first Image,,,image/jpeg,,,,,,,,,,,,,,NOT TESTED,SEO migration lead,Alt text missing/unverified | WP modified: 2024-03-03T08:39:37
https://sciencedivine.org/wp-content/uploads/2024/03/Crown-Chakra.jpg,https://sciencedivine.org/wp-content/uploads/2024/03/Crown-Chakra.jpg,WordPress REST API: media,,,UNVERIFIED,,,No,Crown Chakra,,,image/jpeg,,,,,,,,,,,,,,NOT TESTED,SEO migration lead,Alt text missing/unverified | WP modified: 2024-03-07T06:00:52
https://sciencedivine.org/wp-content/uploads/2024/03/depression-1-1.svg,https://sciencedivine.org/wp-content/uploads/2024/03/depression-1-1.svg,WordPress REST API: media,,,UNVERIFIED,,,No,depression (1) 1,,,image/svg+xml,,,,,,,,,,,,,,NOT TESTED,SEO migration lead,Alt text missing/unverified | WP modified: 2024-03-15T14:04:35
https://sciencedivine.org/wp-content/uploads/2024/03/Depression.jpg,https://sciencedivine.org/wp-content/uploads/2024/03/Depression.jpg,WordPress REST API: media,,,UNVERIFIED,,,No,Depression,,,image/jpeg,,,,,,,,,,,,,,NOT TESTED,SEO migration lead,Alt: Depression | WP modified: 2024-03-27T08:37:05
https://sciencedivine.org/wp-content/uploads/2024/03/Design-your-Destiny-Course-1.jpg,https://sciencedivine.org/wp-content/uploads/2024/03/Design-your-Destiny-Course-1.jpg,WordPress REST API: media,,,UNVERIFIED,,,No,Design your Destiny Course (1),,,image/jpeg,,,,,,,,,,,,,,NOT TESTED,SEO migration lead,Alt text missing/unverified | WP modified: 2024-03-03T05:14:53
https://sciencedivine.org/wp-content/uploads/2024/03/Design-your-Destiny-Course-1.png,https://sciencedivine.org/wp-content/uploads/2024/03/Design-your-Destiny-Course-1.png,WordPress REST API: media,,,UNVERIFIED,,,No,Design your Destiny Course (1),,,image/png,,,,,,,,,,,,,,NOT TESTED,SEO migration lead,Alt text missing/unverified | WP modified: 2024-03-03T05:22:52
https://sciencedivine.org/wp-content/uploads/2024/03/Dhyani-Mudra-Meditation-Mudra.png,https://sciencedivine.org/wp-content/uploads/2024/03/Dhyani-Mudra-Meditation-Mudra.png,WordPress REST API: media,,,UNVERIFIED,,,No,Dhyani Mudra (Meditation Mudra),,,image/png,,,,,,,,,,,,,,NOT TESTED,SEO migration lead,Alt text missing/unverified | WP modified: 2024-03-01T12:39:44
https://sciencedivine.org/wp-content/uploads/2024/03/Difference-Between-Conscious-and-Subconscious-Mind.png,https://sciencedivine.org/wp-content/uploads/2024/03/Difference-Between-Conscious-and-Subconscious-Mind.png,WordPress REST API: media,,,UNVERIFIED,,,No,Difference Between Conscious and Subconscious Mind,,,image/png,,,,,,,,,,,,,,NOT TESTED,SEO migration lead,Alt text missing/unverified | WP modified: 2024-03-02T10:02:48
https://sciencedivine.org/wp-content/uploads/2024/03/ecb79ac637c46db2e0f7a3867b92d06f.png,https://sciencedivine.org/wp-content/uploads/2024/03/ecb79ac637c46db2e0f7a3867b92d06f.png,WordPress REST API: media,,,UNVERIFIED,,,No,ecb79ac637c46db2e0f7a3867b92d06f,,,image/png,,,,,,,,,,,,,,NOT TESTED,SEO migration lead,Alt text missing/unverified | WP modified: 2024-03-15T13:49:25
https://sciencedivine.org/wp-content/uploads/2024/03/ece4d7c98f0adbc06d7203c2552b22c5.png,https://sciencedivine.org/wp-content/uploads/2024/03/ece4d7c98f0adbc06d7203c2552b22c5.png,WordPress REST API: media,,,UNVERIFIED,,,No,ece4d7c98f0adbc06d7203c2552b22c5,,,image/png,,,,,,,,,,,,,,NOT TESTED,SEO migration lead,Alt text missing/unverified | WP modified: 2024-03-15T13:49:35
https://sciencedivine.org/wp-content/uploads/2024/03/f1e9f12de9828c0125f319807e54ac90.png,https://sciencedivine.org/wp-content/uploads/2024/03/f1e9f12de9828c0125f319807e54ac90.png,WordPress REST API: media,,,UNVERIFIED,,,No,f1e9f12de9828c0125f319807e54ac90,,,image/png,,,,,,,,,,,,,,NOT TESTED,SEO migration lead,Alt text missing/unverified | WP modified: 2024-03-19T16:57:13
https://sciencedivine.org/wp-content/uploads/2024/03/Feminine-Energy.png,https://sciencedivine.org/wp-content/uploads/2024/03/Feminine-Energy.png,WordPress REST API: media,,,UNVERIFIED,,,No,Feminine Energy,,,image/png,,,,,,,,,,,,,,NOT TESTED,SEO migration lead,Alt text missing/unverified | WP modified: 2024-03-23T10:21:03
https://sciencedivine.org/wp-content/uploads/2024/03/Finding-Purpose-scaled.jpg,https://sciencedivine.org/wp-content/uploads/2024/03/Finding-Purpose-scaled.jpg,WordPress REST API: media,,,UNVERIFIED,,,No,Finding Purpose,,,image/jpeg,,,,,,,,,,,,,,NOT TESTED,SEO migration lead,Alt: Finding Purpose | WP modified: 2024-03-27T09:10:32
https://sciencedivine.org/wp-content/uploads/2024/03/Fish-Pose.jpg,https://sciencedivine.org/wp-content/uploads/2024/03/Fish-Pose.jpg,WordPress REST API: media,,,UNVERIFIED,,,No,Fish Pose,,,image/jpeg,,,,,,,,,,,,,,NOT TESTED,SEO migration lead,Alt text missing/unverified | WP modified: 2024-03-08T08:59:35
https://sciencedivine.org/wp-content/uploads/2024/03/Gomti-Chakra.png,https://sciencedivine.org/wp-content/uploads/2024/03/Gomti-Chakra.png,WordPress REST API: media,,,UNVERIFIED,,,No,Gomti Chakra,,,image/png,,,,,,,,,,,,,,NOT TESTED,SEO migration lead,Alt text missing/unverified | WP modified: 2024-03-07T08:33:33
https://sciencedivine.org/wp-content/uploads/2024/03/Granthita-Mudra-throat-chakra.png,https://sciencedivine.org/wp-content/uploads/2024/03/Granthita-Mudra-throat-chakra.png,WordPress REST API: media,,,UNVERIFIED,,,No,Granthita Mudra-throat chakra,,,image/png,,,,,,,,,,,,,,NOT TESTED,SEO migration lead,Alt text missing/unverified | WP modified: 2024-03-08T09:39:38
https://sciencedivine.org/wp-content/uploads/2024/03/Gratitude-scaled.jpg,https://sciencedivine.org/wp-content/uploads/2024/03/Gratitude-scaled.jpg,WordPress REST API: media,,,UNVERIFIED,,,No,Gratitude,,,image/jpeg,,,,,,,,,,,,,,NOT TESTED,SEO migration lead,Alt: Gratitude | WP modified: 2024-03-27T09:26:34
https://sciencedivine.org/wp-content/uploads/2024/03/Group-25.png,https://sciencedivine.org/wp-content/uploads/2024/03/Group-25.png,WordPress REST API: media,,,UNVERIFIED,,,No,Group 25,,,image/png,,,,,,,,,,,,,,NOT TESTED,SEO migration lead,Alt text missing/unverified | WP modified: 2024-03-30T12:23:10
https://sciencedivine.org/wp-content/uploads/2024/03/Group-26.png,https://sciencedivine.org/wp-content/uploads/2024/03/Group-26.png,WordPress REST API: media,,,UNVERIFIED,,,No,Group 26,,,image/png,,,,,,,,,,,,,,NOT TESTED,SEO migration lead,Alt text missing/unverified | WP modified: 2024-03-30T10:35:19
https://sciencedivine.org/wp-content/uploads/2024/03/Group-2611.png,https://sciencedivine.org/wp-content/uploads/2024/03/Group-2611.png,WordPress REST API: media,,,UNVERIFIED,,,No,Group 2611,,,image/png,,,,,,,,,,,,,,NOT TESTED,SEO migration lead,Alt text missing/unverified | WP modified: 2024-03-30T10:52:56
https://sciencedivine.org/wp-content/uploads/2024/03/Group-2622.png,https://sciencedivine.org/wp-content/uploads/2024/03/Group-2622.png,WordPress REST API: media,,,UNVERIFIED,,,No,Group 2622,,,image/png,,,,,,,,,,,,,,NOT TESTED,SEO migration lead,Alt text missing/unverified | WP modified: 2024-03-30T10:48:38
https://sciencedivine.org/wp-content/uploads/2024/03/h-zg4NsCXZwhRqj_Q59xjCh4qAj0phqpc08T8qkgoTSxrlpFQAUsLshJNrTUyAP6S4-IzKOc-7zZjz7VFlPj-t1Lx9LeZgHEslCFvBM7_kB7rL5xzO-hxzGtyfH2isDnA1femPUdU993YmzHFr1rmSo.png,https://sciencedivine.org/wp-content/uploads/2024/03/h-zg4NsCXZwhRqj_Q59xjCh4qAj0phqpc08T8qkgoTSxrlpFQAUsLshJNrTUyAP6S4-IzKOc-7zZjz7VFlPj-t1Lx9LeZgHEslCFvBM7_kB7rL5xzO-hxzGtyfH2isDnA1femPUdU993YmzHFr1rmSo.png,WordPress REST API: media,,,UNVERIFIED,,,No,h-zg4NsCXZwhRqj_Q59xjCh4qAj0phqpc08T8qkgoTSxrlpFQAUsLshJNrTUyAP6S4-IzKOc-7zZjz7VFlPj-t1Lx9LeZgHEslCFvBM7_kB7rL5xzO-hxzGtyfH2isDnA1femPUdU993YmzHFr1rmSo,,,image/png,,,,,,,,,,,,,,NOT TESTED,SEO migration lead,Alt text missing/unverified | WP modified: 2024-03-01T11:14:59
https://sciencedivine.org/wp-content/uploads/2024/03/Heart-Chakra.png,https://sciencedivine.org/wp-content/uploads/2024/03/Heart-Chakra.png,WordPress REST API: media,,,UNVERIFIED,,,No,Heart Chakra,,,image/png,,,,,,,,,,,,,,NOT TESTED,SEO migration lead,Alt text missing/unverified | WP modified: 2024-03-07T06:00:17
https://sciencedivine.org/wp-content/uploads/2024/03/How-to-Be-More-Conscious.png,https://sciencedivine.org/wp-content/uploads/2024/03/How-to-Be-More-Conscious.png,WordPress REST API: media,,,UNVERIFIED,,,No,How to Be More Conscious,,,image/png,,,,,,,,,,,,,,NOT TESTED,SEO migration lead,Alt text missing/unverified | WP modified: 2024-03-02T09:29:47
https://sciencedivine.org/wp-content/uploads/2024/03/How-to-become-a-spiritual-person.jpg,https://sciencedivine.org/wp-content/uploads/2024/03/How-to-become-a-spiritual-person.jpg,WordPress REST API: media,,,UNVERIFIED,,,No,How to become a spiritual person,,,image/jpeg,,,,,,,,,,,,,,NOT TESTED,SEO migration lead,Alt text missing/unverified | WP modified: 2024-03-14T09:23:02
https://sciencedivine.org/wp-content/uploads/2024/03/How-to-Unblock-Chakras.jpg,https://sciencedivine.org/wp-content/uploads/2024/03/How-to-Unblock-Chakras.jpg,WordPress REST API: media,,,UNVERIFIED,,,No,How to Unblock Chakras,,,image/jpeg,,,,,,,,,,,,,,NOT TESTED,SEO migration lead,Alt text missing/unverified | WP modified: 2024-03-07T05:59:16
https://sciencedivine.org/wp-content/uploads/2024/03/Hridaya-Mudra.png,https://sciencedivine.org/wp-content/uploads/2024/03/Hridaya-Mudra.png,WordPress REST API: media,,,UNVERIFIED,,,No,Hridaya Mudra,,,image/png,,,,,,,,,,,,,,NOT TESTED,SEO migration lead,Alt text missing/unverified | WP modified: 2024-03-01T12:42:40
https://sciencedivine.org/wp-content/uploads/2024/03/IMG_3407-scaled.jpg,https://sciencedivine.org/wp-content/uploads/2024/03/IMG_3407-scaled.jpg,WordPress REST API: media,,,UNVERIFIED,,,No,IMG_3407,,,image/jpeg,,,,,,,,,,,,,,NOT TESTED,SEO migration lead,Alt text missing/unverified | WP modified: 2024-03-03T06:41:59
https://sciencedivine.org/wp-content/uploads/2024/03/Jnana-Mudra-Mudra-of-Knowledge.png,https://sciencedivine.org/wp-content/uploads/2024/03/Jnana-Mudra-Mudra-of-Knowledge.png,WordPress REST API: media,,,UNVERIFIED,,,No,Jnana Mudra (Mudra of Knowledge),,,image/png,,,,,,,,,,,,,,NOT TESTED,SEO migration lead,Alt text missing/unverified | WP modified: 2024-03-01T12:39:35
https://sciencedivine.org/wp-content/uploads/2024/03/khechari-mudra.jpg,https://sciencedivine.org/wp-content/uploads/2024/03/khechari-mudra.jpg,WordPress REST API: media,,,UNVERIFIED,,,No,khechari-mudra,,,image/jpeg,,,,,,,,,,,,,,NOT TESTED,SEO migration lead,Alt text missing/unverified | WP modified: 2024-03-08T11:26:02
https://sciencedivine.org/wp-content/uploads/2024/03/location.svg,https://sciencedivine.org/wp-content/uploads/2024/03/location.svg,WordPress REST API: media,,,UNVERIFIED,,,No,location,,,image/svg+xml,,,,,,,,,,,,,,NOT TESTED,SEO migration lead,Alt text missing/unverified | WP modified: 2024-03-19T17:07:24
https://sciencedivine.org/wp-content/uploads/2024/03/Lotus-Mudra-scaled.jpeg,https://sciencedivine.org/wp-content/uploads/2024/03/Lotus-Mudra-scaled.jpeg,WordPress REST API: media,,,UNVERIFIED,,,No,Lotus Mudra,,,image/jpeg,,,,,,,,,,,,,,NOT TESTED,SEO migration lead,Alt text missing/unverified | WP modified: 2024-03-01T12:40:06
https://sciencedivine.org/wp-content/uploads/2024/03/LP-1.webp,https://sciencedivine.org/wp-content/uploads/2024/03/LP-1.webp,WordPress REST API: media,,,UNVERIFIED,,,No,LP-1,,,image/webp,,,,,,,,,,,,,,NOT TESTED,SEO migration lead,Alt text missing/unverified | WP modified: 2024-03-27T09:48:09
https://sciencedivine.org/wp-content/uploads/2024/03/Manipura-Chakra-Bow-Pose.jpg,https://sciencedivine.org/wp-content/uploads/2024/03/Manipura-Chakra-Bow-Pose.jpg,WordPress REST API: media,,,UNVERIFIED,,,No,Manipura-Chakra-Bow-Pose,,,image/jpeg,,,,,,,,,,,,,,NOT TESTED,SEO migration lead,Alt text missing/unverified | WP modified: 2024-03-08T06:54:51
https://sciencedivine.org/wp-content/uploads/2024/03/Manipura-Chakra-Meditation.png,https://sciencedivine.org/wp-content/uploads/2024/03/Manipura-Chakra-Meditation.png,WordPress REST API: media,,,UNVERIFIED,,,No,Manipura Chakra Meditation,,,image/png,,,,,,,,,,,,,,NOT TESTED,SEO migration lead,Alt text missing/unverified | WP modified: 2024-03-08T06:55:22
https://sciencedivine.org/wp-content/uploads/2024/03/Manipura-Chakra-of-Plank-Pose.jpg,https://sciencedivine.org/wp-content/uploads/2024/03/Manipura-Chakra-of-Plank-Pose.jpg,WordPress REST API: media,,,UNVERIFIED,,,No,Manipura-Chakra-of-Plank-Pose,,,image/jpeg,,,,,,,,,,,,,,NOT TESTED,SEO migration lead,Alt text missing/unverified | WP modified: 2024-03-08T06:54:51
https://sciencedivine.org/wp-content/uploads/2024/03/manoj-singh.png,https://sciencedivine.org/wp-content/uploads/2024/03/manoj-singh.png,WordPress REST API: media,,,UNVERIFIED,,,No,manoj singh,,,image/png,,,,,,,,,,,,,,NOT TESTED,SEO migration lead,Alt text missing/unverified | WP modified: 2024-03-16T09:09:07
https://sciencedivine.org/wp-content/uploads/2024/03/mental-health-1.svg,https://sciencedivine.org/wp-content/uploads/2024/03/mental-health-1.svg,WordPress REST API: media,,,UNVERIFIED,,,No,mental-health 1,,,image/svg+xml,,,,,,,,,,,,,,NOT TESTED,SEO migration lead,Alt text missing/unverified | WP modified: 2024-03-15T14:04:39
https://sciencedivine.org/wp-content/uploads/2024/03/Mind-Power-Meditation-Courses.jpg,https://sciencedivine.org/wp-content/uploads/2024/03/Mind-Power-Meditation-Courses.jpg,WordPress REST API: media,,,UNVERIFIED,,,No,Mind Power Meditation Courses,,,image/jpeg,,,,,,,,,,,,,,NOT TESTED,SEO migration lead,Alt text missing/unverified | WP modified: 2024-03-03T05:17:08
https://sciencedivine.org/wp-content/uploads/2024/03/Mind-Power-Meditation-Courses.png,https://sciencedivine.org/wp-content/uploads/2024/03/Mind-Power-Meditation-Courses.png,WordPress REST API: media,,,UNVERIFIED,,,No,Mind Power Meditation Courses,,,image/png,,,,,,,,,,,,,,NOT TESTED,SEO migration lead,Alt text missing/unverified | WP modified: 2024-03-03T05:23:47
https://sciencedivine.org/wp-content/uploads/2024/03/Mindfulness-scaled.jpg,https://sciencedivine.org/wp-content/uploads/2024/03/Mindfulness-scaled.jpg,WordPress REST API: media,,,UNVERIFIED,,,No,Mindfulness,,,image/jpeg,,,,,,,,,,,,,,NOT TESTED,SEO migration lead,Alt: Mindfulness | WP modified: 2024-03-27T09:21:24
https://sciencedivine.org/wp-content/uploads/2024/03/money.svg,https://sciencedivine.org/wp-content/uploads/2024/03/money.svg,WordPress REST API: media,,,UNVERIFIED,,,No,money,,,image/svg+xml,,,,,,,,,,,,,,NOT TESTED,SEO migration lead,Alt text missing/unverified | WP modified: 2024-03-19T17:07:27
https://sciencedivine.org/wp-content/uploads/2024/03/Overthinking-scaled.jpg,https://sciencedivine.org/wp-content/uploads/2024/03/Overthinking-scaled.jpg,WordPress REST API: media,,,UNVERIFIED,,,No,overthinking,,,image/jpeg,,,,,,,,,,,,,,NOT TESTED,SEO migration lead,Alt: overthinking | WP modified: 2024-03-27T08:57:44
https://sciencedivine.org/wp-content/uploads/2024/03/parenting-1.svg,https://sciencedivine.org/wp-content/uploads/2024/03/parenting-1.svg,WordPress REST API: media,,,UNVERIFIED,,,No,parenting 1,,,image/svg+xml,,,,,,,,,,,,,,NOT TESTED,SEO migration lead,Alt text missing/unverified | WP modified: 2024-03-15T14:04:42
https://sciencedivine.org/wp-content/uploads/2024/03/Parenting-scaled.jpg,https://sciencedivine.org/wp-content/uploads/2024/03/Parenting-scaled.jpg,WordPress REST API: media,,,UNVERIFIED,,,No,Parenting,,,image/jpeg,,,,,,,,,,,,,,NOT TESTED,SEO migration lead,Alt: Parenting | WP modified: 2024-03-27T08:53:17
https://sciencedivine.org/wp-content/uploads/2024/03/Peace-of-Mind.jpg,https://sciencedivine.org/wp-content/uploads/2024/03/Peace-of-Mind.jpg,WordPress REST API: media,,,UNVERIFIED,,,No,Peace of Mind,,,image/jpeg,,,,,,,,,,,,,,NOT TESTED,SEO migration lead,Alt: Peace of Mind | WP modified: 2024-03-01T11:27:18
https://sciencedivine.org/wp-content/uploads/2024/03/Podcast.jpg,https://sciencedivine.org/wp-content/uploads/2024/03/Podcast.jpg,WordPress REST API: media,,,UNVERIFIED,,,No,Podcast,,,image/jpeg,,,,,,,,,,,,,,NOT TESTED,SEO migration lead,Alt text missing/unverified | WP modified: 2024-03-03T06:11:26
https://sciencedivine.org/wp-content/uploads/2024/03/Poses-Camel-scaled.jpg,https://sciencedivine.org/wp-content/uploads/2024/03/Poses-Camel-scaled.jpg,WordPress REST API: media,,,UNVERIFIED,,,No,Yogateket logo,,,image/jpeg,,,,,,,,,,,,,,NOT TESTED,SEO migration lead,Alt text missing/unverified | WP modified: 2024-03-08T08:58:31
https://sciencedivine.org/wp-content/uploads/2024/03/Positive-Thinking.jpg,https://sciencedivine.org/wp-content/uploads/2024/03/Positive-Thinking.jpg,WordPress REST API: media,,,UNVERIFIED,,,No,Positive Thinking,,,image/jpeg,,,,,,,,,,,,,,NOT TESTED,SEO migration lead,Alt: Positive Thinking | WP modified: 2024-03-27T09:34:02
https://sciencedivine.org/wp-content/uploads/2024/03/Power-of-Conscious-Mind.png,https://sciencedivine.org/wp-content/uploads/2024/03/Power-of-Conscious-Mind.png,WordPress REST API: media,,,UNVERIFIED,,,No,Power of Conscious Mind,,,image/png,,,,,,,,,,,,,,NOT TESTED,SEO migration lead,Alt text missing/unverified | WP modified: 2024-03-02T09:48:09
https://sciencedivine.org/wp-content/uploads/2024/03/Prithivi-Mudra-Earth-Mudra.png,https://sciencedivine.org/wp-content/uploads/2024/03/Prithivi-Mudra-Earth-Mudra.png,WordPress REST API: media,,,UNVERIFIED,,,No,Prithivi Mudra (Earth Mudra),,,image/png,,,,,,,,,,,,,,NOT TESTED,SEO migration lead,Alt text missing/unverified | WP modified: 2024-03-01T12:39:58
https://sciencedivine.org/wp-content/uploads/2024/03/Rectangle-1211.png,https://sciencedivine.org/wp-content/uploads/2024/03/Rectangle-1211.png,WordPress REST API: media,,,UNVERIFIED,,,No,Rectangle 1211,,,image/png,,,,,,,,,,,,,,NOT TESTED,SEO migration lead,Alt text missing/unverified | WP modified: 2024-03-15T13:49:43
https://sciencedivine.org/wp-content/uploads/2024/03/Rectangle-1212.png,https://sciencedivine.org/wp-content/uploads/2024/03/Rectangle-1212.png,WordPress REST API: media,,,UNVERIFIED,,,No,Rectangle 1212,,,image/png,,,,,,,,,,,,,,NOT TESTED,SEO migration lead,Alt text missing/unverified | WP modified: 2024-03-15T13:59:02
https://sciencedivine.org/wp-content/uploads/2024/03/Rectangle-1213.png,https://sciencedivine.org/wp-content/uploads/2024/03/Rectangle-1213.png,WordPress REST API: media,,,UNVERIFIED,,,No,Rectangle 1213,,,image/png,,,,,,,,,,,,,,NOT TESTED,SEO migration lead,Alt text missing/unverified | WP modified: 2024-03-15T13:49:49
https://sciencedivine.org/wp-content/uploads/2024/03/Rectangle-1268.png,https://sciencedivine.org/wp-content/uploads/2024/03/Rectangle-1268.png,WordPress REST API: media,,,UNVERIFIED,,,No,Rectangle 1268,,,image/png,,,,,,,,,,,,,,NOT TESTED,SEO migration lead,Alt text missing/unverified | WP modified: 2024-03-20T16:08:14
https://sciencedivine.org/wp-content/uploads/2024/03/Rectangle-1269.png,https://sciencedivine.org/wp-content/uploads/2024/03/Rectangle-1269.png,WordPress REST API: media,,,UNVERIFIED,,,No,Rectangle 1269,,,image/png,,,,,,,,,,,,,,NOT TESTED,SEO migration lead,Alt text missing/unverified | WP modified: 2024-03-20T16:08:18
https://sciencedivine.org/wp-content/uploads/2024/03/Rectangle-23-1.png,https://sciencedivine.org/wp-content/uploads/2024/03/Rectangle-23-1.png,WordPress REST API: media,,,UNVERIFIED,,,No,Rectangle 23,,,image/png,,,,,,,,,,,,,,NOT TESTED,SEO migration lead,Alt text missing/unverified | WP modified: 2024-03-15T14:18:19
https://sciencedivine.org/wp-content/uploads/2024/03/Rectangle-23-2.png,https://sciencedivine.org/wp-content/uploads/2024/03/Rectangle-23-2.png,WordPress REST API: media,,,UNVERIFIED,,,No,Rectangle 23,,,image/png,,,,,,,,,,,,,,NOT TESTED,SEO migration lead,Alt text missing/unverified | WP modified: 2024-03-30T11:56:55
https://sciencedivine.org/wp-content/uploads/2024/03/Rectangle-23.png,https://sciencedivine.org/wp-content/uploads/2024/03/Rectangle-23.png,WordPress REST API: media,,,UNVERIFIED,,,No,Rectangle 23,,,image/png,,,,,,,,,,,,,,NOT TESTED,SEO migration lead,Alt text missing/unverified | WP modified: 2024-03-15T14:17:30
https://sciencedivine.org/wp-content/uploads/2024/03/Rectangle-78.png,https://sciencedivine.org/wp-content/uploads/2024/03/Rectangle-78.png,WordPress REST API: media,,,UNVERIFIED,,,No,Rectangle 78,,,image/png,,,,,,,,,,,,,,NOT TESTED,SEO migration lead,Alt text missing/unverified | WP modified: 2024-03-21T16:17:06
https://sciencedivine.org/wp-content/uploads/2024/03/reema-singh.png,https://sciencedivine.org/wp-content/uploads/2024/03/reema-singh.png,WordPress REST API: media,,,UNVERIFIED,,,No,reema singh,,,image/png,,,,,,,,,,,,,,NOT TESTED,SEO migration lead,Alt text missing/unverified | WP modified: 2024-03-16T09:08:49
https://sciencedivine.org/wp-content/uploads/2024/03/Relationship-scaled.jpg,https://sciencedivine.org/wp-content/uploads/2024/03/Relationship-scaled.jpg,WordPress REST API: media,,,UNVERIFIED,,,No,Relationship,,,image/jpeg,,,,,,,,,,,,,,NOT TESTED,SEO migration lead,Alt: Relationship | WP modified: 2024-03-27T08:48:43
https://sciencedivine.org/wp-content/uploads/2024/03/relationships-1.svg,https://sciencedivine.org/wp-content/uploads/2024/03/relationships-1.svg,WordPress REST API: media,,,UNVERIFIED,,,No,relationships 1,,,image/svg+xml,,,,,,,,,,,,,,NOT TESTED,SEO migration lead,Alt text missing/unverified | WP modified: 2024-03-15T14:04:46
https://sciencedivine.org/wp-content/uploads/2024/03/Root-Chakra.jpg,https://sciencedivine.org/wp-content/uploads/2024/03/Root-Chakra.jpg,WordPress REST API: media,,,UNVERIFIED,,,No,Root Chakra,,,image/jpeg,,,,,,,,,,,,,,NOT TESTED,SEO migration lead,Alt text missing/unverified | WP modified: 2024-03-07T05:59:44
https://sciencedivine.org/wp-content/uploads/2024/03/Sacral-Chakra.jpg,https://sciencedivine.org/wp-content/uploads/2024/03/Sacral-Chakra.jpg,WordPress REST API: media,,,UNVERIFIED,,,No,Sacral Chakra,,,image/jpeg,,,,,,,,,,,,,,NOT TESTED,SEO migration lead,Alt text missing/unverified | WP modified: 2024-03-07T05:59:53
https://sciencedivine.org/wp-content/uploads/2024/03/Sahasrara-Chakra-Meditation.jpg,https://sciencedivine.org/wp-content/uploads/2024/03/Sahasrara-Chakra-Meditation.jpg,WordPress REST API: media,,,UNVERIFIED,,,No,Sahasrara Chakra Meditation,,,image/jpeg,,,,,,,,,,,,,,NOT TESTED,SEO migration lead,Alt text missing/unverified | WP modified: 2024-03-09T06:07:41
https://sciencedivine.org/wp-content/uploads/2024/03/Sanjeevani-Kriya-Course.jpg,https://sciencedivine.org/wp-content/uploads/2024/03/Sanjeevani-Kriya-Course.jpg,WordPress REST API: media,,,UNVERIFIED,,,No,Sanjeevani Kriya Course,,,image/jpeg,,,,,,,,,,,,,,NOT TESTED,SEO migration lead,Alt text missing/unverified | WP modified: 2024-03-03T05:16:52
https://sciencedivine.org/wp-content/uploads/2024/03/Sanjeevani-Kriya-Course.png,https://sciencedivine.org/wp-content/uploads/2024/03/Sanjeevani-Kriya-Course.png,WordPress REST API: media,,,UNVERIFIED,,,No,Sanjeevani Kriya Course,,,image/png,,,,,,,,,,,,,,NOT TESTED,SEO migration lead,Alt text missing/unverified | WP modified: 2024-03-03T05:24:14
https://sciencedivine.org/wp-content/uploads/2024/03/Science-of-Joyful-Living.jpg,https://sciencedivine.org/wp-content/uploads/2024/03/Science-of-Joyful-Living.jpg,WordPress REST API: media,,,UNVERIFIED,,,No,Science of Joyful Living,,,image/jpeg,,,,,,,,,,,,,,NOT TESTED,SEO migration lead,Alt text missing/unverified | WP modified: 2024-03-03T05:16:38
https://sciencedivine.org/wp-content/uploads/2024/03/Science-of-Joyful-Living.png,https://sciencedivine.org/wp-content/uploads/2024/03/Science-of-Joyful-Living.png,WordPress REST API: media,,,UNVERIFIED,,,No,Science of Joyful Living,,,image/png,,,,,,,,,,,,,,NOT TESTED,SEO migration lead,Alt text missing/unverified | WP modified: 2024-03-03T05:24:41
https://sciencedivine.org/wp-content/uploads/2024/03/Self-Conscious.jpeg,https://sciencedivine.org/wp-content/uploads/2024/03/Self-Conscious.jpeg,WordPress REST API: media,,,UNVERIFIED,,,No,Self-Conscious,,,image/jpeg,,,,,,,,,,,,,,NOT TESTED,SEO migration lead,Alt text missing/unverified | WP modified: 2024-03-02T09:29:37
https://sciencedivine.org/wp-content/uploads/2024/03/Seven-Chakras.jpg,https://sciencedivine.org/wp-content/uploads/2024/03/Seven-Chakras.jpg,WordPress REST API: media,,,UNVERIFIED,,,No,Seven Chakras,,,image/jpeg,,,,,,,,,,,,,,NOT TESTED,SEO migration lead,Alt text missing/unverified | WP modified: 2024-03-07T07:20:53
https://sciencedivine.org/wp-content/uploads/2024/03/shikha-yadav.png,https://sciencedivine.org/wp-content/uploads/2024/03/shikha-yadav.png,WordPress REST API: media,,,UNVERIFIED,,,No,shikha yadav,,,image/png,,,,,,,,,,,,,,NOT TESTED,SEO migration lead,Alt text missing/unverified | WP modified: 2024-03-16T09:08:56
https://sciencedivine.org/wp-content/uploads/2024/03/Shoulder-Stand-Sarvangasana.jpg,https://sciencedivine.org/wp-content/uploads/2024/03/Shoulder-Stand-Sarvangasana.jpg,WordPress REST API: media,,,UNVERIFIED,,,No,Shoulder Stand (Sarvangasana),,,image/jpeg,,,,,,,,,,,,,,NOT TESTED,SEO migration lead,Alt text missing/unverified | WP modified: 2024-03-08T09:40:09
https://sciencedivine.org/wp-content/uploads/2024/03/sleep-1.svg,https://sciencedivine.org/wp-content/uploads/2024/03/sleep-1.svg,WordPress REST API: media,,,UNVERIFIED,,,No,sleep 1,,,image/svg+xml,,,,,,,,,,,,,,NOT TESTED,SEO migration lead,Alt text missing/unverified | WP modified: 2024-03-15T14:04:50
https://sciencedivine.org/wp-content/uploads/2024/03/Sleeping-Disorder-scaled.jpg,https://sciencedivine.org/wp-content/uploads/2024/03/Sleeping-Disorder-scaled.jpg,WordPress REST API: media,,,UNVERIFIED,,,No,Sleeping Disorder,,,image/jpeg,,,,,,,,,,,,,,NOT TESTED,SEO migration lead,Alt: Sleeping Disorder | WP modified: 2024-03-27T08:51:38
https://sciencedivine.org/wp-content/uploads/2024/03/Solar-Plexus-Chakra.jpg,https://sciencedivine.org/wp-content/uploads/2024/03/Solar-Plexus-Chakra.jpg,WordPress REST API: media,,,UNVERIFIED,,,No,Solar Plexus Chakra,,,image/jpeg,,,,,,,,,,,,,,NOT TESTED,SEO migration lead,Alt text missing/unverified | WP modified: 2024-03-07T06:00:03
https://sciencedivine.org/wp-content/uploads/2024/03/som-bansal.png,https://sciencedivine.org/wp-content/uploads/2024/03/som-bansal.png,WordPress REST API: media,,,UNVERIFIED,,,No,som bansal,,,image/png,,,,,,,,,,,,,,NOT TESTED,SEO migration lead,Alt text missing/unverified | WP modified: 2024-03-16T09:09:02
https://sciencedivine.org/wp-content/uploads/2024/03/Spiritual-Consciousness.jpg,https://sciencedivine.org/wp-content/uploads/2024/03/Spiritual-Consciousness.jpg,WordPress REST API: media,,,UNVERIFIED,,,No,Spiritual Consciousness,,,image/jpeg,,,,,,,,,,,,,,NOT TESTED,SEO migration lead,Alt text missing/unverified | WP modified: 2024-03-02T10:18:38
https://sciencedivine.org/wp-content/uploads/2024/03/Spiritual-Healing.png,https://sciencedivine.org/wp-content/uploads/2024/03/Spiritual-Healing.png,WordPress REST API: media,,,UNVERIFIED,,,No,Spiritual Healing,,,image/png,,,,,,,,,,,,,,NOT TESTED,SEO migration lead,Alt text missing/unverified | WP modified: 2024-03-11T08:43:32
https://sciencedivine.org/wp-content/uploads/2024/03/Star-1.svg,https://sciencedivine.org/wp-content/uploads/2024/03/Star-1.svg,WordPress REST API: media,,,UNVERIFIED,,,No,Star 1,,,image/svg+xml,,,,,,,,,,,,,,NOT TESTED,SEO migration lead,Alt text missing/unverified | WP modified: 2024-03-21T16:30:09
https://sciencedivine.org/wp-content/uploads/2024/03/Stress-scaled.jpg,https://sciencedivine.org/wp-content/uploads/2024/03/Stress-scaled.jpg,WordPress REST API: media,,,UNVERIFIED,,,No,Stress,,,image/jpeg,,,,,,,,,,,,,,NOT TESTED,SEO migration lead,Alt: Stress | WP modified: 2024-03-27T08:47:20
https://sciencedivine.org/wp-content/uploads/2024/03/Supta-Baddha-Konasana-Reclining-Bound-Angle-Pose.jpg,https://sciencedivine.org/wp-content/uploads/2024/03/Supta-Baddha-Konasana-Reclining-Bound-Angle-Pose.jpg,WordPress REST API: media,,,UNVERIFIED,,,No,Supta Baddha Konasana (Reclining Bound Angle Pose),,,image/jpeg,,,,,,,,,,,,,,NOT TESTED,SEO migration lead,Alt text missing/unverified | WP modified: 2024-03-07T11:38:06
https://sciencedivine.org/wp-content/uploads/2024/03/The-Seven-Chakras.jpg,https://sciencedivine.org/wp-content/uploads/2024/03/The-Seven-Chakras.jpg,WordPress REST API: media,,,UNVERIFIED,,,No,The Seven Chakras,,,image/jpeg,,,,,,,,,,,,,,NOT TESTED,SEO migration lead,Alt text missing/unverified | WP modified: 2024-03-07T07:23:43
https://sciencedivine.org/wp-content/uploads/2024/03/Third-Eye-Chakra.jpg,https://sciencedivine.org/wp-content/uploads/2024/03/Third-Eye-Chakra.jpg,WordPress REST API: media,,,UNVERIFIED,,,No,Third Eye Chakra,,,image/jpeg,,,,,,,,,,,,,,NOT TESTED,SEO migration lead,Alt text missing/unverified | WP modified: 2024-03-07T06:00:44
https://sciencedivine.org/wp-content/uploads/2024/03/Throat-Chakra.jpg,https://sciencedivine.org/wp-content/uploads/2024/03/Throat-Chakra.jpg,WordPress REST API: media,,,UNVERIFIED,,,No,Throat Chakra,,,image/jpeg,,,,,,,,,,,,,,NOT TESTED,SEO migration lead,Alt text missing/unverified | WP modified: 2024-03-07T06:00:27
https://sciencedivine.org/wp-content/uploads/2024/03/tStG1WUKzLlWzALbrIZdZIlzNghmpt01IupVPjoPmsLbXidDx1ODuGWPPNto8SagvsHmZz1h1tBDahRxLJbM8qqNrfKHU_aqJ8s8njnB8NOjg2u9Khy7RYSfGss4fiTqo_KO-EI9cnASMyLVhXVVuLM.png,https://sciencedivine.org/wp-content/uploads/2024/03/tStG1WUKzLlWzALbrIZdZIlzNghmpt01IupVPjoPmsLbXidDx1ODuGWPPNto8SagvsHmZz1h1tBDahRxLJbM8qqNrfKHU_aqJ8s8njnB8NOjg2u9Khy7RYSfGss4fiTqo_KO-EI9cnASMyLVhXVVuLM.png,WordPress REST API: media,,,UNVERIFIED,,,No,tStG1WUKzLlWzALbrIZdZIlzNghmpt01IupVPjoPmsLbXidDx1ODuGWPPNto8SagvsHmZz1h1tBDahRxLJbM8qqNrfKHU_aqJ8s8njnB8NOjg2u9Khy7RYSfGss4fiTqo_KO-EI9cnASMyLVhXVVuLM,,,image/png,,,,,,,,,,,,,,NOT TESTED,SEO migration lead,Alt text missing/unverified | WP modified: 2024-03-01T11:34:42
https://sciencedivine.org/wp-content/uploads/2024/03/Vishuddha-Chakra-Location.jpg,https://sciencedivine.org/wp-content/uploads/2024/03/Vishuddha-Chakra-Location.jpg,WordPress REST API: media,,,UNVERIFIED,,,No,Vishuddha Chakra Location,,,image/jpeg,,,,,,,,,,,,,,NOT TESTED,SEO migration lead,Alt text missing/unverified | WP modified: 2024-03-08T09:39:16
https://sciencedivine.org/wp-content/uploads/2024/03/watch.svg,https://sciencedivine.org/wp-content/uploads/2024/03/watch.svg,WordPress REST API: media,,,UNVERIFIED,,,No,watch,,,image/svg+xml,,,,,,,,,,,,,,NOT TESTED,SEO migration lead,Alt text missing/unverified | WP modified: 2024-03-19T17:07:32
https://sciencedivine.org/wp-content/uploads/2024/03/wellness-1.svg,https://sciencedivine.org/wp-content/uploads/2024/03/wellness-1.svg,WordPress REST API: media,,,UNVERIFIED,,,No,wellness 1,,,image/svg+xml,,,,,,,,,,,,,,NOT TESTED,SEO migration lead,Alt text missing/unverified | WP modified: 2024-03-15T14:04:53
https://sciencedivine.org/wp-content/uploads/2024/03/Wellness-scaled.jpg,https://sciencedivine.org/wp-content/uploads/2024/03/Wellness-scaled.jpg,WordPress REST API: media,,,UNVERIFIED,,,No,Wllness,,,image/jpeg,,,,,,,,,,,,,,NOT TESTED,SEO migration lead,Alt: Wllness | WP modified: 2024-03-27T08:50:28
https://sciencedivine.org/wp-content/uploads/2024/03/what-is-brahma-muhurta.jpg,https://sciencedivine.org/wp-content/uploads/2024/03/what-is-brahma-muhurta.jpg,WordPress REST API: media,,,UNVERIFIED,,,No,what is brahma muhurta,,,image/jpeg,,,,,,,,,,,,,,NOT TESTED,SEO migration lead,Alt text missing/unverified | WP modified: 2024-03-14T10:59:27
https://sciencedivine.org/wp-content/uploads/2024/03/what-is-Conscious-Mind.jpg,https://sciencedivine.org/wp-content/uploads/2024/03/what-is-Conscious-Mind.jpg,WordPress REST API: media,,,UNVERIFIED,,,No,what is Conscious Mind,,,image/jpeg,,,,,,,,,,,,,,NOT TESTED,SEO migration lead,Alt text missing/unverified | WP modified: 2024-03-02T09:47:58
https://sciencedivine.org/wp-content/uploads/2024/03/What-is-Consciousness.jpeg,https://sciencedivine.org/wp-content/uploads/2024/03/What-is-Consciousness.jpeg,WordPress REST API: media,,,UNVERIFIED,,,No,What is Consciousness,,,image/jpeg,,,,,,,,,,,,,,NOT TESTED,SEO migration lead,Alt text missing/unverified | WP modified: 2024-03-02T10:11:57
https://sciencedivine.org/wp-content/uploads/2024/03/What-is-Gomti-Chakra.jpg,https://sciencedivine.org/wp-content/uploads/2024/03/What-is-Gomti-Chakra.jpg,WordPress REST API: media,,,UNVERIFIED,,,No,What is Gomti Chakra,,,image/jpeg,,,,,,,,,,,,,,NOT TESTED,SEO migration lead,Alt text missing/unverified | WP modified: 2024-03-07T08:37:18
https://sciencedivine.org/wp-content/uploads/2024/03/What-is-Peace-of-Mind-Meditation.png,https://sciencedivine.org/wp-content/uploads/2024/03/What-is-Peace-of-Mind-Meditation.png,WordPress REST API: media,,,UNVERIFIED,,,No,What is Peace of Mind Meditation,,,image/png,,,,,,,,,,,,,,NOT TESTED,SEO migration lead,Alt text missing/unverified | WP modified: 2024-03-01T12:30:31
https://sciencedivine.org/wp-content/uploads/2024/03/What-Is-Positive-Thinking.png,https://sciencedivine.org/wp-content/uploads/2024/03/What-Is-Positive-Thinking.png,WordPress REST API: media,,,UNVERIFIED,,,No,What Is Positive Thinking,,,image/png,,,,,,,,,,,,,,NOT TESTED,SEO migration lead,Alt: What Is Positive Thinking | WP modified: 2024-03-01T11:13:44
https://sciencedivine.org/wp-content/uploads/2024/03/What-is-Spiritual-Healing.jpg,https://sciencedivine.org/wp-content/uploads/2024/03/What-is-Spiritual-Healing.jpg,WordPress REST API: media,,,UNVERIFIED,,,No,What is Spiritual Healing,,,image/jpeg,,,,,,,,,,,,,,NOT TESTED,SEO migration lead,Alt text missing/unverified | WP modified: 2024-03-11T08:46:58
https://sciencedivine.org/wp-content/uploads/2024/03/What-is-Spirituality.jpg,https://sciencedivine.org/wp-content/uploads/2024/03/What-is-Spirituality.jpg,WordPress REST API: media,,,UNVERIFIED,,,No,What is Spirituality,,,image/jpeg,,,,,,,,,,,,,,NOT TESTED,SEO migration lead,Alt text missing/unverified | WP modified: 2024-03-11T08:43:20
https://sciencedivine.org/wp-content/uploads/2024/03/What-is-Spirituality.png,https://sciencedivine.org/wp-content/uploads/2024/03/What-is-Spirituality.png,WordPress REST API: media,,,UNVERIFIED,,,No,What is Spirituality,,,image/png,,,,,,,,,,,,,,NOT TESTED,SEO migration lead,Alt text missing/unverified | WP modified: 2024-03-14T09:24:41
https://sciencedivine.org/wp-content/uploads/2024/03/Yoga-Poses-for-Peace-of-Mind.png,https://sciencedivine.org/wp-content/uploads/2024/03/Yoga-Poses-for-Peace-of-Mind.png,WordPress REST API: media,,,UNVERIFIED,,,No,Yoga Poses for Peace of Mind,,,image/png,,,,,,,,,,,,,,NOT TESTED,SEO migration lead,Alt: Yoga Poses for Peace of Mind | WP modified: 2024-03-01T12:10:12
https://sciencedivine.org/wp-content/uploads/2024/04/1.png,https://sciencedivine.org/wp-content/uploads/2024/04/1.png,WordPress REST API: media,,,UNVERIFIED,,,No,,,,image/png,,,,,,,,,,,,,,NOT TESTED,SEO migration lead,Alt text missing/unverified | WP modified: 2024-04-29T06:29:00
https://sciencedivine.org/wp-content/uploads/2024/04/1633154970-1633154968817.avif,https://sciencedivine.org/wp-content/uploads/2024/04/1633154970-1633154968817.avif,WordPress REST API: media,,,UNVERIFIED,,,No,1633154970-1633154968817,,,image/avif,,,,,,,,,,,,,,NOT TESTED,SEO migration lead,Alt text missing/unverified | WP modified: 2024-04-17T17:09:35
https://sciencedivine.org/wp-content/uploads/2024/04/1633154977-1633154976312.avif,https://sciencedivine.org/wp-content/uploads/2024/04/1633154977-1633154976312.avif,WordPress REST API: media,,,UNVERIFIED,,,No,1633154977-1633154976312,,,image/avif,,,,,,,,,,,,,,NOT TESTED,SEO migration lead,Alt text missing/unverified | WP modified: 2024-04-17T17:09:41
https://sciencedivine.org/wp-content/uploads/2024/04/1633156364-1633156361238.webp,https://sciencedivine.org/wp-content/uploads/2024/04/1633156364-1633156361238.webp,WordPress REST API: media,,,UNVERIFIED,,,No,1633156364-1633156361238,,,image/webp,,,,,,,,,,,,,,NOT TESTED,SEO migration lead,Alt text missing/unverified | WP modified: 2024-04-17T16:31:22
https://sciencedivine.org/wp-content/uploads/2024/04/1633156371-1633156369843.avif,https://sciencedivine.org/wp-content/uploads/2024/04/1633156371-1633156369843.avif,WordPress REST API: media,,,UNVERIFIED,,,No,1633156371-1633156369843,,,image/avif,,,,,,,,,,,,,,NOT TESTED,SEO migration lead,Alt text missing/unverified | WP modified: 2024-04-17T16:30:24
https://sciencedivine.org/wp-content/uploads/2024/04/1633156378-1633156376847.webp,https://sciencedivine.org/wp-content/uploads/2024/04/1633156378-1633156376847.webp,WordPress REST API: media,,,UNVERIFIED,,,No,1633156378-1633156376847,,,image/webp,,,,,,,,,,,,,,NOT TESTED,SEO migration lead,Alt text missing/unverified | WP modified: 2024-04-17T16:31:41
https://sciencedivine.org/wp-content/uploads/2024/04/1633764534655.jpeg,https://sciencedivine.org/wp-content/uploads/2024/04/1633764534655.jpeg,WordPress REST API: media,,,UNVERIFIED,,,No,1633764534655,,,image/jpeg,,,,,,,,,,,,,,NOT TESTED,SEO migration lead,Alt text missing/unverified | WP modified: 2024-04-03T17:46:00
https://sciencedivine.org/wp-content/uploads/2024/04/2.png,https://sciencedivine.org/wp-content/uploads/2024/04/2.png,WordPress REST API: media,,,UNVERIFIED,,,No,,,,image/png,,,,,,,,,,,,,,NOT TESTED,SEO migration lead,Alt text missing/unverified | WP modified: 2024-04-29T06:29:04
https://sciencedivine.org/wp-content/uploads/2024/04/3.png,https://sciencedivine.org/wp-content/uploads/2024/04/3.png,WordPress REST API: media,,,UNVERIFIED,,,No,,,,image/png,,,,,,,,,,,,,,NOT TESTED,SEO migration lead,Alt text missing/unverified | WP modified: 2024-04-29T06:29:09
https://sciencedivine.org/wp-content/uploads/2024/04/4.png,https://sciencedivine.org/wp-content/uploads/2024/04/4.png,WordPress REST API: media,,,UNVERIFIED,,,No,,,,image/png,,,,,,,,,,,,,,NOT TESTED,SEO migration lead,Alt text missing/unverified | WP modified: 2024-04-29T06:29:13
https://sciencedivine.org/wp-content/uploads/2024/04/5.png,https://sciencedivine.org/wp-content/uploads/2024/04/5.png,WordPress REST API: media,,,UNVERIFIED,,,No,,,,image/png,,,,,,,,,,,,,,NOT TESTED,SEO migration lead,Alt text missing/unverified | WP modified: 2024-04-29T06:29:17
https://sciencedivine.org/wp-content/uploads/2024/04/7.png,https://sciencedivine.org/wp-content/uploads/2024/04/7.png,WordPress REST API: media,,,UNVERIFIED,,,No,,,,image/png,,,,,,,,,,,,,,NOT TESTED,SEO migration lead,Alt text missing/unverified | WP modified: 2024-04-29T06:29:21
https://sciencedivine.org/wp-content/uploads/2024/04/ae5f1ff55ee7b4b72ccc004af3f146af.jpeg,https://sciencedivine.org/wp-content/uploads/2024/04/ae5f1ff55ee7b4b72ccc004af3f146af.jpeg,WordPress REST API: media,,,UNVERIFIED,,,No,ae5f1ff55ee7b4b72ccc004af3f146af,,,image/jpeg,,,,,,,,,,,,,,NOT TESTED,SEO migration lead,Alt text missing/unverified | WP modified: 2024-04-18T03:50:34
https://sciencedivine.org/wp-content/uploads/2024/04/Anxiety-Quote-1.jpg,https://sciencedivine.org/wp-content/uploads/2024/04/Anxiety-Quote-1.jpg,WordPress REST API: media,,,UNVERIFIED,,,No,Anxiety-Quote-1,,,image/jpeg,,,,,,,,,,,,,,NOT TESTED,SEO migration lead,Alt text missing/unverified | WP modified: 2024-04-10T09:17:06
https://sciencedivine.org/wp-content/uploads/2024/04/Anxiety-Quote-2.jpg,https://sciencedivine.org/wp-content/uploads/2024/04/Anxiety-Quote-2.jpg,WordPress REST API: media,,,UNVERIFIED,,,No,Anxiety-Quote-2,,,image/jpeg,,,,,,,,,,,,,,NOT TESTED,SEO migration lead,Alt text missing/unverified | WP modified: 2024-04-10T09:05:56
https://sciencedivine.org/wp-content/uploads/2024/04/Anxiety-Quote-3.jpg,https://sciencedivine.org/wp-content/uploads/2024/04/Anxiety-Quote-3.jpg,WordPress REST API: media,,,UNVERIFIED,,,No,Anxiety-Quote-3,,,image/jpeg,,,,,,,,,,,,,,NOT TESTED,SEO migration lead,Alt text missing/unverified | WP modified: 2024-04-10T09:07:06
https://sciencedivine.org/wp-content/uploads/2024/04/Anxiety-Quote-4.jpg,https://sciencedivine.org/wp-content/uploads/2024/04/Anxiety-Quote-4.jpg,WordPress REST API: media,,,UNVERIFIED,,,No,Anxiety-Quote-4,,,image/jpeg,,,,,,,,,,,,,,NOT TESTED,SEO migration lead,Alt text missing/unverified | WP modified: 2024-04-10T09:08:23
https://sciencedivine.org/wp-content/uploads/2024/04/Anxiety-Quote-5.jpg,https://sciencedivine.org/wp-content/uploads/2024/04/Anxiety-Quote-5.jpg,WordPress REST API: media,,,UNVERIFIED,,,No,Anxiety-Quote-5,,,image/jpeg,,,,,,,,,,,,,,NOT TESTED,SEO migration lead,Alt text missing/unverified | WP modified: 2024-04-10T09:09:44
https://sciencedivine.org/wp-content/uploads/2024/04/Anxiety-Quote-6.jpg,https://sciencedivine.org/wp-content/uploads/2024/04/Anxiety-Quote-6.jpg,WordPress REST API: media,,,UNVERIFIED,,,No,Anxiety-Quote-6,,,image/jpeg,,,,,,,,,,,,,,NOT TESTED,SEO migration lead,Alt text missing/unverified | WP modified: 2024-04-10T09:11:07
https://sciencedivine.org/wp-content/uploads/2024/04/Anxiety-Quote-7.jpg,https://sciencedivine.org/wp-content/uploads/2024/04/Anxiety-Quote-7.jpg,WordPress REST API: media,,,UNVERIFIED,,,No,Anxiety-Quote-7,,,image/jpeg,,,,,,,,,,,,,,NOT TESTED,SEO migration lead,Alt text missing/unverified | WP modified: 2024-04-10T09:18:33
https://sciencedivine.org/wp-content/uploads/2024/04/Anxiety-Quote-8.jpg,https://sciencedivine.org/wp-content/uploads/2024/04/Anxiety-Quote-8.jpg,WordPress REST API: media,,,UNVERIFIED,,,No,Anxiety-Quote-8,,,image/jpeg,,,,,,,,,,,,,,NOT TESTED,SEO migration lead,Alt text missing/unverified | WP modified: 2024-04-10T09:19:39
https://sciencedivine.org/wp-content/uploads/2024/04/Anxiety-Quote-9.jpg,https://sciencedivine.org/wp-content/uploads/2024/04/Anxiety-Quote-9.jpg,WordPress REST API: media,,,UNVERIFIED,,,No,Anxiety-Quote-9,,,image/jpeg,,,,,,,,,,,,,,NOT TESTED,SEO migration lead,Alt text missing/unverified | WP modified: 2024-04-10T09:15:47
https://sciencedivine.org/wp-content/uploads/2024/04/cropped-SD_logo-1.png,https://sciencedivine.org/wp-content/uploads/2024/04/cropped-SD_logo-1.png,WordPress REST API: media,,,UNVERIFIED,,,No,cropped-SD_logo (1),,,image/png,,,,,,,,,,,,,,NOT TESTED,SEO migration lead,Alt text missing/unverified | WP modified: 2024-04-23T09:28:49
https://sciencedivine.org/wp-content/uploads/2024/04/Design-Your-Destiny.jpg,https://sciencedivine.org/wp-content/uploads/2024/04/Design-Your-Destiny.jpg,WordPress REST API: media,,,UNVERIFIED,,,No,Design Your Destiny,,,image/jpeg,,,,,,,,,,,,,,NOT TESTED,SEO migration lead,Alt text missing/unverified | WP modified: 2024-04-17T19:17:31
https://sciencedivine.org/wp-content/uploads/2024/04/DJI_0966-scaled.jpg,https://sciencedivine.org/wp-content/uploads/2024/04/DJI_0966-scaled.jpg,WordPress REST API: media,,,UNVERIFIED,,,No,DCIM100MEDIADJI_0966.JPG,,,image/jpeg,,,,,,,,,,,,,,NOT TESTED,SEO migration lead,Alt text missing/unverified | WP modified: 2024-04-17T21:15:47
https://sciencedivine.org/wp-content/uploads/2024/04/download.jpeg,https://sciencedivine.org/wp-content/uploads/2024/04/download.jpeg,WordPress REST API: media,,,UNVERIFIED,,,No,download,,,image/jpeg,,,,,,,,,,,,,,NOT TESTED,SEO migration lead,Alt text missing/unverified | WP modified: 2024-04-18T03:49:39
https://sciencedivine.org/wp-content/uploads/2024/04/DSC0496-1-1-scaled.jpg,https://sciencedivine.org/wp-content/uploads/2024/04/DSC0496-1-1-scaled.jpg,WordPress REST API: media,,,UNVERIFIED,,,No,_DSC0496 (1),,,image/jpeg,,,,,,,,,,,,,,NOT TESTED,SEO migration lead,Alt text missing/unverified | WP modified: 2024-04-28T18:43:59
https://sciencedivine.org/wp-content/uploads/2024/04/DSC0496-1-scaled.jpg,https://sciencedivine.org/wp-content/uploads/2024/04/DSC0496-1-scaled.jpg,WordPress REST API: media,,,UNVERIFIED,,,No,_DSC0496 (1),,,image/jpeg,,,,,,,,,,,,,,NOT TESTED,SEO migration lead,Alt text missing/unverified | WP modified: 2024-04-28T18:39:12
https://sciencedivine.org/wp-content/uploads/2024/04/DSC0496-scaled.jpg,https://sciencedivine.org/wp-content/uploads/2024/04/DSC0496-scaled.jpg,WordPress REST API: media,,,UNVERIFIED,,,No,_DSC0496,,,image/jpeg,,,,,,,,,,,,,,NOT TESTED,SEO migration lead,Alt text missing/unverified | WP modified: 2024-04-23T08:53:02
https://sciencedivine.org/wp-content/uploads/2024/04/gospelforasia-RT18-03070.jpeg,https://sciencedivine.org/wp-content/uploads/2024/04/gospelforasia-RT18-03070.jpeg,WordPress REST API: media,,,UNVERIFIED,,,No,Swasth Seva,,,image/jpeg,,,,,,,,,,,,,,NOT TESTED,SEO migration lead,Alt text missing/unverified | WP modified: 2024-05-07T09:01:28
https://sciencedivine.org/wp-content/uploads/2024/04/Group-1.png,https://sciencedivine.org/wp-content/uploads/2024/04/Group-1.png,WordPress REST API: media,,,UNVERIFIED,,,No,Group 1,,,image/png,,,,,,,,,,,,,,NOT TESTED,SEO migration lead,Alt text missing/unverified | WP modified: 2024-04-28T17:25:38
https://sciencedivine.org/wp-content/uploads/2024/04/Group-2.png,https://sciencedivine.org/wp-content/uploads/2024/04/Group-2.png,WordPress REST API: media,,,UNVERIFIED,,,No,Group 2,,,image/png,,,,,,,,,,,,,,NOT TESTED,SEO migration lead,Alt text missing/unverified | WP modified: 2024-04-28T17:25:44
https://sciencedivine.org/wp-content/uploads/2024/04/Group-26.png,https://sciencedivine.org/wp-content/uploads/2024/04/Group-26.png,WordPress REST API: media,,,UNVERIFIED,,,No,Group 26,,,image/png,,,,,,,,,,,,,,NOT TESTED,SEO migration lead,Alt text missing/unverified | WP modified: 2024-04-29T06:29:25
https://sciencedivine.org/wp-content/uploads/2024/04/Group-3.png,https://sciencedivine.org/wp-content/uploads/2024/04/Group-3.png,WordPress REST API: media,,,UNVERIFIED,,,No,Group 3,,,image/png,,,,,,,,,,,,,,NOT TESTED,SEO migration lead,Alt text missing/unverified | WP modified: 2024-04-28T17:25:52
https://sciencedivine.org/wp-content/uploads/2024/04/home-outreach-texture-scaled.webp,https://sciencedivine.org/wp-content/uploads/2024/04/home-outreach-texture-scaled.webp,WordPress REST API: media,,,UNVERIFIED,,,No,home-outreach-texture,,,image/webp,,,,,,,,,,,,,,NOT TESTED,SEO migration lead,Alt text missing/unverified | WP modified: 2024-04-17T16:31:54
https://sciencedivine.org/wp-content/uploads/2024/04/IMG_20220126_103646-scaled.jpg,https://sciencedivine.org/wp-content/uploads/2024/04/IMG_20220126_103646-scaled.jpg,WordPress REST API: media,,,UNVERIFIED,,,No,IMG_20220126_103646,,,image/jpeg,,,,,,,,,,,,,,NOT TESTED,SEO migration lead,Alt text missing/unverified | WP modified: 2024-04-28T18:50:14
https://sciencedivine.org/wp-content/uploads/2024/04/IMG-20200818-WA0055.jpg,https://sciencedivine.org/wp-content/uploads/2024/04/IMG-20200818-WA0055.jpg,WordPress REST API: media,,,UNVERIFIED,,,No,IMG-20200818-WA0055,,,image/jpeg,,,,,,,,,,,,,,NOT TESTED,SEO migration lead,Alt text missing/unverified | WP modified: 2024-04-22T12:37:57
https://sciencedivine.org/wp-content/uploads/2024/04/IMG-20200818-WA0064.jpg,https://sciencedivine.org/wp-content/uploads/2024/04/IMG-20200818-WA0064.jpg,WordPress REST API: media,,,UNVERIFIED,,,No,IMG-20200818-WA0064,,,image/jpeg,,,,,,,,,,,,,,NOT TESTED,SEO migration lead,Alt text missing/unverified | WP modified: 2024-04-17T20:15:07
https://sciencedivine.org/wp-content/uploads/2024/04/Mastering-Lifes-Challenges-1-300x287-1.png,https://sciencedivine.org/wp-content/uploads/2024/04/Mastering-Lifes-Challenges-1-300x287-1.png,WordPress REST API: media,,,UNVERIFIED,,,No,Mastering-Lifes-Challenges-1-300&#215;287,,,image/png,,,,,,,,,,,,,,NOT TESTED,SEO migration lead,Alt text missing/unverified | WP modified: 2024-04-29T02:09:09
https://sciencedivine.org/wp-content/uploads/2024/04/pexels-caleboquendo-3023317-scaled.jpg,https://sciencedivine.org/wp-content/uploads/2024/04/pexels-caleboquendo-3023317-scaled.jpg,WordPress REST API: media,,,UNVERIFIED,,,No,pexels-caleboquendo-3023317,,,image/jpeg,,,,,,,,,,,,,,NOT TESTED,SEO migration lead,Alt text missing/unverified | WP modified: 2024-04-17T19:44:49
https://sciencedivine.org/wp-content/uploads/2024/04/pexels-chetanvlad-2923157-1.png,https://sciencedivine.org/wp-content/uploads/2024/04/pexels-chetanvlad-2923157-1.png,WordPress REST API: media,,,UNVERIFIED,,,No,pexels-chetanvlad-2923157 1,,,image/png,,,,,,,,,,,,,,NOT TESTED,SEO migration lead,Alt text missing/unverified | WP modified: 2024-04-17T21:38:19
https://sciencedivine.org/wp-content/uploads/2024/04/pexels-dejongwout-750896-scaled.jpg,https://sciencedivine.org/wp-content/uploads/2024/04/pexels-dejongwout-750896-scaled.jpg,WordPress REST API: media,,,UNVERIFIED,,,No,pexels-dejongwout-750896,,,image/jpeg,,,,,,,,,,,,,,NOT TESTED,SEO migration lead,Alt text missing/unverified | WP modified: 2024-04-17T21:07:32
https://sciencedivine.org/wp-content/uploads/2024/04/pexels-felipe-borges-964530-2597205-1.png,https://sciencedivine.org/wp-content/uploads/2024/04/pexels-felipe-borges-964530-2597205-1.png,WordPress REST API: media,,,UNVERIFIED,,,No,pexels-felipe-borges-964530-2597205 1,,,image/png,,,,,,,,,,,,,,NOT TESTED,SEO migration lead,Alt text missing/unverified | WP modified: 2024-04-17T22:06:11
https://sciencedivine.org/wp-content/uploads/2024/04/pexels-min-an-1234035-1-1.png,https://sciencedivine.org/wp-content/uploads/2024/04/pexels-min-an-1234035-1-1.png,WordPress REST API: media,,,UNVERIFIED,,,No,pexels-min-an-1234035 (1) 1,,,image/png,,,,,,,,,,,,,,NOT TESTED,SEO migration lead,Alt text missing/unverified | WP modified: 2024-04-17T22:36:12
https://sciencedivine.org/wp-content/uploads/2024/04/pexels-noelle-otto-906097-1-1.png,https://sciencedivine.org/wp-content/uploads/2024/04/pexels-noelle-otto-906097-1-1.png,WordPress REST API: media,,,UNVERIFIED,,,No,pexels-noelle-otto-906097 1 (1),,,image/png,,,,,,,,,,,,,,NOT TESTED,SEO migration lead,Alt text missing/unverified | WP modified: 2024-04-18T02:42:46
https://sciencedivine.org/wp-content/uploads/2024/04/png-1.png,https://sciencedivine.org/wp-content/uploads/2024/04/png-1.png,WordPress REST API: media,,,UNVERIFIED,,,No,png (1),,,image/png,,,,,,,,,,,,,,NOT TESTED,SEO migration lead,Alt text missing/unverified | WP modified: 2024-04-28T17:28:59
https://sciencedivine.org/wp-content/uploads/2024/04/rachel-rossitto-5-1024x780-1.jpeg,https://sciencedivine.org/wp-content/uploads/2024/04/rachel-rossitto-5-1024x780-1.jpeg,WordPress REST API: media,,,UNVERIFIED,,,No,rachel-rossitto-5-1024&#215;780,,,image/jpeg,,,,,,,,,,,,,,NOT TESTED,SEO migration lead,Alt text missing/unverified | WP modified: 2024-04-29T02:18:57
https://sciencedivine.org/wp-content/uploads/2024/04/Rectangle-1238.png,https://sciencedivine.org/wp-content/uploads/2024/04/Rectangle-1238.png,WordPress REST API: media,,,UNVERIFIED,,,No,Rectangle 1238,,,image/png,,,,,,,,,,,,,,NOT TESTED,SEO migration lead,Alt text missing/unverified | WP modified: 2024-04-29T01:47:18
https://sciencedivine.org/wp-content/uploads/2024/04/Rectangle-1239.png,https://sciencedivine.org/wp-content/uploads/2024/04/Rectangle-1239.png,WordPress REST API: media,,,UNVERIFIED,,,No,Rectangle 1239,,,image/png,,,,,,,,,,,,,,NOT TESTED,SEO migration lead,Alt text missing/unverified | WP modified: 2024-04-29T01:47:26
https://sciencedivine.org/wp-content/uploads/2024/04/Sage-Clinic_Negative-Thought_Young-depressed-male.jpeg,https://sciencedivine.org/wp-content/uploads/2024/04/Sage-Clinic_Negative-Thought_Young-depressed-male.jpeg,WordPress REST API: media,,,UNVERIFIED,,,No,Sage-Clinic_Negative-Thought_Young-depressed-male,,,image/jpeg,,,,,,,,,,,,,,NOT TESTED,SEO migration lead,Alt text missing/unverified | WP modified: 2024-04-29T02:15:56
https://sciencedivine.org/wp-content/uploads/2024/04/Sakshi-Shree-EXCLUSIVE-1-2.png,https://sciencedivine.org/wp-content/uploads/2024/04/Sakshi-Shree-EXCLUSIVE-1-2.png,WordPress REST API: media,,,UNVERIFIED,,,No,Sakshi Shree EXCLUSIVE (1) 2,,,image/png,,,,,,,,,,,,,,NOT TESTED,SEO migration lead,Alt text missing/unverified | WP modified: 2024-04-24T15:52:12
https://sciencedivine.org/wp-content/uploads/2024/04/Savoye-LET-Plain.ttf,https://sciencedivine.org/wp-content/uploads/2024/04/Savoye-LET-Plain.ttf,WordPress REST API: media,200,,UNVERIFIED,,,No,Savoye LET Plain,,,application/x-font-ttf,,,,,,,,,,,,,,NOT TESTED,SEO migration lead,Alt text missing/unverified | WP modified: 2024-04-06T06:26:53
https://sciencedivine.org/wp-content/uploads/2024/04/Savoye-LET-Plain1.0.ttf,https://sciencedivine.org/wp-content/uploads/2024/04/Savoye-LET-Plain1.0.ttf,WordPress REST API: media,200,,UNVERIFIED,,,No,Savoye LET Plain1.0,,,application/x-font-ttf,,,,,,,,,,,,,,NOT TESTED,SEO migration lead,Alt text missing/unverified | WP modified: 2024-04-06T06:29:23
https://sciencedivine.org/wp-content/uploads/2024/04/Screen-Shot-2024-04-18-at-9.16.56-AM.png,https://sciencedivine.org/wp-content/uploads/2024/04/Screen-Shot-2024-04-18-at-9.16.56-AM.png,WordPress REST API: media,,,UNVERIFIED,,,No,Screen Shot 2024-04-18 at 9.16.56 AM,,,image/png,,,,,,,,,,,,,,NOT TESTED,SEO migration lead,Alt text missing/unverified | WP modified: 2024-04-18T03:47:27
https://sciencedivine.org/wp-content/uploads/2024/04/Screen-Shot-2024-04-28-at-11.44.27-PM.png,https://sciencedivine.org/wp-content/uploads/2024/04/Screen-Shot-2024-04-28-at-11.44.27-PM.png,WordPress REST API: media,,,UNVERIFIED,,,No,Screen Shot 2024-04-28 at 11.44.27 PM,,,image/png,,,,,,,,,,,,,,NOT TESTED,SEO migration lead,Alt text missing/unverified | WP modified: 2024-04-28T18:15:00
https://sciencedivine.org/wp-content/uploads/2024/04/Screen-Shot-2024-04-28-at-11.57.28-PM.png,https://sciencedivine.org/wp-content/uploads/2024/04/Screen-Shot-2024-04-28-at-11.57.28-PM.png,WordPress REST API: media,,,UNVERIFIED,,,No,Screen Shot 2024-04-28 at 11.57.28 PM,,,image/png,,,,,,,,,,,,,,NOT TESTED,SEO migration lead,Alt text missing/unverified | WP modified: 2024-04-28T18:28:22
https://sciencedivine.org/wp-content/uploads/2024/04/Screen-Shot-2024-04-28-at-11.57.39-PM.png,https://sciencedivine.org/wp-content/uploads/2024/04/Screen-Shot-2024-04-28-at-11.57.39-PM.png,WordPress REST API: media,,,UNVERIFIED,,,No,Screen Shot 2024-04-28 at 11.57.39 PM,,,image/png,,,,,,,,,,,,,,NOT TESTED,SEO migration lead,Alt text missing/unverified | WP modified: 2024-04-28T18:28:28
https://sciencedivine.org/wp-content/uploads/2024/04/Screen-Shot-2024-04-28-at-11.57.48-PM.png,https://sciencedivine.org/wp-content/uploads/2024/04/Screen-Shot-2024-04-28-at-11.57.48-PM.png,WordPress REST API: media,,,UNVERIFIED,,,No,Screen Shot 2024-04-28 at 11.57.48 PM,,,image/png,,,,,,,,,,,,,,NOT TESTED,SEO migration lead,Alt text missing/unverified | WP modified: 2024-04-28T18:28:32
https://sciencedivine.org/wp-content/uploads/2024/04/Screen-Shot-2024-04-28-at-11.57.53-PM.png,https://sciencedivine.org/wp-content/uploads/2024/04/Screen-Shot-2024-04-28-at-11.57.53-PM.png,WordPress REST API: media,,,UNVERIFIED,,,No,Screen Shot 2024-04-28 at 11.57.53 PM,,,image/png,,,,,,,,,,,,,,NOT TESTED,SEO migration lead,Alt text missing/unverified | WP modified: 2024-04-28T18:28:36
https://sciencedivine.org/wp-content/uploads/2024/04/Screen-Shot-2024-04-29-at-12.16.25-AM.png,https://sciencedivine.org/wp-content/uploads/2024/04/Screen-Shot-2024-04-29-at-12.16.25-AM.png,WordPress REST API: media,,,UNVERIFIED,,,No,Screen Shot 2024-04-29 at 12.16.25 AM,,,image/png,,,,,,,,,,,,,,NOT TESTED,SEO migration lead,Alt text missing/unverified | WP modified: 2024-04-28T18:47:32
https://sciencedivine.org/wp-content/uploads/2024/04/the-psychology-behind-negative-thoughts.webp,https://sciencedivine.org/wp-content/uploads/2024/04/the-psychology-behind-negative-thoughts.webp,WordPress REST API: media,,,UNVERIFIED,,,No,the-psychology-behind-negative-thoughts,,,image/webp,,,,,,,,,,,,,,NOT TESTED,SEO migration lead,Alt text missing/unverified | WP modified: 2024-04-29T02:16:48
https://sciencedivine.org/wp-content/uploads/2024/04/Tsunami_by_hokusai_19th_century-scaled.jpeg,https://sciencedivine.org/wp-content/uploads/2024/04/Tsunami_by_hokusai_19th_century-scaled.jpeg,WordPress REST API: media,,,UNVERIFIED,,,No,JP1847,,,image/jpeg,,,,,,,,,,,,,,NOT TESTED,SEO migration lead,Alt text missing/unverified | WP modified: 2024-04-03T17:14:45
https://sciencedivine.org/wp-content/uploads/2024/04/Unravelling-the-Power-of-Meditation-1-300x288-1.png,https://sciencedivine.org/wp-content/uploads/2024/04/Unravelling-the-Power-of-Meditation-1-300x288-1.png,WordPress REST API: media,,,UNVERIFIED,,,No,Unravelling-the-Power-of-Meditation-1-300&#215;288 (1),,,image/png,,,,,,,,,,,,,,NOT TESTED,SEO migration lead,Alt text missing/unverified | WP modified: 2024-04-29T02:01:08
https://sciencedivine.org/wp-content/uploads/2024/04/What-Is-Positive-Thinking-300x205-1.png,https://sciencedivine.org/wp-content/uploads/2024/04/What-Is-Positive-Thinking-300x205-1.png,WordPress REST API: media,,,UNVERIFIED,,,No,What-Is-Positive-Thinking-300&#215;205,,,image/png,,,,,,,,,,,,,,NOT TESTED,SEO migration lead,Alt text missing/unverified | WP modified: 2024-04-29T02:12:50
https://sciencedivine.org/wp-content/uploads/2024/05/02_USA_Banner-copy.jpg,https://sciencedivine.org/wp-content/uploads/2024/05/02_USA_Banner-copy.jpg,WordPress REST API: media,,,UNVERIFIED,,,No,02_USA_Banner copy,,,image/jpeg,,,,,,,,,,,,,,NOT TESTED,SEO migration lead,Alt text missing/unverified | WP modified: 2024-05-29T10:00:51
https://sciencedivine.org/wp-content/uploads/2024/05/02USA_Banner-santa-clara-los-angles.jpg,https://sciencedivine.org/wp-content/uploads/2024/05/02USA_Banner-santa-clara-los-angles.jpg,WordPress REST API: media,,,UNVERIFIED,,,No,02USA_Banner-santa-clara-los-angles,,,image/jpeg,,,,,,,,,,,,,,NOT TESTED,SEO migration lead,Alt text missing/unverified | WP modified: 2024-05-30T08:37:13
https://sciencedivine.org/wp-content/uploads/2024/05/16-june-session-1.00_05_02_21.Still001.jpg,https://sciencedivine.org/wp-content/uploads/2024/05/16-june-session-1.00_05_02_21.Still001.jpg,WordPress REST API: media,,,UNVERIFIED,,,No,16 june session 1.00_05_02_21.Still001,,,image/jpeg,,,,,,,,,,,,,,NOT TESTED,SEO migration lead,Alt text missing/unverified | WP modified: 2024-06-03T07:18:06
https://sciencedivine.org/wp-content/uploads/2024/05/16-june-session-1.00_08_56_05.Still002.jpg,https://sciencedivine.org/wp-content/uploads/2024/05/16-june-session-1.00_08_56_05.Still002.jpg,WordPress REST API: media,,,UNVERIFIED,,,No,16 june session 1.00_08_56_05.Still002,,,image/jpeg,,,,,,,,,,,,,,NOT TESTED,SEO migration lead,Alt text missing/unverified | WP modified: 2024-06-03T07:18:17
https://sciencedivine.org/wp-content/uploads/2024/05/17-june-session-2.08_40_59_09.Still001.jpg,https://sciencedivine.org/wp-content/uploads/2024/05/17-june-session-2.08_40_59_09.Still001.jpg,WordPress REST API: media,,,UNVERIFIED,,,No,,,,image/jpeg,,,,,,,,,,,,,,NOT TESTED,SEO migration lead,Alt text missing/unverified | WP modified: 2024-06-03T07:36:23
https://sciencedivine.org/wp-content/uploads/2024/05/17-june-session-2.08_47_27_23.Still002.jpg,https://sciencedivine.org/wp-content/uploads/2024/05/17-june-session-2.08_47_27_23.Still002.jpg,WordPress REST API: media,,,UNVERIFIED,,,No,17 june session 2.08_47_27_23.Still002,,,image/jpeg,,,,,,,,,,,,,,NOT TESTED,SEO migration lead,Alt text missing/unverified | WP modified: 2024-06-03T07:18:34
https://sciencedivine.org/wp-content/uploads/2024/05/18-june-session1.00_39_38_21.Still004.jpg,https://sciencedivine.org/wp-content/uploads/2024/05/18-june-session1.00_39_38_21.Still004.jpg,WordPress REST API: media,,,UNVERIFIED,,,No,18 june session1.00_39_38_21.Still004,,,image/jpeg,,,,,,,,,,,,,,NOT TESTED,SEO migration lead,Alt text missing/unverified | WP modified: 2024-06-03T07:19:04
https://sciencedivine.org/wp-content/uploads/2024/05/18-june-session1.00_40_30_12.Still005.jpg,https://sciencedivine.org/wp-content/uploads/2024/05/18-june-session1.00_40_30_12.Still005.jpg,WordPress REST API: media,,,UNVERIFIED,,,No,,,,image/jpeg,,,,,,,,,,,,,,NOT TESTED,SEO migration lead,Alt text missing/unverified | WP modified: 2024-06-03T07:36:26
https://sciencedivine.org/wp-content/uploads/2024/05/18-june-session1.01_38_43_12.Still006.jpg,https://sciencedivine.org/wp-content/uploads/2024/05/18-june-session1.01_38_43_12.Still006.jpg,WordPress REST API: media,,,UNVERIFIED,,,No,,,,image/jpeg,,,,,,,,,,,,,,NOT TESTED,SEO migration lead,Alt text missing/unverified | WP modified: 2024-06-03T07:36:29
https://sciencedivine.org/wp-content/uploads/2024/05/18-june-session1.02_13_10_13.Still007.jpg,https://sciencedivine.org/wp-content/uploads/2024/05/18-june-session1.02_13_10_13.Still007.jpg,WordPress REST API: media,,,UNVERIFIED,,,No,,,,image/jpeg,,,,,,,,,,,,,,NOT TESTED,SEO migration lead,Alt text missing/unverified | WP modified: 2024-06-03T07:37:01
https://sciencedivine.org/wp-content/uploads/2024/05/18-june-session1.02_13_17_22.Still009.jpg,https://sciencedivine.org/wp-content/uploads/2024/05/18-june-session1.02_13_17_22.Still009.jpg,WordPress REST API: media,,,UNVERIFIED,,,No,,,,image/jpeg,,,,,,,,,,,,,,NOT TESTED,SEO migration lead,Alt text missing/unverified | WP modified: 2024-06-03T07:36:58
https://sciencedivine.org/wp-content/uploads/2024/05/18-june-session1.02_13_50_19.Still008.jpg,https://sciencedivine.org/wp-content/uploads/2024/05/18-june-session1.02_13_50_19.Still008.jpg,WordPress REST API: media,,,UNVERIFIED,,,No,,,,image/jpeg,,,,,,,,,,,,,,NOT TESTED,SEO migration lead,Alt text missing/unverified | WP modified: 2024-06-03T07:36:54
https://sciencedivine.org/wp-content/uploads/2024/05/18-june-session1.02_14_07_24.Still011.jpg,https://sciencedivine.org/wp-content/uploads/2024/05/18-june-session1.02_14_07_24.Still011.jpg,WordPress REST API: media,,,UNVERIFIED,,,No,,,,image/jpeg,,,,,,,,,,,,,,NOT TESTED,SEO migration lead,Alt text missing/unverified | WP modified: 2024-06-03T07:36:46
https://sciencedivine.org/wp-content/uploads/2024/05/18-june-session1.02_14_10_24.Still010.jpg,https://sciencedivine.org/wp-content/uploads/2024/05/18-june-session1.02_14_10_24.Still010.jpg,WordPress REST API: media,,,UNVERIFIED,,,No,,,,image/jpeg,,,,,,,,,,,,,,NOT TESTED,SEO migration lead,Alt text missing/unverified | WP modified: 2024-06-03T07:36:49
https://sciencedivine.org/wp-content/uploads/2024/05/aboutsakshishree.jpg,https://sciencedivine.org/wp-content/uploads/2024/05/aboutsakshishree.jpg,WordPress REST API: media,,,UNVERIFIED,,,No,aboutsakshishree,,,image/jpeg,,,,,,,,,,,,,,NOT TESTED,SEO migration lead,Alt text missing/unverified | WP modified: 2024-05-31T09:01:17
https://sciencedivine.org/wp-content/uploads/2024/05/Academic-Growth.png,https://sciencedivine.org/wp-content/uploads/2024/05/Academic-Growth.png,WordPress REST API: media,,,UNVERIFIED,,,No,Academic Growth,,,image/png,,,,,,,,,,,,,,NOT TESTED,SEO migration lead,Alt text missing/unverified | WP modified: 2024-05-17T06:32:10
https://sciencedivine.org/wp-content/uploads/2024/05/Anixety-1.png,https://sciencedivine.org/wp-content/uploads/2024/05/Anixety-1.png,WordPress REST API: media,,,UNVERIFIED,,,No,Anixety,,,image/png,,,,,,,,,,,,,,NOT TESTED,SEO migration lead,Alt text missing/unverified | WP modified: 2024-05-03T09:26:50
https://sciencedivine.org/wp-content/uploads/2024/05/Creating-a-Balance.png,https://sciencedivine.org/wp-content/uploads/2024/05/Creating-a-Balance.png,WordPress REST API: media,,,UNVERIFIED,,,No,Creating a Balance,,,image/png,,,,,,,,,,,,,,NOT TESTED,SEO migration lead,Alt text missing/unverified | WP modified: 2024-05-17T06:33:26
https://sciencedivine.org/wp-content/uploads/2024/05/Depression.png,https://sciencedivine.org/wp-content/uploads/2024/05/Depression.png,WordPress REST API: media,,,UNVERIFIED,,,No,Depression,,,image/png,,,,,,,,,,,,,,NOT TESTED,SEO migration lead,Alt text missing/unverified | WP modified: 2024-05-03T09:26:54
https://sciencedivine.org/wp-content/uploads/2024/05/Design-Your-Destiny-copy.jpg,https://sciencedivine.org/wp-content/uploads/2024/05/Design-Your-Destiny-copy.jpg,WordPress REST API: media,,,UNVERIFIED,,,No,Design Your Destiny copy,,,image/jpeg,,,,,,,,,,,,,,NOT TESTED,SEO migration lead,Alt text missing/unverified | WP modified: 2024-05-08T10:59:57
https://sciencedivine.org/wp-content/uploads/2024/05/DJI_0513-scaled.jpg,https://sciencedivine.org/wp-content/uploads/2024/05/DJI_0513-scaled.jpg,WordPress REST API: media,,,UNVERIFIED,,,No,DCIM100MEDIADJI_0513.JPG,,,image/jpeg,,,,,,,,,,,,,,NOT TESTED,SEO migration lead,Alt text missing/unverified | WP modified: 2024-06-03T09:02:50
https://sciencedivine.org/wp-content/uploads/2024/05/DJI_0554.jpg,https://sciencedivine.org/wp-content/uploads/2024/05/DJI_0554.jpg,WordPress REST API: media,,,UNVERIFIED,,,No,DCIM100MEDIADJI_0554.JPG,,,image/jpeg,,,,,,,,,,,,,,NOT TESTED,SEO migration lead,Alt text missing/unverified | WP modified: 2024-06-03T09:04:03
https://sciencedivine.org/wp-content/uploads/2024/05/DJI_0589-scaled.jpg,https://sciencedivine.org/wp-content/uploads/2024/05/DJI_0589-scaled.jpg,WordPress REST API: media,,,UNVERIFIED,,,No,DCIM100MEDIADJI_0589.JPG,,,image/jpeg,,,,,,,,,,,,,,NOT TESTED,SEO migration lead,Alt text missing/unverified | WP modified: 2024-06-03T09:04:53
https://sciencedivine.org/wp-content/uploads/2024/05/DJI_0619.jpg,https://sciencedivine.org/wp-content/uploads/2024/05/DJI_0619.jpg,WordPress REST API: media,,,UNVERIFIED,,,No,DCIM100MEDIADJI_0619.JPG,,,image/jpeg,,,,,,,,,,,,,,NOT TESTED,SEO migration lead,Alt text missing/unverified | WP modified: 2024-06-03T09:06:04
https://sciencedivine.org/wp-content/uploads/2024/05/DJI_0640-scaled.jpg,https://sciencedivine.org/wp-content/uploads/2024/05/DJI_0640-scaled.jpg,WordPress REST API: media,,,UNVERIFIED,,,No,DCIM100MEDIADJI_0640.JPG,,,image/jpeg,,,,,,,,,,,,,,NOT TESTED,SEO migration lead,Alt text missing/unverified | WP modified: 2024-06-03T09:06:26
https://sciencedivine.org/wp-content/uploads/2024/05/DJI_0651.jpg,https://sciencedivine.org/wp-content/uploads/2024/05/DJI_0651.jpg,WordPress REST API: media,,,UNVERIFIED,,,No,DCIM100MEDIADJI_0651.JPG,,,image/jpeg,,,,,,,,,,,,,,NOT TESTED,SEO migration lead,Alt text missing/unverified | WP modified: 2024-06-03T09:07:39
https://sciencedivine.org/wp-content/uploads/2024/05/DJI_0689-scaled.jpg,https://sciencedivine.org/wp-content/uploads/2024/05/DJI_0689-scaled.jpg,WordPress REST API: media,,,UNVERIFIED,,,No,DCIM100MEDIADJI_0689.JPG,,,image/jpeg,,,,,,,,,,,,,,NOT TESTED,SEO migration lead,Alt text missing/unverified | WP modified: 2024-06-03T09:08:16
https://sciencedivine.org/wp-content/uploads/2024/05/DJI_0897.jpg,https://sciencedivine.org/wp-content/uploads/2024/05/DJI_0897.jpg,WordPress REST API: media,,,UNVERIFIED,,,No,DCIM100MEDIADJI_0897.JPG,,,image/jpeg,,,,,,,,,,,,,,NOT TESTED,SEO migration lead,Alt text missing/unverified | WP modified: 2024-06-03T09:09:21
https://sciencedivine.org/wp-content/uploads/2024/05/DJI_0928-scaled.jpg,https://sciencedivine.org/wp-content/uploads/2024/05/DJI_0928-scaled.jpg,WordPress REST API: media,,,UNVERIFIED,,,No,DCIM100MEDIADJI_0928.JPG,,,image/jpeg,,,,,,,,,,,,,,NOT TESTED,SEO migration lead,Alt text missing/unverified | WP modified: 2024-06-03T09:10:15
https://sciencedivine.org/wp-content/uploads/2024/05/DJI_0942.jpg,https://sciencedivine.org/wp-content/uploads/2024/05/DJI_0942.jpg,WordPress REST API: media,,,UNVERIFIED,,,No,DCIM100MEDIADJI_0942.JPG,,,image/jpeg,,,,,,,,,,,,,,NOT TESTED,SEO migration lead,Alt text missing/unverified | WP modified: 2024-06-03T09:11:23
https://sciencedivine.org/wp-content/uploads/2024/05/DJI_0949.jpg,https://sciencedivine.org/wp-content/uploads/2024/05/DJI_0949.jpg,WordPress REST API: media,,,UNVERIFIED,,,No,DCIM100MEDIADJI_0949.JPG,,,image/jpeg,,,,,,,,,,,,,,NOT TESTED,SEO migration lead,Alt text missing/unverified | WP modified: 2024-06-03T09:12:29
https://sciencedivine.org/wp-content/uploads/2024/05/DJI_0961.jpg,https://sciencedivine.org/wp-content/uploads/2024/05/DJI_0961.jpg,WordPress REST API: media,,,UNVERIFIED,,,No,DCIM100MEDIADJI_0961.JPG,,,image/jpeg,,,,,,,,,,,,,,NOT TESTED,SEO migration lead,Alt text missing/unverified | WP modified: 2024-06-03T09:13:36
https://sciencedivine.org/wp-content/uploads/2024/05/facebook-app-round-white-icon.svg,https://sciencedivine.org/wp-content/uploads/2024/05/facebook-app-round-white-icon.svg,WordPress REST API: media,,,UNVERIFIED,,,No,facebook-app-round-white-icon,,,image/svg+xml,,,,,,,,,,,,,,NOT TESTED,SEO migration lead,Alt text missing/unverified | WP modified: 2024-05-06T10:18:09
https://sciencedivine.org/wp-content/uploads/2024/05/IMG_0136-scaled.jpg,https://sciencedivine.org/wp-content/uploads/2024/05/IMG_0136-scaled.jpg,WordPress REST API: media,,,UNVERIFIED,,,No,,,,image/jpeg,,,,,,,,,,,,,,NOT TESTED,SEO migration lead,Alt text missing/unverified | WP modified: 2024-06-03T07:36:13
https://sciencedivine.org/wp-content/uploads/2024/05/IMG_0183-scaled.jpg,https://sciencedivine.org/wp-content/uploads/2024/05/IMG_0183-scaled.jpg,WordPress REST API: media,,,UNVERIFIED,,,No,,,,image/jpeg,,,,,,,,,,,,,,NOT TESTED,SEO migration lead,Alt text missing/unverified | WP modified: 2024-06-03T07:36:15
https://sciencedivine.org/wp-content/uploads/2024/05/IMG_0320-scaled.jpg,https://sciencedivine.org/wp-content/uploads/2024/05/IMG_0320-scaled.jpg,WordPress REST API: media,,,UNVERIFIED,,,No,IMG_0320,,,image/jpeg,,,,,,,,,,,,,,NOT TESTED,SEO migration lead,Alt text missing/unverified | WP modified: 2024-05-06T13:06:30
https://sciencedivine.org/wp-content/uploads/2024/05/IMG_0329-scaled.jpg,https://sciencedivine.org/wp-content/uploads/2024/05/IMG_0329-scaled.jpg,WordPress REST API: media,,,UNVERIFIED,,,No,,,,image/jpeg,,,,,,,,,,,,,,NOT TESTED,SEO migration lead,Alt text missing/unverified | WP modified: 2024-06-03T07:36:17
https://sciencedivine.org/wp-content/uploads/2024/05/IMG_0334.jpg,https://sciencedivine.org/wp-content/uploads/2024/05/IMG_0334.jpg,WordPress REST API: media,,,UNVERIFIED,,,No,,,,image/jpeg,,,,,,,,,,,,,,NOT TESTED,SEO migration lead,Alt text missing/unverified | WP modified: 2024-06-03T07:37:04
https://sciencedivine.org/wp-content/uploads/2024/05/IMG_0398-scaled.jpg,https://sciencedivine.org/wp-content/uploads/2024/05/IMG_0398-scaled.jpg,WordPress REST API: media,,,UNVERIFIED,,,No,,,,image/jpeg,,,,,,,,,,,,,,NOT TESTED,SEO migration lead,Alt text missing/unverified | WP modified: 2024-06-03T07:36:19
https://sciencedivine.org/wp-content/uploads/2024/05/IMG_1586-scaled.jpg,https://sciencedivine.org/wp-content/uploads/2024/05/IMG_1586-scaled.jpg,WordPress REST API: media,,,UNVERIFIED,,,No,,,,image/jpeg,,,,,,,,,,,,,,NOT TESTED,SEO migration lead,Alt text missing/unverified | WP modified: 2025-03-15T16:10:23
https://sciencedivine.org/wp-content/uploads/2024/05/IMG_1601-scaled.jpg,https://sciencedivine.org/wp-content/uploads/2024/05/IMG_1601-scaled.jpg,WordPress REST API: media,,,UNVERIFIED,,,No,,,,image/jpeg,,,,,,,,,,,,,,NOT TESTED,SEO migration lead,Alt text missing/unverified | WP modified: 2024-06-03T07:37:09
https://sciencedivine.org/wp-content/uploads/2024/05/IMG_20240420_134241288-scaled.jpg,https://sciencedivine.org/wp-content/uploads/2024/05/IMG_20240420_134241288-scaled.jpg,WordPress REST API: media,,,UNVERIFIED,,,No,IMG_20240420_134241288,,,image/jpeg,,,,,,,,,,,,,,NOT TESTED,SEO migration lead,Alt text missing/unverified | WP modified: 2024-05-06T13:09:41
https://sciencedivine.org/wp-content/uploads/2024/05/IMG_20240420_144007390-scaled.jpg,https://sciencedivine.org/wp-content/uploads/2024/05/IMG_20240420_144007390-scaled.jpg,WordPress REST API: media,,,UNVERIFIED,,,No,IMG_20240420_144007390,,,image/jpeg,,,,,,,,,,,,,,NOT TESTED,SEO migration lead,Alt text missing/unverified | WP modified: 2024-05-06T12:39:04
https://sciencedivine.org/wp-content/uploads/2024/05/IMG_20240423_162148-scaled.jpg,https://sciencedivine.org/wp-content/uploads/2024/05/IMG_20240423_162148-scaled.jpg,WordPress REST API: media,,,UNVERIFIED,,,No,IMG_20240423_162148,,,image/jpeg,,,,,,,,,,,,,,NOT TESTED,SEO migration lead,Alt text missing/unverified | WP modified: 2024-05-06T13:20:03
https://sciencedivine.org/wp-content/uploads/2024/05/Impact-of-Spirituality.png,https://sciencedivine.org/wp-content/uploads/2024/05/Impact-of-Spirituality.png,WordPress REST API: media,,,UNVERIFIED,,,No,Impact of Spirituality,,,image/png,,,,,,,,,,,,,,NOT TESTED,SEO migration lead,Alt text missing/unverified | WP modified: 2024-05-17T06:33:03
https://sciencedivine.org/wp-content/uploads/2024/05/Increased-Creativity.png,https://sciencedivine.org/wp-content/uploads/2024/05/Increased-Creativity.png,WordPress REST API: media,,,UNVERIFIED,,,No,Increased Creativity,,,image/png,,,,,,,,,,,,,,NOT TESTED,SEO migration lead,Alt text missing/unverified | WP modified: 2024-05-17T06:32:46
https://sciencedivine.org/wp-content/uploads/2024/05/linkedin-app-white-icon.svg,https://sciencedivine.org/wp-content/uploads/2024/05/linkedin-app-white-icon.svg,WordPress REST API: media,,,UNVERIFIED,,,No,linkedin-app-white-icon,,,image/svg+xml,,,,,,,,,,,,,,NOT TESTED,SEO migration lead,Alt text missing/unverified | WP modified: 2024-05-06T10:18:51
https://sciencedivine.org/wp-content/uploads/2024/05/Los-Angles-USA-Banner.jpg,https://sciencedivine.org/wp-content/uploads/2024/05/Los-Angles-USA-Banner.jpg,WordPress REST API: media,,,UNVERIFIED,,,No,Los Angles USA Banner,,,image/jpeg,,,,,,,,,,,,,,NOT TESTED,SEO migration lead,Alt text missing/unverified | WP modified: 2024-05-17T06:02:15
https://sciencedivine.org/wp-content/uploads/2024/05/one-day-event-kasganj.jpg,https://sciencedivine.org/wp-content/uploads/2024/05/one-day-event-kasganj.jpg,WordPress REST API: media,,,UNVERIFIED,,,No,one-day-event-kasganj,,,image/jpeg,,,,,,,,,,,,,,NOT TESTED,SEO migration lead,Alt text missing/unverified | WP modified: 2024-05-06T12:51:05
https://sciencedivine.org/wp-content/uploads/2024/05/Overthinking.png,https://sciencedivine.org/wp-content/uploads/2024/05/Overthinking.png,WordPress REST API: media,,,UNVERIFIED,,,No,Overthinking,,,image/png,,,,,,,,,,,,,,NOT TESTED,SEO migration lead,Alt text missing/unverified | WP modified: 2024-05-03T09:26:59
https://sciencedivine.org/wp-content/uploads/2024/05/Parenting.png,https://sciencedivine.org/wp-content/uploads/2024/05/Parenting.png,WordPress REST API: media,,,UNVERIFIED,,,No,Parenting,,,image/png,,,,,,,,,,,,,,NOT TESTED,SEO migration lead,Alt text missing/unverified | WP modified: 2024-05-03T09:27:02
https://sciencedivine.org/wp-content/uploads/2024/05/Rajnath-Singh.png,https://sciencedivine.org/wp-content/uploads/2024/05/Rajnath-Singh.png,WordPress REST API: media,,,UNVERIFIED,,,No,Rajnath-Singh,,,image/png,,,,,,,,,,,,,,NOT TESTED,SEO migration lead,Alt text missing/unverified | WP modified: 2024-05-03T06:49:24
https://sciencedivine.org/wp-content/uploads/2024/05/ram-jhula-01.jpg,https://sciencedivine.org/wp-content/uploads/2024/05/ram-jhula-01.jpg,WordPress REST API: media,,,UNVERIFIED,,,No,Sakshi Sadhana Shivir,,,image/jpeg,,,,,,,,,,,,,,NOT TESTED,SEO migration lead,Alt: Ram Jhula Rishikesh | WP modified: 2024-05-01T10:38:51
https://sciencedivine.org/wp-content/uploads/2024/05/Rectangle-100-1.png,https://sciencedivine.org/wp-content/uploads/2024/05/Rectangle-100-1.png,WordPress REST API: media,,,UNVERIFIED,,,No,Rectangle 100,,,image/png,,,,,,,,,,,,,,NOT TESTED,SEO migration lead,Alt text missing/unverified | WP modified: 2024-05-16T14:09:51
https://sciencedivine.org/wp-content/uploads/2024/05/Rectangle-100.png,https://sciencedivine.org/wp-content/uploads/2024/05/Rectangle-100.png,WordPress REST API: media,,,UNVERIFIED,,,No,Rectangle 100,,,image/png,,,,,,,,,,,,,,NOT TESTED,SEO migration lead,Alt text missing/unverified | WP modified: 2024-05-15T16:54:34
https://sciencedivine.org/wp-content/uploads/2024/05/Rectangle-97-1.png,https://sciencedivine.org/wp-content/uploads/2024/05/Rectangle-97-1.png,WordPress REST API: media,,,UNVERIFIED,,,No,Rectangle 97,,,image/png,,,,,,,,,,,,,,NOT TESTED,SEO migration lead,Alt text missing/unverified | WP modified: 2024-05-16T14:09:34
https://sciencedivine.org/wp-content/uploads/2024/05/Rectangle-97.png,https://sciencedivine.org/wp-content/uploads/2024/05/Rectangle-97.png,WordPress REST API: media,,,UNVERIFIED,,,No,Rectangle 97,,,image/png,,,,,,,,,,,,,,NOT TESTED,SEO migration lead,Alt text missing/unverified | WP modified: 2024-05-15T16:54:07
https://sciencedivine.org/wp-content/uploads/2024/05/Rectangle-98-1.png,https://sciencedivine.org/wp-content/uploads/2024/05/Rectangle-98-1.png,WordPress REST API: media,,,UNVERIFIED,,,No,Rectangle 98,,,image/png,,,,,,,,,,,,,,NOT TESTED,SEO migration lead,Alt text missing/unverified | WP modified: 2024-05-16T14:09:42
https://sciencedivine.org/wp-content/uploads/2024/05/Rectangle-98.png,https://sciencedivine.org/wp-content/uploads/2024/05/Rectangle-98.png,WordPress REST API: media,,,UNVERIFIED,,,No,Rectangle 98,,,image/png,,,,,,,,,,,,,,NOT TESTED,SEO migration lead,Alt text missing/unverified | WP modified: 2024-05-15T16:54:19
https://sciencedivine.org/wp-content/uploads/2024/05/Reducing-Anxiety.png,https://sciencedivine.org/wp-content/uploads/2024/05/Reducing-Anxiety.png,WordPress REST API: media,,,UNVERIFIED,,,No,Reducing Anxiety,,,image/png,,,,,,,,,,,,,,NOT TESTED,SEO migration lead,Alt text missing/unverified | WP modified: 2024-05-17T06:32:27
https://sciencedivine.org/wp-content/uploads/2024/05/Relationships.png,https://sciencedivine.org/wp-content/uploads/2024/05/Relationships.png,WordPress REST API: media,,,UNVERIFIED,,,No,Relationships,,,image/png,,,,,,,,,,,,,,NOT TESTED,SEO migration lead,Alt text missing/unverified | WP modified: 2024-05-03T09:27:06
https://sciencedivine.org/wp-content/uploads/2024/05/sciencedivinefoundationbanner.jpg,https://sciencedivine.org/wp-content/uploads/2024/05/sciencedivinefoundationbanner.jpg,WordPress REST API: media,,,UNVERIFIED,,,No,sciencedivinefoundationbanner,,,image/jpeg,,,,,,,,,,,,,,NOT TESTED,SEO migration lead,Alt text missing/unverified | WP modified: 2024-05-29T09:42:47
https://sciencedivine.org/wp-content/uploads/2024/05/Sequence-20.00_14_26_14.Still001.jpg,https://sciencedivine.org/wp-content/uploads/2024/05/Sequence-20.00_14_26_14.Still001.jpg,WordPress REST API: media,,,UNVERIFIED,,,No,Sequence 20.00_14_26_14.Still001,,,image/jpeg,,,,,,,,,,,,,,NOT TESTED,SEO migration lead,Alt text missing/unverified | WP modified: 2024-06-03T07:23:12
https://sciencedivine.org/wp-content/uploads/2024/05/Sequence-20.00_27_16_08.Still002.jpg,https://sciencedivine.org/wp-content/uploads/2024/05/Sequence-20.00_27_16_08.Still002.jpg,WordPress REST API: media,,,UNVERIFIED,,,No,,,,image/jpeg,,,,,,,,,,,,,,NOT TESTED,SEO migration lead,Alt text missing/unverified | WP modified: 2024-06-03T07:36:40
https://sciencedivine.org/wp-content/uploads/2024/05/Sequence-20.00_38_57_17.Still003.jpg,https://sciencedivine.org/wp-content/uploads/2024/05/Sequence-20.00_38_57_17.Still003.jpg,WordPress REST API: media,,,UNVERIFIED,,,No,,,,image/jpeg,,,,,,,,,,,,,,NOT TESTED,SEO migration lead,Alt text missing/unverified | WP modified: 2024-06-03T07:36:32
https://sciencedivine.org/wp-content/uploads/2024/05/Sequence-20.00_40_14_23.Still004.jpg,https://sciencedivine.org/wp-content/uploads/2024/05/Sequence-20.00_40_14_23.Still004.jpg,WordPress REST API: media,,,UNVERIFIED,,,No,,,,image/jpeg,,,,,,,,,,,,,,NOT TESTED,SEO migration lead,Alt text missing/unverified | WP modified: 2024-06-03T07:36:43
https://sciencedivine.org/wp-content/uploads/2024/05/Sequence-20.00_41_56_21.Still005.jpg,https://sciencedivine.org/wp-content/uploads/2024/05/Sequence-20.00_41_56_21.Still005.jpg,WordPress REST API: media,,,UNVERIFIED,,,No,,,,image/jpeg,,,,,,,,,,,,,,NOT TESTED,SEO migration lead,Alt text missing/unverified | WP modified: 2024-06-03T07:36:37
https://sciencedivine.org/wp-content/uploads/2024/05/shikshasewa-banner.jpg,https://sciencedivine.org/wp-content/uploads/2024/05/shikshasewa-banner.jpg,WordPress REST API: media,,,UNVERIFIED,,,No,shikshasewa-banner,,,image/jpeg,,,,,,,,,,,,,,NOT TESTED,SEO migration lead,Alt text missing/unverified | WP modified: 2024-05-13T08:55:09
https://sciencedivine.org/wp-content/uploads/2024/05/Sliping-Disorder.png,https://sciencedivine.org/wp-content/uploads/2024/05/Sliping-Disorder.png,WordPress REST API: media,,,UNVERIFIED,,,No,Sliping-Disorder,,,image/png,,,,,,,,,,,,,,NOT TESTED,SEO migration lead,Alt text missing/unverified | WP modified: 2024-05-03T11:23:20
https://sciencedivine.org/wp-content/uploads/2024/05/Spiritualitys-Role-in-Healing.png,https://sciencedivine.org/wp-content/uploads/2024/05/Spiritualitys-Role-in-Healing.png,WordPress REST API: media,,,UNVERIFIED,,,No,Spiritualitys Role in Healing,,,image/png,,,,,,,,,,,,,,NOT TESTED,SEO migration lead,Alt text missing/unverified | WP modified: 2024-05-18T09:50:04
https://sciencedivine.org/wp-content/uploads/2024/05/USA_Banner-los-angles-santa-clara.jpg,https://sciencedivine.org/wp-content/uploads/2024/05/USA_Banner-los-angles-santa-clara.jpg,WordPress REST API: media,,,UNVERIFIED,,,No,USA_Banner los angles santa clara,,,image/jpeg,,,,,,,,,,,,,,NOT TESTED,SEO migration lead,Alt text missing/unverified | WP modified: 2024-05-29T12:39:10
https://sciencedivine.org/wp-content/uploads/2024/05/USA_Banner.jpg,https://sciencedivine.org/wp-content/uploads/2024/05/USA_Banner.jpg,WordPress REST API: media,,,UNVERIFIED,,,No,USA_Banner,,,image/jpeg,,,,,,,,,,,,,,NOT TESTED,SEO migration lead,Alt text missing/unverified | WP modified: 2024-05-15T10:47:38
https://sciencedivine.org/wp-content/uploads/2024/05/Vikram-Sampath.png,https://sciencedivine.org/wp-content/uploads/2024/05/Vikram-Sampath.png,WordPress REST API: media,,,UNVERIFIED,,,No,Vikram-Sampath,,,image/png,,,,,,,,,,,,,,NOT TESTED,SEO migration lead,Alt text missing/unverified | WP modified: 2024-05-03T06:49:27
https://sciencedivine.org/wp-content/uploads/2024/05/WhatsApp-Image-2024-05-01-at-12.54.31-PM.jpeg,https://sciencedivine.org/wp-content/uploads/2024/05/WhatsApp-Image-2024-05-01-at-12.54.31-PM.jpeg,WordPress REST API: media,,,UNVERIFIED,,,No,Rishikesh,,,image/jpeg,,,,,,,,,,,,,,NOT TESTED,SEO migration lead,Alt: Rishikesh | WP modified: 2024-05-01T10:53:59
https://sciencedivine.org/wp-content/uploads/2024/05/wwwwwwwww.png,https://sciencedivine.org/wp-content/uploads/2024/05/wwwwwwwww.png,WordPress REST API: media,,,UNVERIFIED,,,No,wwwwwwwww,,,image/png,,,,,,,,,,,,,,NOT TESTED,SEO migration lead,Alt text missing/unverified | WP modified: 2024-05-03T12:53:16
https://sciencedivine.org/wp-content/uploads/2024/05/x-social-media-black-icon.svg,https://sciencedivine.org/wp-content/uploads/2024/05/x-social-media-black-icon.svg,WordPress REST API: media,,,UNVERIFIED,,,No,x-social-media-black-icon,,,image/svg+xml,,,,,,,,,,,,,,NOT TESTED,SEO migration lead,Alt text missing/unverified | WP modified: 2024-05-06T10:11:50
https://sciencedivine.org/wp-content/uploads/2024/06/Akums-Drugs-Pharmaceuticals-Ltd.png,https://sciencedivine.org/wp-content/uploads/2024/06/Akums-Drugs-Pharmaceuticals-Ltd.png,WordPress REST API: media,,,UNVERIFIED,,,No,Akums Drugs &#038; Pharmaceuticals Ltd.,,,image/png,,,,,,,,,,,,,,NOT TESTED,SEO migration lead,Alt text missing/unverified | WP modified: 2024-06-01T08:15:10
https://sciencedivine.org/wp-content/uploads/2024/06/art-offfff.png,https://sciencedivine.org/wp-content/uploads/2024/06/art-offfff.png,WordPress REST API: media,,,UNVERIFIED,,,No,art-offfff,,,image/png,,,,,,,,,,,,,,NOT TESTED,SEO migration lead,Alt text missing/unverified | WP modified: 2024-06-22T13:09:44
https://sciencedivine.org/wp-content/uploads/2024/06/Dheeraj-testiii.png,https://sciencedivine.org/wp-content/uploads/2024/06/Dheeraj-testiii.png,WordPress REST API: media,,,UNVERIFIED,,,No,Dheeraj-testiii,,,image/png,,,,,,,,,,,,,,NOT TESTED,SEO migration lead,Alt text missing/unverified | WP modified: 2024-06-22T13:40:55
https://sciencedivine.org/wp-content/uploads/2024/06/Discover-Meditative-Science.png,https://sciencedivine.org/wp-content/uploads/2024/06/Discover-Meditative-Science.png,WordPress REST API: media,,,UNVERIFIED,,,No,Discover Meditative Science,,,image/png,,,,,,,,,,,,,,NOT TESTED,SEO migration lead,Alt text missing/unverified | WP modified: 2024-06-25T06:57:07
https://sciencedivine.org/wp-content/uploads/2024/06/DJI_0133.jpg,https://sciencedivine.org/wp-content/uploads/2024/06/DJI_0133.jpg,WordPress REST API: media,,,UNVERIFIED,,,No,DCIM101MEDIADJI_0133.JPG,,,image/jpeg,,,,,,,,,,,,,,NOT TESTED,SEO migration lead,Alt text missing/unverified | WP modified: 2024-06-03T09:57:51
https://sciencedivine.org/wp-content/uploads/2024/06/DJI_0134.jpg,https://sciencedivine.org/wp-content/uploads/2024/06/DJI_0134.jpg,WordPress REST API: media,,,UNVERIFIED,,,No,DCIM101MEDIADJI_0134.JPG,,,image/jpeg,,,,,,,,,,,,,,NOT TESTED,SEO migration lead,Alt text missing/unverified | WP modified: 2024-06-03T09:57:59
https://sciencedivine.org/wp-content/uploads/2024/06/DJI_0142-scaled.jpg,https://sciencedivine.org/wp-content/uploads/2024/06/DJI_0142-scaled.jpg,WordPress REST API: media,,,UNVERIFIED,,,No,DCIM101MEDIADJI_0142.JPG,,,image/jpeg,,,,,,,,,,,,,,NOT TESTED,SEO migration lead,Alt text missing/unverified | WP modified: 2024-06-03T09:58:38
https://sciencedivine.org/wp-content/uploads/2024/06/DJI_0152-scaled.jpg,https://sciencedivine.org/wp-content/uploads/2024/06/DJI_0152-scaled.jpg,WordPress REST API: media,,,UNVERIFIED,,,No,DCIM101MEDIADJI_0152.JPG,,,image/jpeg,,,,,,,,,,,,,,NOT TESTED,SEO migration lead,Alt text missing/unverified | WP modified: 2024-06-03T09:42:02
https://sciencedivine.org/wp-content/uploads/2024/06/DJI_0154-scaled.jpg,https://sciencedivine.org/wp-content/uploads/2024/06/DJI_0154-scaled.jpg,WordPress REST API: media,,,UNVERIFIED,,,No,DCIM101MEDIADJI_0154.JPG,,,image/jpeg,,,,,,,,,,,,,,NOT TESTED,SEO migration lead,Alt text missing/unverified | WP modified: 2024-06-03T09:43:49
https://sciencedivine.org/wp-content/uploads/2024/06/DJI_0169-scaled.jpg,https://sciencedivine.org/wp-content/uploads/2024/06/DJI_0169-scaled.jpg,WordPress REST API: media,,,UNVERIFIED,,,No,DCIM101MEDIADJI_0169.JPG,,,image/jpeg,,,,,,,,,,,,,,NOT TESTED,SEO migration lead,Alt text missing/unverified | WP modified: 2024-06-03T09:45:40
https://sciencedivine.org/wp-content/uploads/2024/06/DJI_0203.jpg,https://sciencedivine.org/wp-content/uploads/2024/06/DJI_0203.jpg,WordPress REST API: media,,,UNVERIFIED,,,No,DCIM101MEDIADJI_0203.JPG,,,image/jpeg,,,,,,,,,,,,,,NOT TESTED,SEO migration lead,Alt text missing/unverified | WP modified: 2024-06-03T09:46:41
https://sciencedivine.org/wp-content/uploads/2024/06/DJI_0216-scaled.jpg,https://sciencedivine.org/wp-content/uploads/2024/06/DJI_0216-scaled.jpg,WordPress REST API: media,,,UNVERIFIED,,,No,DCIM101MEDIADJI_0216.JPG,,,image/jpeg,,,,,,,,,,,,,,NOT TESTED,SEO migration lead,Alt text missing/unverified | WP modified: 2024-06-03T09:48:00
https://sciencedivine.org/wp-content/uploads/2024/06/DJI_0319-scaled.jpg,https://sciencedivine.org/wp-content/uploads/2024/06/DJI_0319-scaled.jpg,WordPress REST API: media,,,UNVERIFIED,,,No,DCIM101MEDIADJI_0319.JPG,,,image/jpeg,,,,,,,,,,,,,,NOT TESTED,SEO migration lead,Alt text missing/unverified | WP modified: 2024-06-03T09:51:57
https://sciencedivine.org/wp-content/uploads/2024/06/DJI_0327-scaled.jpg,https://sciencedivine.org/wp-content/uploads/2024/06/DJI_0327-scaled.jpg,WordPress REST API: media,,,UNVERIFIED,,,No,DCIM101MEDIADJI_0327.JPG,,,image/jpeg,,,,,,,,,,,,,,NOT TESTED,SEO migration lead,Alt text missing/unverified | WP modified: 2024-06-03T09:53:44
https://sciencedivine.org/wp-content/uploads/2024/06/DJI_0387-scaled.jpg,https://sciencedivine.org/wp-content/uploads/2024/06/DJI_0387-scaled.jpg,WordPress REST API: media,,,UNVERIFIED,,,No,DCIM101MEDIADJI_0387.JPG,,,image/jpeg,,,,,,,,,,,,,,NOT TESTED,SEO migration lead,Alt text missing/unverified | WP modified: 2024-06-03T09:55:26
https://sciencedivine.org/wp-content/uploads/2024/06/DJI_0445-scaled.jpg,https://sciencedivine.org/wp-content/uploads/2024/06/DJI_0445-scaled.jpg,WordPress REST API: media,,,UNVERIFIED,,,No,DCIM101MEDIADJI_0445.JPG,,,image/jpeg,,,,,,,,,,,,,,NOT TESTED,SEO migration lead,Alt text missing/unverified | WP modified: 2024-06-03T09:56:50
https://sciencedivine.org/wp-content/uploads/2024/06/event22june.jpg,https://sciencedivine.org/wp-content/uploads/2024/06/event22june.jpg,WordPress REST API: media,,,UNVERIFIED,,,No,,,,image/jpeg,,,,,,,,,,,,,,NOT TESTED,SEO migration lead,Alt text missing/unverified | WP modified: 2025-03-07T12:57:31
https://sciencedivine.org/wp-content/uploads/2024/06/HRIT-Group-of-Institutions.png,https://sciencedivine.org/wp-content/uploads/2024/06/HRIT-Group-of-Institutions.png,WordPress REST API: media,,,UNVERIFIED,,,No,HRIT Group of Institutions,,,image/png,,,,,,,,,,,,,,NOT TESTED,SEO migration lead,Alt text missing/unverified | WP modified: 2024-06-01T08:15:58
https://sciencedivine.org/wp-content/uploads/2024/06/IMG_0367-scaled.jpg,https://sciencedivine.org/wp-content/uploads/2024/06/IMG_0367-scaled.jpg,WordPress REST API: media,,,UNVERIFIED,,,No,,,,image/jpeg,,,,,,,,,,,,,,NOT TESTED,SEO migration lead,Alt text missing/unverified | WP modified: 2024-06-03T07:37:06
https://sciencedivine.org/wp-content/uploads/2024/06/Indian-Pharmacopoeia-Commission.png,https://sciencedivine.org/wp-content/uploads/2024/06/Indian-Pharmacopoeia-Commission.png,WordPress REST API: media,,,UNVERIFIED,,,No,Indian Pharmacopoeia Commission,,,image/png,,,,,,,,,,,,,,NOT TESTED,SEO migration lead,Alt text missing/unverified | WP modified: 2024-06-01T08:14:59
https://sciencedivine.org/wp-content/uploads/2024/06/Institute-of-Technology-Science-ITS-Ghaziabad.png,https://sciencedivine.org/wp-content/uploads/2024/06/Institute-of-Technology-Science-ITS-Ghaziabad.png,WordPress REST API: media,,,UNVERIFIED,,,No,Institute of Technology &#038; Science (ITS) Ghaziabad,,,image/png,,,,,,,,,,,,,,NOT TESTED,SEO migration lead,Alt text missing/unverified | WP modified: 2024-06-01T08:15:19
https://sciencedivine.org/wp-content/uploads/2024/06/Jind-Institute-of-Engineering-Technology.png,https://sciencedivine.org/wp-content/uploads/2024/06/Jind-Institute-of-Engineering-Technology.png,WordPress REST API: media,,,UNVERIFIED,,,No,Jind Institute of Engineering &#038; Technology,,,image/png,,,,,,,,,,,,,,NOT TESTED,SEO migration lead,Alt text missing/unverified | WP modified: 2024-06-01T08:16:15
https://sciencedivine.org/wp-content/uploads/2024/06/key-image.png,https://sciencedivine.org/wp-content/uploads/2024/06/key-image.png,WordPress REST API: media,,,UNVERIFIED,,,No,key-image,,,image/png,,,,,,,,,,,,,,NOT TESTED,SEO migration lead,Alt text missing/unverified | WP modified: 2024-06-22T12:53:32
https://sciencedivine.org/wp-content/uploads/2024/06/Mewar-Group-of-Institutions.gif,https://sciencedivine.org/wp-content/uploads/2024/06/Mewar-Group-of-Institutions.gif,WordPress REST API: media,,,UNVERIFIED,,,No,Mewar Group of Institutions,,,image/gif,,,,,,,,,,,,,,NOT TESTED,SEO migration lead,Alt text missing/unverified | WP modified: 2024-06-01T08:16:21
https://sciencedivine.org/wp-content/uploads/2024/06/nancy-testi.png,https://sciencedivine.org/wp-content/uploads/2024/06/nancy-testi.png,WordPress REST API: media,,,UNVERIFIED,,,No,nancy-testi,,,image/png,,,,,,,,,,,,,,NOT TESTED,SEO migration lead,Alt text missing/unverified | WP modified: 2024-06-22T13:31:42
https://sciencedivine.org/wp-content/uploads/2024/06/National-Dope-Testing-Laboratory-New-Delhi.png,https://sciencedivine.org/wp-content/uploads/2024/06/National-Dope-Testing-Laboratory-New-Delhi.png,WordPress REST API: media,,,UNVERIFIED,,,No,National Dope Testing Laboratory New Delhi,,,image/png,,,,,,,,,,,,,,NOT TESTED,SEO migration lead,Alt text missing/unverified | WP modified: 2024-06-01T08:15:05
https://sciencedivine.org/wp-content/uploads/2024/06/One-Day-Workshop.png,https://sciencedivine.org/wp-content/uploads/2024/06/One-Day-Workshop.png,WordPress REST API: media,,,UNVERIFIED,,,No,One Day Workshop,,,image/png,,,,,,,,,,,,,,NOT TESTED,SEO migration lead,Alt text missing/unverified | WP modified: 2024-06-25T07:34:31
https://sciencedivine.org/wp-content/uploads/2024/06/Pharmacopoeia-Commission-for-Indian-Medicine-Homoeopathy.png,https://sciencedivine.org/wp-content/uploads/2024/06/Pharmacopoeia-Commission-for-Indian-Medicine-Homoeopathy.png,WordPress REST API: media,,,UNVERIFIED,,,No,Pharmacopoeia Commission for Indian Medicine &#038; Homoeopathy,,,image/png,,,,,,,,,,,,,,NOT TESTED,SEO migration lead,Alt text missing/unverified | WP modified: 2024-06-01T08:16:27
https://sciencedivine.org/wp-content/uploads/2024/06/Raj-Kumar-Goel-Institute-of-Technology.png,https://sciencedivine.org/wp-content/uploads/2024/06/Raj-Kumar-Goel-Institute-of-Technology.png,WordPress REST API: media,,,UNVERIFIED,,,No,Raj Kumar Goel Institute of Technology,,,image/png,,,,,,,,,,,,,,NOT TESTED,SEO migration lead,Alt text missing/unverified | WP modified: 2024-06-01T08:15:36
https://sciencedivine.org/wp-content/uploads/2024/06/Sanskar-Educational-Group.png,https://sciencedivine.org/wp-content/uploads/2024/06/Sanskar-Educational-Group.png,WordPress REST API: media,,,UNVERIFIED,,,No,Sanskar Educational Group,,,image/png,,,,,,,,,,,,,,NOT TESTED,SEO migration lead,Alt text missing/unverified | WP modified: 2024-06-01T10:59:38
https://sciencedivine.org/wp-content/uploads/2024/06/science-thhh.png,https://sciencedivine.org/wp-content/uploads/2024/06/science-thhh.png,WordPress REST API: media,,,UNVERIFIED,,,No,science-thhh,,,image/png,,,,,,,,,,,,,,NOT TESTED,SEO migration lead,Alt text missing/unverified | WP modified: 2024-06-22T13:08:06
https://sciencedivine.org/wp-content/uploads/2024/06/secret-ooo.png,https://sciencedivine.org/wp-content/uploads/2024/06/secret-ooo.png,WordPress REST API: media,,,UNVERIFIED,,,No,secret-ooo,,,image/png,,,,,,,,,,,,,,NOT TESTED,SEO migration lead,Alt text missing/unverified | WP modified: 2024-06-22T13:08:51
https://sciencedivine.org/wp-content/uploads/2024/06/voluteer-form-banner.jpg,https://sciencedivine.org/wp-content/uploads/2024/06/voluteer-form-banner.jpg,WordPress REST API: media,,,UNVERIFIED,,,No,voluteer form banner,,,image/jpeg,,,,,,,,,,,,,,NOT TESTED,SEO migration lead,Alt text missing/unverified | WP modified: 2024-06-14T12:00:49
https://sciencedivine.org/wp-content/uploads/2024/06/WhatsApp-Image-2024-05-14-at-15.46.27.jpeg,https://sciencedivine.org/wp-content/uploads/2024/06/WhatsApp-Image-2024-05-14-at-15.46.27.jpeg,WordPress REST API: media,,,UNVERIFIED,,,No,WhatsApp Image 2024-05-14 at 15.46.27,,,image/jpeg,,,,,,,,,,,,,,NOT TESTED,SEO migration lead,Alt text missing/unverified | WP modified: 2024-06-03T09:26:52
https://sciencedivine.org/wp-content/uploads/2024/06/WhatsApp-Image-2024-05-14-at-15.46.28.jpeg,https://sciencedivine.org/wp-content/uploads/2024/06/WhatsApp-Image-2024-05-14-at-15.46.28.jpeg,WordPress REST API: media,,,UNVERIFIED,,,No,WhatsApp Image 2024-05-14 at 15.46.28,,,image/jpeg,,,,,,,,,,,,,,NOT TESTED,SEO migration lead,Alt text missing/unverified | WP modified: 2024-06-03T09:26:58
https://sciencedivine.org/wp-content/uploads/2024/06/WhatsApp-Image-2024-05-14-at-15.46.29-1.jpeg,https://sciencedivine.org/wp-content/uploads/2024/06/WhatsApp-Image-2024-05-14-at-15.46.29-1.jpeg,WordPress REST API: media,,,UNVERIFIED,,,No,WhatsApp Image 2024-05-14 at 15.46.29 (1),,,image/jpeg,,,,,,,,,,,,,,NOT TESTED,SEO migration lead,Alt text missing/unverified | WP modified: 2024-06-03T09:26:19
https://sciencedivine.org/wp-content/uploads/2024/06/WhatsApp-Image-2024-05-14-at-15.46.33-1.jpeg,https://sciencedivine.org/wp-content/uploads/2024/06/WhatsApp-Image-2024-05-14-at-15.46.33-1.jpeg,WordPress REST API: media,,,UNVERIFIED,,,No,WhatsApp Image 2024-05-14 at 15.46.33 (1),,,image/jpeg,,,,,,,,,,,,,,NOT TESTED,SEO migration lead,Alt text missing/unverified | WP modified: 2024-06-03T09:26:31
https://sciencedivine.org/wp-content/uploads/2024/06/WhatsApp-Image-2024-05-14-at-15.46.33.jpeg,https://sciencedivine.org/wp-content/uploads/2024/06/WhatsApp-Image-2024-05-14-at-15.46.33.jpeg,WordPress REST API: media,,,UNVERIFIED,,,No,WhatsApp Image 2024-05-14 at 15.46.33,,,image/jpeg,,,,,,,,,,,,,,NOT TESTED,SEO migration lead,Alt text missing/unverified | WP modified: 2024-06-03T09:26:39
https://sciencedivine.org/wp-content/uploads/2024/06/WhatsApp-Image-2024-05-14-at-15.46.34-1.jpeg,https://sciencedivine.org/wp-content/uploads/2024/06/WhatsApp-Image-2024-05-14-at-15.46.34-1.jpeg,WordPress REST API: media,,,UNVERIFIED,,,No,WhatsApp Image 2024-05-14 at 15.46.34 (1),,,image/jpeg,,,,,,,,,,,,,,NOT TESTED,SEO migration lead,Alt text missing/unverified | WP modified: 2024-06-03T09:26:46
https://sciencedivine.org/wp-content/uploads/2024/06/yogendra-testiiii.png,https://sciencedivine.org/wp-content/uploads/2024/06/yogendra-testiiii.png,WordPress REST API: media,,,UNVERIFIED,,,No,yogendra-testiiii,,,image/png,,,,,,,,,,,,,,NOT TESTED,SEO migration lead,Alt text missing/unverified | WP modified: 2024-06-22T13:43:32
https://sciencedivine.org/wp-content/uploads/2024/07/00b477d24ddb7488afa55f959e6bef68.svg,https://sciencedivine.org/wp-content/uploads/2024/07/00b477d24ddb7488afa55f959e6bef68.svg,WordPress REST API: media,,,UNVERIFIED,,,No,00b477d24ddb7488afa55f959e6bef68.svg,,,image/svg+xml,,,,,,,,,,,,,,NOT TESTED,SEO migration lead,Alt text missing/unverified | WP modified: 2024-07-01T07:07:26
https://sciencedivine.org/wp-content/uploads/2024/07/0180c2bfe7a0c3a5e5256118a8a12032.svg,https://sciencedivine.org/wp-content/uploads/2024/07/0180c2bfe7a0c3a5e5256118a8a12032.svg,WordPress REST API: media,,,UNVERIFIED,,,No,0180c2bfe7a0c3a5e5256118a8a12032.svg,,,image/svg+xml,,,,,,,,,,,,,,NOT TESTED,SEO migration lead,Alt text missing/unverified | WP modified: 2024-07-01T07:06:05
https://sciencedivine.org/wp-content/uploads/2024/07/026fc6457d524452bc9c1cb2da4c7a10.svg,https://sciencedivine.org/wp-content/uploads/2024/07/026fc6457d524452bc9c1cb2da4c7a10.svg,WordPress REST API: media,,,UNVERIFIED,,,No,026fc6457d524452bc9c1cb2da4c7a10.svg,,,image/svg+xml,,,,,,,,,,,,,,NOT TESTED,SEO migration lead,Alt text missing/unverified | WP modified: 2024-07-01T07:06:00
https://sciencedivine.org/wp-content/uploads/2024/07/0369fa6ccc5f2339eee61e329d4519d9.svg,https://sciencedivine.org/wp-content/uploads/2024/07/0369fa6ccc5f2339eee61e329d4519d9.svg,WordPress REST API: media,,,UNVERIFIED,,,No,0369fa6ccc5f2339eee61e329d4519d9.svg,,,image/svg+xml,,,,,,,,,,,,,,NOT TESTED,SEO migration lead,Alt text missing/unverified | WP modified: 2024-07-01T07:06:43
https://sciencedivine.org/wp-content/uploads/2024/07/037094a94214651af3fac287ccae9ae3.svg,https://sciencedivine.org/wp-content/uploads/2024/07/037094a94214651af3fac287ccae9ae3.svg,WordPress REST API: media,,,UNVERIFIED,,,No,037094a94214651af3fac287ccae9ae3.svg,,,image/svg+xml,,,,,,,,,,,,,,NOT TESTED,SEO migration lead,Alt text missing/unverified | WP modified: 2024-07-01T07:07:24
https://sciencedivine.org/wp-content/uploads/2024/07/05d446a2f422e82283433764cf801f73.svg,https://sciencedivine.org/wp-content/uploads/2024/07/05d446a2f422e82283433764cf801f73.svg,WordPress REST API: media,,,UNVERIFIED,,,No,05d446a2f422e82283433764cf801f73.svg,,,image/svg+xml,,,,,,,,,,,,,,NOT TESTED,SEO migration lead,Alt text missing/unverified | WP modified: 2024-07-01T07:06:58
https://sciencedivine.org/wp-content/uploads/2024/07/0806d77663b175f730d6bfec7dfa7cfa.png,https://sciencedivine.org/wp-content/uploads/2024/07/0806d77663b175f730d6bfec7dfa7cfa.png,WordPress REST API: media,,,UNVERIFIED,,,No,0806d77663b175f730d6bfec7dfa7cfa.png,,,image/png,,,,,,,,,,,,,,NOT TESTED,SEO migration lead,Alt text missing/unverified | WP modified: 2024-07-01T07:06:20
https://sciencedivine.org/wp-content/uploads/2024/07/084ce3893b3bfd8baa8b40798baa0529.svg,https://sciencedivine.org/wp-content/uploads/2024/07/084ce3893b3bfd8baa8b40798baa0529.svg,WordPress REST API: media,,,UNVERIFIED,,,No,084ce3893b3bfd8baa8b40798baa0529.svg,,,image/svg+xml,,,,,,,,,,,,,,NOT TESTED,SEO migration lead,Alt text missing/unverified | WP modified: 2024-07-01T07:06:01
https://sciencedivine.org/wp-content/uploads/2024/07/098e3a45eb1102cf6ab08536ac6554cd.svg,https://sciencedivine.org/wp-content/uploads/2024/07/098e3a45eb1102cf6ab08536ac6554cd.svg,WordPress REST API: media,,,UNVERIFIED,,,No,098e3a45eb1102cf6ab08536ac6554cd.svg,,,image/svg+xml,,,,,,,,,,,,,,NOT TESTED,SEO migration lead,Alt text missing/unverified | WP modified: 2024-07-01T07:07:07
https://sciencedivine.org/wp-content/uploads/2024/07/0a77563b38426d405f999224ba2697d7.svg,https://sciencedivine.org/wp-content/uploads/2024/07/0a77563b38426d405f999224ba2697d7.svg,WordPress REST API: media,,,UNVERIFIED,,,No,0a77563b38426d405f999224ba2697d7.svg,,,image/svg+xml,,,,,,,,,,,,,,NOT TESTED,SEO migration lead,Alt text missing/unverified | WP modified: 2024-07-01T07:07:13
https://sciencedivine.org/wp-content/uploads/2024/07/0ac742a30c82c5d1d5ecb510f483e5fb.svg,https://sciencedivine.org/wp-content/uploads/2024/07/0ac742a30c82c5d1d5ecb510f483e5fb.svg,WordPress REST API: media,,,UNVERIFIED,,,No,0ac742a30c82c5d1d5ecb510f483e5fb.svg,,,image/svg+xml,,,,,,,,,,,,,,NOT TESTED,SEO migration lead,Alt text missing/unverified | WP modified: 2024-07-01T07:07:27
https://sciencedivine.org/wp-content/uploads/2024/07/0bceeafe31e70d38aace444280109a3b.svg,https://sciencedivine.org/wp-content/uploads/2024/07/0bceeafe31e70d38aace444280109a3b.svg,WordPress REST API: media,,,UNVERIFIED,,,No,0bceeafe31e70d38aace444280109a3b.svg,,,image/svg+xml,,,,,,,,,,,,,,NOT TESTED,SEO migration lead,Alt text missing/unverified | WP modified: 2024-07-01T07:07:14
https://sciencedivine.org/wp-content/uploads/2024/07/0d10d54add6868d51f260d4aac8dc791.svg,https://sciencedivine.org/wp-content/uploads/2024/07/0d10d54add6868d51f260d4aac8dc791.svg,WordPress REST API: media,,,UNVERIFIED,,,No,0d10d54add6868d51f260d4aac8dc791.svg,,,image/svg+xml,,,,,,,,,,,,,,NOT TESTED,SEO migration lead,Alt text missing/unverified | WP modified: 2024-07-01T07:06:01
https://sciencedivine.org/wp-content/uploads/2024/07/0e41155980f9a7c8196cf21bfb2c8ec9.svg,https://sciencedivine.org/wp-content/uploads/2024/07/0e41155980f9a7c8196cf21bfb2c8ec9.svg,WordPress REST API: media,,,UNVERIFIED,,,No,0e41155980f9a7c8196cf21bfb2c8ec9.svg,,,image/svg+xml,,,,,,,,,,,,,,NOT TESTED,SEO migration lead,Alt text missing/unverified | WP modified: 2024-07-01T07:06:04
https://sciencedivine.org/wp-content/uploads/2024/07/101defb99c894bb7bb408994c745e96d.svg,https://sciencedivine.org/wp-content/uploads/2024/07/101defb99c894bb7bb408994c745e96d.svg,WordPress REST API: media,,,UNVERIFIED,,,No,101defb99c894bb7bb408994c745e96d.svg,,,image/svg+xml,,,,,,,,,,,,,,NOT TESTED,SEO migration lead,Alt text missing/unverified | WP modified: 2024-07-01T07:06:42
https://sciencedivine.org/wp-content/uploads/2024/07/104ddfbe6f9a084528a2b3bc01b67ff5.svg,https://sciencedivine.org/wp-content/uploads/2024/07/104ddfbe6f9a084528a2b3bc01b67ff5.svg,WordPress REST API: media,,,UNVERIFIED,,,No,104ddfbe6f9a084528a2b3bc01b67ff5.svg,,,image/svg+xml,,,,,,,,,,,,,,NOT TESTED,SEO migration lead,Alt text missing/unverified | WP modified: 2024-07-01T07:06:41
https://sciencedivine.org/wp-content/uploads/2024/07/1219580817750d407b839657a9d458c5.svg,https://sciencedivine.org/wp-content/uploads/2024/07/1219580817750d407b839657a9d458c5.svg,WordPress REST API: media,,,UNVERIFIED,,,No,1219580817750d407b839657a9d458c5.svg,,,image/svg+xml,,,,,,,,,,,,,,NOT TESTED,SEO migration lead,Alt text missing/unverified | WP modified: 2024-07-01T07:06:41
https://sciencedivine.org/wp-content/uploads/2024/07/15f526c8fa52ae86dead498dcb8357e5.svg,https://sciencedivine.org/wp-content/uploads/2024/07/15f526c8fa52ae86dead498dcb8357e5.svg,WordPress REST API: media,,,UNVERIFIED,,,No,15f526c8fa52ae86dead498dcb8357e5.svg,,,image/svg+xml,,,,,,,,,,,,,,NOT TESTED,SEO migration lead,Alt text missing/unverified | WP modified: 2024-07-01T07:07:06
https://sciencedivine.org/wp-content/uploads/2024/07/164e72364606dab4996ad1696dc1be85.svg,https://sciencedivine.org/wp-content/uploads/2024/07/164e72364606dab4996ad1696dc1be85.svg,WordPress REST API: media,,,UNVERIFIED,,,No,164e72364606dab4996ad1696dc1be85.svg,,,image/svg+xml,,,,,,,,,,,,,,NOT TESTED,SEO migration lead,Alt text missing/unverified | WP modified: 2024-07-01T07:06:57
https://sciencedivine.org/wp-content/uploads/2024/07/17ca3c19006d0aac671d7f59c397dcb6.svg,https://sciencedivine.org/wp-content/uploads/2024/07/17ca3c19006d0aac671d7f59c397dcb6.svg,WordPress REST API: media,,,UNVERIFIED,,,No,17ca3c19006d0aac671d7f59c397dcb6.svg,,,image/svg+xml,,,,,,,,,,,,,,NOT TESTED,SEO migration lead,Alt text missing/unverified | WP modified: 2024-07-01T07:06:58
https://sciencedivine.org/wp-content/uploads/2024/07/1b7e1500b72f45491b340294eb59374b.svg,https://sciencedivine.org/wp-content/uploads/2024/07/1b7e1500b72f45491b340294eb59374b.svg,WordPress REST API: media,,,UNVERIFIED,,,No,1b7e1500b72f45491b340294eb59374b.svg,,,image/svg+xml,,,,,,,,,,,,,,NOT TESTED,SEO migration lead,Alt text missing/unverified | WP modified: 2024-07-01T07:07:15
https://sciencedivine.org/wp-content/uploads/2024/07/1bf5f9f8097ad6a802344605dd52954d.svg,https://sciencedivine.org/wp-content/uploads/2024/07/1bf5f9f8097ad6a802344605dd52954d.svg,WordPress REST API: media,,,UNVERIFIED,,,No,1bf5f9f8097ad6a802344605dd52954d.svg,,,image/svg+xml,,,,,,,,,,,,,,NOT TESTED,SEO migration lead,Alt text missing/unverified | WP modified: 2024-07-01T07:06:32
https://sciencedivine.org/wp-content/uploads/2024/07/1c0b771301ae917ec7f3d2704135ff34.svg,https://sciencedivine.org/wp-content/uploads/2024/07/1c0b771301ae917ec7f3d2704135ff34.svg,WordPress REST API: media,,,UNVERIFIED,,,No,1c0b771301ae917ec7f3d2704135ff34.svg,,,image/svg+xml,,,,,,,,,,,,,,NOT TESTED,SEO migration lead,Alt text missing/unverified | WP modified: 2024-07-01T07:07:12
https://sciencedivine.org/wp-content/uploads/2024/07/1d86948cb3c539cd9aca13f5766d0d7d.svg,https://sciencedivine.org/wp-content/uploads/2024/07/1d86948cb3c539cd9aca13f5766d0d7d.svg,WordPress REST API: media,,,UNVERIFIED,,,No,1d86948cb3c539cd9aca13f5766d0d7d.svg,,,image/svg+xml,,,,,,,,,,,,,,NOT TESTED,SEO migration lead,Alt text missing/unverified | WP modified: 2024-07-01T07:06:46
https://sciencedivine.org/wp-content/uploads/2024/07/2074791871bf9666adcf6d983f396686.png,https://sciencedivine.org/wp-content/uploads/2024/07/2074791871bf9666adcf6d983f396686.png,WordPress REST API: media,,,UNVERIFIED,,,No,2074791871bf9666adcf6d983f396686.png,,,image/png,,,,,,,,,,,,,,NOT TESTED,SEO migration lead,Alt text missing/unverified | WP modified: 2024-07-01T07:07:19
https://sciencedivine.org/wp-content/uploads/2024/07/21c7871c8415f1b7cb6c228994f2b01b.svg,https://sciencedivine.org/wp-content/uploads/2024/07/21c7871c8415f1b7cb6c228994f2b01b.svg,WordPress REST API: media,,,UNVERIFIED,,,No,21c7871c8415f1b7cb6c228994f2b01b.svg,,,image/svg+xml,,,,,,,,,,,,,,NOT TESTED,SEO migration lead,Alt text missing/unverified | WP modified: 2024-07-01T07:06:17
https://sciencedivine.org/wp-content/uploads/2024/07/21fa9e789588e6d5702d85ea4e0ece33.svg,https://sciencedivine.org/wp-content/uploads/2024/07/21fa9e789588e6d5702d85ea4e0ece33.svg,WordPress REST API: media,,,UNVERIFIED,,,No,21fa9e789588e6d5702d85ea4e0ece33.svg,,,image/svg+xml,,,,,,,,,,,,,,NOT TESTED,SEO migration lead,Alt text missing/unverified | WP modified: 2024-07-01T07:07:01
https://sciencedivine.org/wp-content/uploads/2024/07/27d79d528c180787ebfa09a28e4cf170.svg,https://sciencedivine.org/wp-content/uploads/2024/07/27d79d528c180787ebfa09a28e4cf170.svg,WordPress REST API: media,,,UNVERIFIED,,,No,27d79d528c180787ebfa09a28e4cf170.svg,,,image/svg+xml,,,,,,,,,,,,,,NOT TESTED,SEO migration lead,Alt text missing/unverified | WP modified: 2024-07-01T07:06:55
https://sciencedivine.org/wp-content/uploads/2024/07/2ab3feca02bef170faec6cf75c9f3a4b.svg,https://sciencedivine.org/wp-content/uploads/2024/07/2ab3feca02bef170faec6cf75c9f3a4b.svg,WordPress REST API: media,,,UNVERIFIED,,,No,2ab3feca02bef170faec6cf75c9f3a4b.svg,,,image/svg+xml,,,,,,,,,,,,,,NOT TESTED,SEO migration lead,Alt text missing/unverified | WP modified: 2024-07-01T07:05:59
https://sciencedivine.org/wp-content/uploads/2024/07/2d2d582a768c049ae31f9e6790380df8.svg,https://sciencedivine.org/wp-content/uploads/2024/07/2d2d582a768c049ae31f9e6790380df8.svg,WordPress REST API: media,,,UNVERIFIED,,,No,2d2d582a768c049ae31f9e6790380df8.svg,,,image/svg+xml,,,,,,,,,,,,,,NOT TESTED,SEO migration lead,Alt text missing/unverified | WP modified: 2024-07-01T07:07:03
https://sciencedivine.org/wp-content/uploads/2024/07/30e77642224cbc5e909ed204e913d2bf.svg,https://sciencedivine.org/wp-content/uploads/2024/07/30e77642224cbc5e909ed204e913d2bf.svg,WordPress REST API: media,,,UNVERIFIED,,,No,30e77642224cbc5e909ed204e913d2bf.svg,,,image/svg+xml,,,,,,,,,,,,,,NOT TESTED,SEO migration lead,Alt text missing/unverified | WP modified: 2024-07-01T07:06:48
https://sciencedivine.org/wp-content/uploads/2024/07/3163b218afd912210ff4a9dc4a430c4a.svg,https://sciencedivine.org/wp-content/uploads/2024/07/3163b218afd912210ff4a9dc4a430c4a.svg,WordPress REST API: media,,,UNVERIFIED,,,No,3163b218afd912210ff4a9dc4a430c4a.svg,,,image/svg+xml,,,,,,,,,,,,,,NOT TESTED,SEO migration lead,Alt text missing/unverified | WP modified: 2024-07-01T07:06:50
https://sciencedivine.org/wp-content/uploads/2024/07/340ba13e2f984d3f31ffa2adac5406ee.svg,https://sciencedivine.org/wp-content/uploads/2024/07/340ba13e2f984d3f31ffa2adac5406ee.svg,WordPress REST API: media,,,UNVERIFIED,,,No,340ba13e2f984d3f31ffa2adac5406ee.svg,,,image/svg+xml,,,,,,,,,,,,,,NOT TESTED,SEO migration lead,Alt text missing/unverified | WP modified: 2024-07-01T07:06:48
https://sciencedivine.org/wp-content/uploads/2024/07/35d159b67f935a2b852d6972c1ac5e9f.svg,https://sciencedivine.org/wp-content/uploads/2024/07/35d159b67f935a2b852d6972c1ac5e9f.svg,WordPress REST API: media,,,UNVERIFIED,,,No,35d159b67f935a2b852d6972c1ac5e9f.svg,,,image/svg+xml,,,,,,,,,,,,,,NOT TESTED,SEO migration lead,Alt text missing/unverified | WP modified: 2024-07-01T07:07:03
https://sciencedivine.org/wp-content/uploads/2024/07/36004a2e592103db5e7b9dd5ce221237.svg,https://sciencedivine.org/wp-content/uploads/2024/07/36004a2e592103db5e7b9dd5ce221237.svg,WordPress REST API: media,,,UNVERIFIED,,,No,36004a2e592103db5e7b9dd5ce221237.svg,,,image/svg+xml,,,,,,,,,,,,,,NOT TESTED,SEO migration lead,Alt text missing/unverified | WP modified: 2024-07-01T07:27:33
https://sciencedivine.org/wp-content/uploads/2024/07/36f708204cba9d81a1fdcc3d25ba47c1.png,https://sciencedivine.org/wp-content/uploads/2024/07/36f708204cba9d81a1fdcc3d25ba47c1.png,WordPress REST API: media,,,UNVERIFIED,,,No,36f708204cba9d81a1fdcc3d25ba47c1.png,,,image/png,,,,,,,,,,,,,,NOT TESTED,SEO migration lead,Alt text missing/unverified | WP modified: 2024-07-01T07:07:25
https://sciencedivine.org/wp-content/uploads/2024/07/3beed73bf2e0938789e446598027b283.svg,https://sciencedivine.org/wp-content/uploads/2024/07/3beed73bf2e0938789e446598027b283.svg,WordPress REST API: media,,,UNVERIFIED,,,No,3beed73bf2e0938789e446598027b283.svg,,,image/svg+xml,,,,,,,,,,,,,,NOT TESTED,SEO migration lead,Alt text missing/unverified | WP modified: 2024-07-01T07:06:54
https://sciencedivine.org/wp-content/uploads/2024/07/3c78b7d1f0d6089edfb3b6a87d897ce3.svg,https://sciencedivine.org/wp-content/uploads/2024/07/3c78b7d1f0d6089edfb3b6a87d897ce3.svg,WordPress REST API: media,,,UNVERIFIED,,,No,3c78b7d1f0d6089edfb3b6a87d897ce3.svg,,,image/svg+xml,,,,,,,,,,,,,,NOT TESTED,SEO migration lead,Alt text missing/unverified | WP modified: 2024-07-01T07:07:01
https://sciencedivine.org/wp-content/uploads/2024/07/3c926265cde5ebe8dc0b1e51741bb038.svg,https://sciencedivine.org/wp-content/uploads/2024/07/3c926265cde5ebe8dc0b1e51741bb038.svg,WordPress REST API: media,,,UNVERIFIED,,,No,3c926265cde5ebe8dc0b1e51741bb038.svg,,,image/svg+xml,,,,,,,,,,,,,,NOT TESTED,SEO migration lead,Alt text missing/unverified | WP modified: 2024-07-01T07:07:34
https://sciencedivine.org/wp-content/uploads/2024/07/3ce40d4d0c5351114cbbe858791f1ec3.svg,https://sciencedivine.org/wp-content/uploads/2024/07/3ce40d4d0c5351114cbbe858791f1ec3.svg,WordPress REST API: media,,,UNVERIFIED,,,No,3ce40d4d0c5351114cbbe858791f1ec3.svg,,,image/svg+xml,,,,,,,,,,,,,,NOT TESTED,SEO migration lead,Alt text missing/unverified | WP modified: 2024-07-01T07:06:59
https://sciencedivine.org/wp-content/uploads/2024/07/3e6e02e5f1c070493ce7b6593e996c44.svg,https://sciencedivine.org/wp-content/uploads/2024/07/3e6e02e5f1c070493ce7b6593e996c44.svg,WordPress REST API: media,,,UNVERIFIED,,,No,3e6e02e5f1c070493ce7b6593e996c44.svg,,,image/svg+xml,,,,,,,,,,,,,,NOT TESTED,SEO migration lead,Alt text missing/unverified | WP modified: 2024-07-01T07:06:04
https://sciencedivine.org/wp-content/uploads/2024/07/3edca9b86366128103acc31ed6999c34.png,https://sciencedivine.org/wp-content/uploads/2024/07/3edca9b86366128103acc31ed6999c34.png,WordPress REST API: media,,,UNVERIFIED,,,No,3edca9b86366128103acc31ed6999c34.png,,,image/png,,,,,,,,,,,,,,NOT TESTED,SEO migration lead,Alt text missing/unverified | WP modified: 2024-07-01T07:06:14
https://sciencedivine.org/wp-content/uploads/2024/07/3ff2c6fb83bc8d5370ddd71aa2436ea0.png,https://sciencedivine.org/wp-content/uploads/2024/07/3ff2c6fb83bc8d5370ddd71aa2436ea0.png,WordPress REST API: media,,,UNVERIFIED,,,No,3ff2c6fb83bc8d5370ddd71aa2436ea0.png,,,image/png,,,,,,,,,,,,,,NOT TESTED,SEO migration lead,Alt text missing/unverified | WP modified: 2024-07-01T07:06:23
https://sciencedivine.org/wp-content/uploads/2024/07/45b5d8a0fce0e7a884983cdb50064ac0.svg,https://sciencedivine.org/wp-content/uploads/2024/07/45b5d8a0fce0e7a884983cdb50064ac0.svg,WordPress REST API: media,,,UNVERIFIED,,,No,45b5d8a0fce0e7a884983cdb50064ac0.svg,,,image/svg+xml,,,,,,,,,,,,,,NOT TESTED,SEO migration lead,Alt text missing/unverified | WP modified: 2024-07-01T07:07:24
https://sciencedivine.org/wp-content/uploads/2024/07/473ccf927c24ee53e83036a0e4bdcc56.svg,https://sciencedivine.org/wp-content/uploads/2024/07/473ccf927c24ee53e83036a0e4bdcc56.svg,WordPress REST API: media,,,UNVERIFIED,,,No,473ccf927c24ee53e83036a0e4bdcc56.svg,,,image/svg+xml,,,,,,,,,,,,,,NOT TESTED,SEO migration lead,Alt text missing/unverified | WP modified: 2024-07-01T07:06:06
https://sciencedivine.org/wp-content/uploads/2024/07/48552df3622e3c53554edf45707f1f48.svg,https://sciencedivine.org/wp-content/uploads/2024/07/48552df3622e3c53554edf45707f1f48.svg,WordPress REST API: media,,,UNVERIFIED,,,No,48552df3622e3c53554edf45707f1f48.svg,,,image/svg+xml,,,,,,,,,,,,,,NOT TESTED,SEO migration lead,Alt text missing/unverified | WP modified: 2024-07-01T07:06:25
https://sciencedivine.org/wp-content/uploads/2024/07/485aadd5747eab168e57a15d2cad0edd.svg,https://sciencedivine.org/wp-content/uploads/2024/07/485aadd5747eab168e57a15d2cad0edd.svg,WordPress REST API: media,,,UNVERIFIED,,,No,485aadd5747eab168e57a15d2cad0edd.svg,,,image/svg+xml,,,,,,,,,,,,,,NOT TESTED,SEO migration lead,Alt text missing/unverified | WP modified: 2024-07-01T07:07:09
https://sciencedivine.org/wp-content/uploads/2024/07/4a3c47c9a146831611dc3e4c5dff8cbd.png,https://sciencedivine.org/wp-content/uploads/2024/07/4a3c47c9a146831611dc3e4c5dff8cbd.png,WordPress REST API: media,,,UNVERIFIED,,,No,4a3c47c9a146831611dc3e4c5dff8cbd.png,,,image/png,,,,,,,,,,,,,,NOT TESTED,SEO migration lead,Alt text missing/unverified | WP modified: 2024-07-01T07:07:26
https://sciencedivine.org/wp-content/uploads/2024/07/4add694a1f44f9e19408f0d6d4cc367c.png,https://sciencedivine.org/wp-content/uploads/2024/07/4add694a1f44f9e19408f0d6d4cc367c.png,WordPress REST API: media,,,UNVERIFIED,,,No,4add694a1f44f9e19408f0d6d4cc367c.png,,,image/png,,,,,,,,,,,,,,NOT TESTED,SEO migration lead,Alt text missing/unverified | WP modified: 2024-07-01T07:06:15
https://sciencedivine.org/wp-content/uploads/2024/07/4dc35319133bc617aca6acb9766e7ee8.svg,https://sciencedivine.org/wp-content/uploads/2024/07/4dc35319133bc617aca6acb9766e7ee8.svg,WordPress REST API: media,,,UNVERIFIED,,,No,4dc35319133bc617aca6acb9766e7ee8.svg,,,image/svg+xml,,,,,,,,,,,,,,NOT TESTED,SEO migration lead,Alt text missing/unverified | WP modified: 2024-07-01T07:06:28
https://sciencedivine.org/wp-content/uploads/2024/07/4de92b51e1e30e817e3a7a3856e63421.svg,https://sciencedivine.org/wp-content/uploads/2024/07/4de92b51e1e30e817e3a7a3856e63421.svg,WordPress REST API: media,,,UNVERIFIED,,,No,4de92b51e1e30e817e3a7a3856e63421.svg,,,image/svg+xml,,,,,,,,,,,,,,NOT TESTED,SEO migration lead,Alt text missing/unverified | WP modified: 2024-07-01T07:06:11
https://sciencedivine.org/wp-content/uploads/2024/07/5608cabb7b8484ad502671135486655d.svg,https://sciencedivine.org/wp-content/uploads/2024/07/5608cabb7b8484ad502671135486655d.svg,WordPress REST API: media,,,UNVERIFIED,,,No,5608cabb7b8484ad502671135486655d.svg,,,image/svg+xml,,,,,,,,,,,,,,NOT TESTED,SEO migration lead,Alt text missing/unverified | WP modified: 2024-07-01T07:07:35
https://sciencedivine.org/wp-content/uploads/2024/07/58f742978023500dd9f3c02bd8892dab.svg,https://sciencedivine.org/wp-content/uploads/2024/07/58f742978023500dd9f3c02bd8892dab.svg,WordPress REST API: media,,,UNVERIFIED,,,No,58f742978023500dd9f3c02bd8892dab.svg,,,image/svg+xml,,,,,,,,,,,,,,NOT TESTED,SEO migration lead,Alt text missing/unverified | WP modified: 2024-07-01T07:06:28
https://sciencedivine.org/wp-content/uploads/2024/07/5e8d2ee31ad35583d8a943224260695a.png,https://sciencedivine.org/wp-content/uploads/2024/07/5e8d2ee31ad35583d8a943224260695a.png,WordPress REST API: media,,,UNVERIFIED,,,No,5e8d2ee31ad35583d8a943224260695a.png,,,image/png,,,,,,,,,,,,,,NOT TESTED,SEO migration lead,Alt text missing/unverified | WP modified: 2024-07-01T07:07:32
https://sciencedivine.org/wp-content/uploads/2024/07/5fb5db23923079143c185d396acaa1ac.png,https://sciencedivine.org/wp-content/uploads/2024/07/5fb5db23923079143c185d396acaa1ac.png,WordPress REST API: media,,,UNVERIFIED,,,No,5fb5db23923079143c185d396acaa1ac.png,,,image/png,,,,,,,,,,,,,,NOT TESTED,SEO migration lead,Alt text missing/unverified | WP modified: 2024-07-01T07:27:35
https://sciencedivine.org/wp-content/uploads/2024/07/600022ae678dd1438c001c3f29c9aac3.svg,https://sciencedivine.org/wp-content/uploads/2024/07/600022ae678dd1438c001c3f29c9aac3.svg,WordPress REST API: media,,,UNVERIFIED,,,No,600022ae678dd1438c001c3f29c9aac3.svg,,,image/svg+xml,,,,,,,,,,,,,,NOT TESTED,SEO migration lead,Alt text missing/unverified | WP modified: 2024-07-01T07:06:05
https://sciencedivine.org/wp-content/uploads/2024/07/61c7551632954e11812c1fcdf302b347.svg,https://sciencedivine.org/wp-content/uploads/2024/07/61c7551632954e11812c1fcdf302b347.svg,WordPress REST API: media,,,UNVERIFIED,,,No,61c7551632954e11812c1fcdf302b347.svg,,,image/svg+xml,,,,,,,,,,,,,,NOT TESTED,SEO migration lead,Alt text missing/unverified | WP modified: 2024-07-01T07:06:03
https://sciencedivine.org/wp-content/uploads/2024/07/62e2040873d26c8eab995ca386a02de5.svg,https://sciencedivine.org/wp-content/uploads/2024/07/62e2040873d26c8eab995ca386a02de5.svg,WordPress REST API: media,,,UNVERIFIED,,,No,62e2040873d26c8eab995ca386a02de5.svg,,,image/svg+xml,,,,,,,,,,,,,,NOT TESTED,SEO migration lead,Alt text missing/unverified | WP modified: 2024-07-01T07:06:32
https://sciencedivine.org/wp-content/uploads/2024/07/646bb7f03f6152fb3f13db48c40de1e7.svg,https://sciencedivine.org/wp-content/uploads/2024/07/646bb7f03f6152fb3f13db48c40de1e7.svg,WordPress REST API: media,,,UNVERIFIED,,,No,646bb7f03f6152fb3f13db48c40de1e7.svg,,,image/svg+xml,,,,,,,,,,,,,,NOT TESTED,SEO migration lead,Alt text missing/unverified | WP modified: 2024-07-01T07:06:38
https://sciencedivine.org/wp-content/uploads/2024/07/67fdd8ba89779d7d9051d1f8fccbd15d.svg,https://sciencedivine.org/wp-content/uploads/2024/07/67fdd8ba89779d7d9051d1f8fccbd15d.svg,WordPress REST API: media,,,UNVERIFIED,,,No,67fdd8ba89779d7d9051d1f8fccbd15d.svg,,,image/svg+xml,,,,,,,,,,,,,,NOT TESTED,SEO migration lead,Alt text missing/unverified | WP modified: 2024-07-01T07:07:15
https://sciencedivine.org/wp-content/uploads/2024/07/68d6161038379a7673bcfe7ac6ac5674.svg,https://sciencedivine.org/wp-content/uploads/2024/07/68d6161038379a7673bcfe7ac6ac5674.svg,WordPress REST API: media,,,UNVERIFIED,,,No,68d6161038379a7673bcfe7ac6ac5674.svg,,,image/svg+xml,,,,,,,,,,,,,,NOT TESTED,SEO migration lead,Alt text missing/unverified | WP modified: 2024-07-01T07:07:10
https://sciencedivine.org/wp-content/uploads/2024/07/6c3f89b075f221fa7a7181c648500551.svg,https://sciencedivine.org/wp-content/uploads/2024/07/6c3f89b075f221fa7a7181c648500551.svg,WordPress REST API: media,,,UNVERIFIED,,,No,6c3f89b075f221fa7a7181c648500551.svg,,,image/svg+xml,,,,,,,,,,,,,,NOT TESTED,SEO migration lead,Alt text missing/unverified | WP modified: 2024-07-01T07:06:26
https://sciencedivine.org/wp-content/uploads/2024/07/6caff2869d79cc6918c82a4d99604865.svg,https://sciencedivine.org/wp-content/uploads/2024/07/6caff2869d79cc6918c82a4d99604865.svg,WordPress REST API: media,,,UNVERIFIED,,,No,6caff2869d79cc6918c82a4d99604865.svg,,,image/svg+xml,,,,,,,,,,,,,,NOT TESTED,SEO migration lead,Alt text missing/unverified | WP modified: 2024-07-01T07:07:10
https://sciencedivine.org/wp-content/uploads/2024/07/70744906bbf18911993ecef18b7d0741.svg,https://sciencedivine.org/wp-content/uploads/2024/07/70744906bbf18911993ecef18b7d0741.svg,WordPress REST API: media,,,UNVERIFIED,,,No,70744906bbf18911993ecef18b7d0741.svg,,,image/svg+xml,,,,,,,,,,,,,,NOT TESTED,SEO migration lead,Alt text missing/unverified | WP modified: 2024-07-01T07:06:59
https://sciencedivine.org/wp-content/uploads/2024/07/710e77fb91ddb16a5f0723897ce26ee1.svg,https://sciencedivine.org/wp-content/uploads/2024/07/710e77fb91ddb16a5f0723897ce26ee1.svg,WordPress REST API: media,,,UNVERIFIED,,,No,710e77fb91ddb16a5f0723897ce26ee1.svg,,,image/svg+xml,,,,,,,,,,,,,,NOT TESTED,SEO migration lead,Alt text missing/unverified | WP modified: 2024-07-01T07:06:31
https://sciencedivine.org/wp-content/uploads/2024/07/7216527a11ef23c3f922af33c9371d2e.svg,https://sciencedivine.org/wp-content/uploads/2024/07/7216527a11ef23c3f922af33c9371d2e.svg,WordPress REST API: media,,,UNVERIFIED,,,No,7216527a11ef23c3f922af33c9371d2e.svg,,,image/svg+xml,,,,,,,,,,,,,,NOT TESTED,SEO migration lead,Alt text missing/unverified | WP modified: 2024-07-01T07:06:10
https://sciencedivine.org/wp-content/uploads/2024/07/7266fb1f74ffcf5eda1878a7cb757244.svg,https://sciencedivine.org/wp-content/uploads/2024/07/7266fb1f74ffcf5eda1878a7cb757244.svg,WordPress REST API: media,,,UNVERIFIED,,,No,7266fb1f74ffcf5eda1878a7cb757244.svg,,,image/svg+xml,,,,,,,,,,,,,,NOT TESTED,SEO migration lead,Alt text missing/unverified | WP modified: 2024-07-01T07:06:13
https://sciencedivine.org/wp-content/uploads/2024/07/7278e6921be49adb5faa411ab293795f.svg,https://sciencedivine.org/wp-content/uploads/2024/07/7278e6921be49adb5faa411ab293795f.svg,WordPress REST API: media,,,UNVERIFIED,,,No,7278e6921be49adb5faa411ab293795f.svg,,,image/svg+xml,,,,,,,,,,,,,,NOT TESTED,SEO migration lead,Alt text missing/unverified | WP modified: 2024-07-01T07:06:11
https://sciencedivine.org/wp-content/uploads/2024/07/72cb447c5f71cfa25ad245d0dd96fe71.svg,https://sciencedivine.org/wp-content/uploads/2024/07/72cb447c5f71cfa25ad245d0dd96fe71.svg,WordPress REST API: media,,,UNVERIFIED,,,No,72cb447c5f71cfa25ad245d0dd96fe71.svg,,,image/svg+xml,,,,,,,,,,,,,,NOT TESTED,SEO migration lead,Alt text missing/unverified | WP modified: 2024-07-01T07:07:06
https://sciencedivine.org/wp-content/uploads/2024/07/736690ee0ec12dbdd0953ae69faa2b4d.svg,https://sciencedivine.org/wp-content/uploads/2024/07/736690ee0ec12dbdd0953ae69faa2b4d.svg,WordPress REST API: media,,,UNVERIFIED,,,No,736690ee0ec12dbdd0953ae69faa2b4d.svg,,,image/svg+xml,,,,,,,,,,,,,,NOT TESTED,SEO migration lead,Alt text missing/unverified | WP modified: 2024-07-01T07:06:27
https://sciencedivine.org/wp-content/uploads/2024/07/73f46deef741ccdf0eaff152bfcb8218.svg,https://sciencedivine.org/wp-content/uploads/2024/07/73f46deef741ccdf0eaff152bfcb8218.svg,WordPress REST API: media,,,UNVERIFIED,,,No,73f46deef741ccdf0eaff152bfcb8218.svg,,,image/svg+xml,,,,,,,,,,,,,,NOT TESTED,SEO migration lead,Alt text missing/unverified | WP modified: 2024-07-01T07:06:49
https://sciencedivine.org/wp-content/uploads/2024/07/7700dd33b6edbdc089ac889053609ce8.png,https://sciencedivine.org/wp-content/uploads/2024/07/7700dd33b6edbdc089ac889053609ce8.png,WordPress REST API: media,,,UNVERIFIED,,,No,7700dd33b6edbdc089ac889053609ce8.png,,,image/png,,,,,,,,,,,,,,NOT TESTED,SEO migration lead,Alt text missing/unverified | WP modified: 2024-07-01T07:07:21
https://sciencedivine.org/wp-content/uploads/2024/07/7d2d062396aa55ae38ab7f4ef285751c.svg,https://sciencedivine.org/wp-content/uploads/2024/07/7d2d062396aa55ae38ab7f4ef285751c.svg,WordPress REST API: media,,,UNVERIFIED,,,No,7d2d062396aa55ae38ab7f4ef285751c.svg,,,image/svg+xml,,,,,,,,,,,,,,NOT TESTED,SEO migration lead,Alt text missing/unverified | WP modified: 2024-07-01T07:06:03
https://sciencedivine.org/wp-content/uploads/2024/07/7d6c431203520ddb3e9e5330862a1266.svg,https://sciencedivine.org/wp-content/uploads/2024/07/7d6c431203520ddb3e9e5330862a1266.svg,WordPress REST API: media,,,UNVERIFIED,,,No,7d6c431203520ddb3e9e5330862a1266.svg,,,image/svg+xml,,,,,,,,,,,,,,NOT TESTED,SEO migration lead,Alt text missing/unverified | WP modified: 2024-07-01T07:06:00
https://sciencedivine.org/wp-content/uploads/2024/07/7dc552dac959ced06ff4e7727b734449.svg,https://sciencedivine.org/wp-content/uploads/2024/07/7dc552dac959ced06ff4e7727b734449.svg,WordPress REST API: media,,,UNVERIFIED,,,No,7dc552dac959ced06ff4e7727b734449.svg,,,image/svg+xml,,,,,,,,,,,,,,NOT TESTED,SEO migration lead,Alt text missing/unverified | WP modified: 2024-07-01T07:06:52
https://sciencedivine.org/wp-content/uploads/2024/07/7ef8a212eaf1dcfd6e5490f6e5e3909a.svg,https://sciencedivine.org/wp-content/uploads/2024/07/7ef8a212eaf1dcfd6e5490f6e5e3909a.svg,WordPress REST API: media,,,UNVERIFIED,,,No,7ef8a212eaf1dcfd6e5490f6e5e3909a.svg,,,image/svg+xml,,,,,,,,,,,,,,NOT TESTED,SEO migration lead,Alt text missing/unverified | WP modified: 2024-07-01T07:06:50
https://sciencedivine.org/wp-content/uploads/2024/07/8078ecac2fd5d0402c1d0e37511638ad.svg,https://sciencedivine.org/wp-content/uploads/2024/07/8078ecac2fd5d0402c1d0e37511638ad.svg,WordPress REST API: media,,,UNVERIFIED,,,No,8078ecac2fd5d0402c1d0e37511638ad.svg,,,image/svg+xml,,,,,,,,,,,,,,NOT TESTED,SEO migration lead,Alt text missing/unverified | WP modified: 2024-07-01T07:06:33
https://sciencedivine.org/wp-content/uploads/2024/07/822e54203db2fac3ce99655ba74e3c8e.svg,https://sciencedivine.org/wp-content/uploads/2024/07/822e54203db2fac3ce99655ba74e3c8e.svg,WordPress REST API: media,,,UNVERIFIED,,,No,822e54203db2fac3ce99655ba74e3c8e.svg,,,image/svg+xml,,,,,,,,,,,,,,NOT TESTED,SEO migration lead,Alt text missing/unverified | WP modified: 2024-07-01T07:07:16
https://sciencedivine.org/wp-content/uploads/2024/07/833e104678fdb86181c3d0f309a6a4d6.png,https://sciencedivine.org/wp-content/uploads/2024/07/833e104678fdb86181c3d0f309a6a4d6.png,WordPress REST API: media,,,UNVERIFIED,,,No,833e104678fdb86181c3d0f309a6a4d6.png,,,image/png,,,,,,,,,,,,,,NOT TESTED,SEO migration lead,Alt text missing/unverified | WP modified: 2024-07-01T07:06:17
https://sciencedivine.org/wp-content/uploads/2024/07/8900adde656c69226e15cb4403aec2b6.svg,https://sciencedivine.org/wp-content/uploads/2024/07/8900adde656c69226e15cb4403aec2b6.svg,WordPress REST API: media,,,UNVERIFIED,,,No,8900adde656c69226e15cb4403aec2b6.svg,,,image/svg+xml,,,,,,,,,,,,,,NOT TESTED,SEO migration lead,Alt text missing/unverified | WP modified: 2024-07-01T07:07:07
https://sciencedivine.org/wp-content/uploads/2024/07/8ad4df233413b79279fd49a72d920616.svg,https://sciencedivine.org/wp-content/uploads/2024/07/8ad4df233413b79279fd49a72d920616.svg,WordPress REST API: media,,,UNVERIFIED,,,No,8ad4df233413b79279fd49a72d920616.svg,,,image/svg+xml,,,,,,,,,,,,,,NOT TESTED,SEO migration lead,Alt text missing/unverified | WP modified: 2024-07-01T07:06:56
https://sciencedivine.org/wp-content/uploads/2024/07/8c7da11d28f82dad193d4933587e5f94.svg,https://sciencedivine.org/wp-content/uploads/2024/07/8c7da11d28f82dad193d4933587e5f94.svg,WordPress REST API: media,,,UNVERIFIED,,,No,8c7da11d28f82dad193d4933587e5f94.svg,,,image/svg+xml,,,,,,,,,,,,,,NOT TESTED,SEO migration lead,Alt text missing/unverified | WP modified: 2024-07-01T07:06:45
https://sciencedivine.org/wp-content/uploads/2024/07/8da9f3e0bb779c358303d3a3bc18c362.svg,https://sciencedivine.org/wp-content/uploads/2024/07/8da9f3e0bb779c358303d3a3bc18c362.svg,WordPress REST API: media,,,UNVERIFIED,,,No,8da9f3e0bb779c358303d3a3bc18c362.svg,,,image/svg+xml,,,,,,,,,,,,,,NOT TESTED,SEO migration lead,Alt text missing/unverified | WP modified: 2024-07-01T07:07:11
https://sciencedivine.org/wp-content/uploads/2024/07/8ef7cbb3d07a17a7233144de0648e0b0.svg,https://sciencedivine.org/wp-content/uploads/2024/07/8ef7cbb3d07a17a7233144de0648e0b0.svg,WordPress REST API: media,,,UNVERIFIED,,,No,8ef7cbb3d07a17a7233144de0648e0b0.svg,,,image/svg+xml,,,,,,,,,,,,,,NOT TESTED,SEO migration lead,Alt text missing/unverified | WP modified: 2024-07-01T07:06:37
https://sciencedivine.org/wp-content/uploads/2024/07/8fd1f63e8b54c3490e8a20cdb9f97bdf.svg,https://sciencedivine.org/wp-content/uploads/2024/07/8fd1f63e8b54c3490e8a20cdb9f97bdf.svg,WordPress REST API: media,,,UNVERIFIED,,,No,8fd1f63e8b54c3490e8a20cdb9f97bdf.svg,,,image/svg+xml,,,,,,,,,,,,,,NOT TESTED,SEO migration lead,Alt text missing/unverified | WP modified: 2024-07-01T07:07:17
https://sciencedivine.org/wp-content/uploads/2024/07/94f560b4df5d83e73eb57c8072c97400.svg,https://sciencedivine.org/wp-content/uploads/2024/07/94f560b4df5d83e73eb57c8072c97400.svg,WordPress REST API: media,,,UNVERIFIED,,,No,94f560b4df5d83e73eb57c8072c97400.svg,,,image/svg+xml,,,,,,,,,,,,,,NOT TESTED,SEO migration lead,Alt text missing/unverified | WP modified: 2024-07-01T07:06:53
https://sciencedivine.org/wp-content/uploads/2024/07/966d5258cd4a0b5037676a90a3e67442.svg,https://sciencedivine.org/wp-content/uploads/2024/07/966d5258cd4a0b5037676a90a3e67442.svg,WordPress REST API: media,,,UNVERIFIED,,,No,966d5258cd4a0b5037676a90a3e67442.svg,,,image/svg+xml,,,,,,,,,,,,,,NOT TESTED,SEO migration lead,Alt text missing/unverified | WP modified: 2024-07-01T07:06:29
https://sciencedivine.org/wp-content/uploads/2024/07/98b753c967766e198ff292a3051c0d8d.svg,https://sciencedivine.org/wp-content/uploads/2024/07/98b753c967766e198ff292a3051c0d8d.svg,WordPress REST API: media,,,UNVERIFIED,,,No,98b753c967766e198ff292a3051c0d8d.svg,,,image/svg+xml,,,,,,,,,,,,,,NOT TESTED,SEO migration lead,Alt text missing/unverified | WP modified: 2024-07-01T07:06:31
https://sciencedivine.org/wp-content/uploads/2024/07/9962c14d778e62208cdc8b3a029e3e9c.png,https://sciencedivine.org/wp-content/uploads/2024/07/9962c14d778e62208cdc8b3a029e3e9c.png,WordPress REST API: media,,,UNVERIFIED,,,No,9962c14d778e62208cdc8b3a029e3e9c.png,,,image/png,,,,,,,,,,,,,,NOT TESTED,SEO migration lead,Alt text missing/unverified | WP modified: 2024-07-01T07:06:24
https://sciencedivine.org/wp-content/uploads/2024/07/9abb8cbc6716df9aea92eefc73af1cae.svg,https://sciencedivine.org/wp-content/uploads/2024/07/9abb8cbc6716df9aea92eefc73af1cae.svg,WordPress REST API: media,,,UNVERIFIED,,,No,9abb8cbc6716df9aea92eefc73af1cae.svg,,,image/svg+xml,,,,,,,,,,,,,,NOT TESTED,SEO migration lead,Alt text missing/unverified | WP modified: 2024-07-01T07:06:46
https://sciencedivine.org/wp-content/uploads/2024/07/9d2c6165921782493b54c0c62d473a94.svg,https://sciencedivine.org/wp-content/uploads/2024/07/9d2c6165921782493b54c0c62d473a94.svg,WordPress REST API: media,,,UNVERIFIED,,,No,9d2c6165921782493b54c0c62d473a94.svg,,,image/svg+xml,,,,,,,,,,,,,,NOT TESTED,SEO migration lead,Alt text missing/unverified | WP modified: 2024-07-01T07:07:08
https://sciencedivine.org/wp-content/uploads/2024/07/9d882617ee14be3124131ecb6e4a712b.svg,https://sciencedivine.org/wp-content/uploads/2024/07/9d882617ee14be3124131ecb6e4a712b.svg,WordPress REST API: media,,,UNVERIFIED,,,No,9d882617ee14be3124131ecb6e4a712b.svg,,,image/svg+xml,,,,,,,,,,,,,,NOT TESTED,SEO migration lead,Alt text missing/unverified | WP modified: 2024-07-01T07:06:27
https://sciencedivine.org/wp-content/uploads/2024/07/9de58cec13c6ac67ed11fe3a45a18558.svg,https://sciencedivine.org/wp-content/uploads/2024/07/9de58cec13c6ac67ed11fe3a45a18558.svg,WordPress REST API: media,,,UNVERIFIED,,,No,9de58cec13c6ac67ed11fe3a45a18558.svg,,,image/svg+xml,,,,,,,,,,,,,,NOT TESTED,SEO migration lead,Alt text missing/unverified | WP modified: 2024-07-01T07:06:36
https://sciencedivine.org/wp-content/uploads/2024/07/a2945ccd58250d27588698eaccd06474.svg,https://sciencedivine.org/wp-content/uploads/2024/07/a2945ccd58250d27588698eaccd06474.svg,WordPress REST API: media,,,UNVERIFIED,,,No,a2945ccd58250d27588698eaccd06474.svg,,,image/svg+xml,,,,,,,,,,,,,,NOT TESTED,SEO migration lead,Alt text missing/unverified | WP modified: 2024-07-01T07:06:30
https://sciencedivine.org/wp-content/uploads/2024/07/ab129ecc0af200c74c5c0c14bf5b1bdf.svg,https://sciencedivine.org/wp-content/uploads/2024/07/ab129ecc0af200c74c5c0c14bf5b1bdf.svg,WordPress REST API: media,,,UNVERIFIED,,,No,ab129ecc0af200c74c5c0c14bf5b1bdf.svg,,,image/svg+xml,,,,,,,,,,,,,,NOT TESTED,SEO migration lead,Alt text missing/unverified | WP modified: 2024-07-01T07:06:08
https://sciencedivine.org/wp-content/uploads/2024/07/aec4609975a1567a9d4ef16b3c97117d.svg,https://sciencedivine.org/wp-content/uploads/2024/07/aec4609975a1567a9d4ef16b3c97117d.svg,WordPress REST API: media,,,UNVERIFIED,,,No,aec4609975a1567a9d4ef16b3c97117d.svg,,,image/svg+xml,,,,,,,,,,,,,,NOT TESTED,SEO migration lead,Alt text missing/unverified | WP modified: 2024-07-01T07:07:36
https://sciencedivine.org/wp-content/uploads/2024/07/b0d6dbf34e8e1dd55a7c3fe14047d085.svg,https://sciencedivine.org/wp-content/uploads/2024/07/b0d6dbf34e8e1dd55a7c3fe14047d085.svg,WordPress REST API: media,,,UNVERIFIED,,,No,b0d6dbf34e8e1dd55a7c3fe14047d085.svg,,,image/svg+xml,,,,,,,,,,,,,,NOT TESTED,SEO migration lead,Alt text missing/unverified | WP modified: 2024-07-01T07:06:33
https://sciencedivine.org/wp-content/uploads/2024/07/b195f7a615822225170cf8683e06ca46.svg,https://sciencedivine.org/wp-content/uploads/2024/07/b195f7a615822225170cf8683e06ca46.svg,WordPress REST API: media,,,UNVERIFIED,,,No,b195f7a615822225170cf8683e06ca46.svg,,,image/svg+xml,,,,,,,,,,,,,,NOT TESTED,SEO migration lead,Alt text missing/unverified | WP modified: 2024-07-01T07:06:47
https://sciencedivine.org/wp-content/uploads/2024/07/b274c57740cf720075241f49a398c996.svg,https://sciencedivine.org/wp-content/uploads/2024/07/b274c57740cf720075241f49a398c996.svg,WordPress REST API: media,,,UNVERIFIED,,,No,b274c57740cf720075241f49a398c996.svg,,,image/svg+xml,,,,,,,,,,,,,,NOT TESTED,SEO migration lead,Alt text missing/unverified | WP modified: 2024-07-01T07:06:09
https://sciencedivine.org/wp-content/uploads/2024/07/b56486db2a5a3e895570021b6b5139a3.svg,https://sciencedivine.org/wp-content/uploads/2024/07/b56486db2a5a3e895570021b6b5139a3.svg,WordPress REST API: media,,,UNVERIFIED,,,No,b56486db2a5a3e895570021b6b5139a3.svg,,,image/svg+xml,,,,,,,,,,,,,,NOT TESTED,SEO migration lead,Alt text missing/unverified | WP modified: 2024-07-01T07:06:34
https://sciencedivine.org/wp-content/uploads/2024/07/b65cf4b1802310c611967ee7ef1a5725.svg,https://sciencedivine.org/wp-content/uploads/2024/07/b65cf4b1802310c611967ee7ef1a5725.svg,WordPress REST API: media,,,UNVERIFIED,,,No,b65cf4b1802310c611967ee7ef1a5725.svg,,,image/svg+xml,,,,,,,,,,,,,,NOT TESTED,SEO migration lead,Alt text missing/unverified | WP modified: 2024-07-01T07:07:14
https://sciencedivine.org/wp-content/uploads/2024/07/b97d5c520d64d9444e7566d6d5714548.png,https://sciencedivine.org/wp-content/uploads/2024/07/b97d5c520d64d9444e7566d6d5714548.png,WordPress REST API: media,,,UNVERIFIED,,,No,b97d5c520d64d9444e7566d6d5714548.png,,,image/png,,,,,,,,,,,,,,NOT TESTED,SEO migration lead,Alt text missing/unverified | WP modified: 2024-07-01T07:06:13
https://sciencedivine.org/wp-content/uploads/2024/07/background-main.png,https://sciencedivine.org/wp-content/uploads/2024/07/background-main.png,WordPress REST API: media,,,UNVERIFIED,,,No,background-main,,,image/png,,,,,,,,,,,,,,NOT TESTED,SEO migration lead,Alt text missing/unverified | WP modified: 2024-07-04T10:14:24
https://sciencedivine.org/wp-content/uploads/2024/07/bae2976b749b403d148dc9570387bdbf.svg,https://sciencedivine.org/wp-content/uploads/2024/07/bae2976b749b403d148dc9570387bdbf.svg,WordPress REST API: media,,,UNVERIFIED,,,No,bae2976b749b403d148dc9570387bdbf.svg,,,image/svg+xml,,,,,,,,,,,,,,NOT TESTED,SEO migration lead,Alt text missing/unverified | WP modified: 2024-07-01T07:06:22
https://sciencedivine.org/wp-content/uploads/2024/07/bc54ec14d1d848848387efdfab9a3262.png,https://sciencedivine.org/wp-content/uploads/2024/07/bc54ec14d1d848848387efdfab9a3262.png,WordPress REST API: media,,,UNVERIFIED,,,No,bc54ec14d1d848848387efdfab9a3262.png,,,image/png,,,,,,,,,,,,,,NOT TESTED,SEO migration lead,Alt text missing/unverified | WP modified: 2024-07-01T07:06:14
https://sciencedivine.org/wp-content/uploads/2024/07/bca42e1c4ea9505fa90a01da6cbfbbce.svg,https://sciencedivine.org/wp-content/uploads/2024/07/bca42e1c4ea9505fa90a01da6cbfbbce.svg,WordPress REST API: media,,,UNVERIFIED,,,No,bca42e1c4ea9505fa90a01da6cbfbbce.svg,,,image/svg+xml,,,,,,,,,,,,,,NOT TESTED,SEO migration lead,Alt text missing/unverified | WP modified: 2024-07-01T07:06:19
https://sciencedivine.org/wp-content/uploads/2024/07/bdc3902db3a62773cf518b9862bf4b10.svg,https://sciencedivine.org/wp-content/uploads/2024/07/bdc3902db3a62773cf518b9862bf4b10.svg,WordPress REST API: media,,,UNVERIFIED,,,No,bdc3902db3a62773cf518b9862bf4b10.svg,,,image/svg+xml,,,,,,,,,,,,,,NOT TESTED,SEO migration lead,Alt text missing/unverified | WP modified: 2024-07-01T07:06:44
https://sciencedivine.org/wp-content/uploads/2024/07/bf42d3d51cb84528d1deed5cb92557cb.svg,https://sciencedivine.org/wp-content/uploads/2024/07/bf42d3d51cb84528d1deed5cb92557cb.svg,WordPress REST API: media,,,UNVERIFIED,,,No,bf42d3d51cb84528d1deed5cb92557cb.svg,,,image/svg+xml,,,,,,,,,,,,,,NOT TESTED,SEO migration lead,Alt text missing/unverified | WP modified: 2024-07-01T07:06:29
https://sciencedivine.org/wp-content/uploads/2024/07/Build-Mental-Power-1.webp,https://sciencedivine.org/wp-content/uploads/2024/07/Build-Mental-Power-1.webp,WordPress REST API: media,,,UNVERIFIED,,,No,Build-Mental-Power-1,,,image/webp,,,,,,,,,,,,,,NOT TESTED,SEO migration lead,Alt text missing/unverified | WP modified: 2024-07-20T06:38:46
https://sciencedivine.org/wp-content/uploads/2024/07/Build-Mental-Power-2.webp,https://sciencedivine.org/wp-content/uploads/2024/07/Build-Mental-Power-2.webp,WordPress REST API: media,,,UNVERIFIED,,,No,Build-Mental-Power-2,,,image/webp,,,,,,,,,,,,,,NOT TESTED,SEO migration lead,Alt text missing/unverified | WP modified: 2024-07-20T06:38:39
https://sciencedivine.org/wp-content/uploads/2024/07/Build-Mental-Power-cover.webp,https://sciencedivine.org/wp-content/uploads/2024/07/Build-Mental-Power-cover.webp,WordPress REST API: media,,,UNVERIFIED,,,No,Build-Mental-Power-cover,,,image/webp,,,,,,,,,,,,,,NOT TESTED,SEO migration lead,Alt text missing/unverified | WP modified: 2024-08-05T18:04:57
https://sciencedivine.org/wp-content/uploads/2024/07/by-Sakshi-Shree.png,https://sciencedivine.org/wp-content/uploads/2024/07/by-Sakshi-Shree.png,WordPress REST API: media,,,UNVERIFIED,,,No,by-Sakshi-Shree,,,image/png,,,,,,,,,,,,,,NOT TESTED,SEO migration lead,Alt text missing/unverified | WP modified: 2024-07-04T10:14:57
https://sciencedivine.org/wp-content/uploads/2024/07/c09a51eb74ec3a616242b6cf907a76e1.svg,https://sciencedivine.org/wp-content/uploads/2024/07/c09a51eb74ec3a616242b6cf907a76e1.svg,WordPress REST API: media,,,UNVERIFIED,,,No,c09a51eb74ec3a616242b6cf907a76e1.svg,,,image/svg+xml,,,,,,,,,,,,,,NOT TESTED,SEO migration lead,Alt text missing/unverified | WP modified: 2024-07-01T07:06:34
https://sciencedivine.org/wp-content/uploads/2024/07/c0b964dc7c1bf6d897635ccb06466a35.png,https://sciencedivine.org/wp-content/uploads/2024/07/c0b964dc7c1bf6d897635ccb06466a35.png,WordPress REST API: media,,,UNVERIFIED,,,No,c0b964dc7c1bf6d897635ccb06466a35.png,,,image/png,,,,,,,,,,,,,,NOT TESTED,SEO migration lead,Alt text missing/unverified | WP modified: 2024-07-01T07:27:23
https://sciencedivine.org/wp-content/uploads/2024/07/c3605e0219bf28a08c03f9467f1f585d.svg,https://sciencedivine.org/wp-content/uploads/2024/07/c3605e0219bf28a08c03f9467f1f585d.svg,WordPress REST API: media,,,UNVERIFIED,,,No,c3605e0219bf28a08c03f9467f1f585d.svg,,,image/svg+xml,,,,,,,,,,,,,,NOT TESTED,SEO migration lead,Alt text missing/unverified | WP modified: 2024-07-01T07:06:02
https://sciencedivine.org/wp-content/uploads/2024/07/c6899b0ca72a1c62e8879b8b4d123e6a.svg,https://sciencedivine.org/wp-content/uploads/2024/07/c6899b0ca72a1c62e8879b8b4d123e6a.svg,WordPress REST API: media,,,UNVERIFIED,,,No,c6899b0ca72a1c62e8879b8b4d123e6a.svg,,,image/svg+xml,,,,,,,,,,,,,,NOT TESTED,SEO migration lead,Alt text missing/unverified | WP modified: 2024-07-01T07:07:11
https://sciencedivine.org/wp-content/uploads/2024/07/c9d4efa261efa726b791ddf86d6ee99f.svg,https://sciencedivine.org/wp-content/uploads/2024/07/c9d4efa261efa726b791ddf86d6ee99f.svg,WordPress REST API: media,,,UNVERIFIED,,,No,c9d4efa261efa726b791ddf86d6ee99f.svg,,,image/svg+xml,,,,,,,,,,,,,,NOT TESTED,SEO migration lead,Alt text missing/unverified | WP modified: 2024-07-01T07:06:35
https://sciencedivine.org/wp-content/uploads/2024/07/ca0ead70ac27a6ebd8e43ad1f56e1826.svg,https://sciencedivine.org/wp-content/uploads/2024/07/ca0ead70ac27a6ebd8e43ad1f56e1826.svg,WordPress REST API: media,,,UNVERIFIED,,,No,ca0ead70ac27a6ebd8e43ad1f56e1826.svg,,,image/svg+xml,,,,,,,,,,,,,,NOT TESTED,SEO migration lead,Alt text missing/unverified | WP modified: 2024-07-01T07:07:37
https://sciencedivine.org/wp-content/uploads/2024/07/ca66798601ed928570d3b00b43d37db6.png,https://sciencedivine.org/wp-content/uploads/2024/07/ca66798601ed928570d3b00b43d37db6.png,WordPress REST API: media,,,UNVERIFIED,,,No,ca66798601ed928570d3b00b43d37db6.png,,,image/png,,,,,,,,,,,,,,NOT TESTED,SEO migration lead,Alt text missing/unverified | WP modified: 2024-07-01T07:06:07
https://sciencedivine.org/wp-content/uploads/2024/07/Change-your-destiny.png,https://sciencedivine.org/wp-content/uploads/2024/07/Change-your-destiny.png,WordPress REST API: media,,,UNVERIFIED,,,No,Change-your-destiny,,,image/png,,,,,,,,,,,,,,NOT TESTED,SEO migration lead,Alt: Change-your-destiny | WP modified: 2024-08-05T18:05:03
https://sciencedivine.org/wp-content/uploads/2024/07/Check_fill.png,https://sciencedivine.org/wp-content/uploads/2024/07/Check_fill.png,WordPress REST API: media,,,UNVERIFIED,,,No,Check_fill,,,image/png,,,,,,,,,,,,,,NOT TESTED,SEO migration lead,Alt text missing/unverified | WP modified: 2024-07-04T10:15:03
https://sciencedivine.org/wp-content/uploads/2024/07/Connect-with-the-divine-power.jpeg,https://sciencedivine.org/wp-content/uploads/2024/07/Connect-with-the-divine-power.jpeg,WordPress REST API: media,,,UNVERIFIED,,,No,Connect-with-the-divine-power,,,image/jpeg,,,,,,,,,,,,,,NOT TESTED,SEO migration lead,Alt: Connect-with-the-divine-power | WP modified: 2024-07-10T06:58:08
https://sciencedivine.org/wp-content/uploads/2024/07/d0f3a1183bebfb761c392125e4f034de.svg,https://sciencedivine.org/wp-content/uploads/2024/07/d0f3a1183bebfb761c392125e4f034de.svg,WordPress REST API: media,,,UNVERIFIED,,,No,d0f3a1183bebfb761c392125e4f034de.svg,,,image/svg+xml,,,,,,,,,,,,,,NOT TESTED,SEO migration lead,Alt text missing/unverified | WP modified: 2024-07-01T07:06:37
https://sciencedivine.org/wp-content/uploads/2024/07/d16a2bd806256879cc3c66d10a9fa7b6.svg,https://sciencedivine.org/wp-content/uploads/2024/07/d16a2bd806256879cc3c66d10a9fa7b6.svg,WordPress REST API: media,,,UNVERIFIED,,,No,d16a2bd806256879cc3c66d10a9fa7b6.svg,,,image/svg+xml,,,,,,,,,,,,,,NOT TESTED,SEO migration lead,Alt text missing/unverified | WP modified: 2024-07-01T07:06:38
https://sciencedivine.org/wp-content/uploads/2024/07/d30c7dcdc765294f2cd3d47bcb16ccb2.svg,https://sciencedivine.org/wp-content/uploads/2024/07/d30c7dcdc765294f2cd3d47bcb16ccb2.svg,WordPress REST API: media,,,UNVERIFIED,,,No,d30c7dcdc765294f2cd3d47bcb16ccb2.svg,,,image/svg+xml,,,,,,,,,,,,,,NOT TESTED,SEO migration lead,Alt text missing/unverified | WP modified: 2024-07-01T07:06:51
https://sciencedivine.org/wp-content/uploads/2024/07/d4298bd05a54c69ffdc3e0edfe4c2842.svg,https://sciencedivine.org/wp-content/uploads/2024/07/d4298bd05a54c69ffdc3e0edfe4c2842.svg,WordPress REST API: media,,,UNVERIFIED,,,No,d4298bd05a54c69ffdc3e0edfe4c2842.svg,,,image/svg+xml,,,,,,,,,,,,,,NOT TESTED,SEO migration lead,Alt text missing/unverified | WP modified: 2024-07-01T07:07:00
https://sciencedivine.org/wp-content/uploads/2024/07/d699abb2bc875c2d94f6745db6a5f203.svg,https://sciencedivine.org/wp-content/uploads/2024/07/d699abb2bc875c2d94f6745db6a5f203.svg,WordPress REST API: media,,,UNVERIFIED,,,No,d699abb2bc875c2d94f6745db6a5f203.svg,,,image/svg+xml,,,,,,,,,,,,,,NOT TESTED,SEO migration lead,Alt text missing/unverified | WP modified: 2024-07-01T07:06:57
https://sciencedivine.org/wp-content/uploads/2024/07/d7fec8bb22f62f62ec0d99ae2c8f3de6.svg,https://sciencedivine.org/wp-content/uploads/2024/07/d7fec8bb22f62f62ec0d99ae2c8f3de6.svg,WordPress REST API: media,,,UNVERIFIED,,,No,d7fec8bb22f62f62ec0d99ae2c8f3de6.svg,,,image/svg+xml,,,,,,,,,,,,,,NOT TESTED,SEO migration lead,Alt text missing/unverified | WP modified: 2024-07-01T07:07:27
https://sciencedivine.org/wp-content/uploads/2024/07/d98408747222f5db972a50191945c0df.png,https://sciencedivine.org/wp-content/uploads/2024/07/d98408747222f5db972a50191945c0df.png,WordPress REST API: media,,,UNVERIFIED,,,No,d98408747222f5db972a50191945c0df.png,,,image/png,,,,,,,,,,,,,,NOT TESTED,SEO migration lead,Alt text missing/unverified | WP modified: 2024-07-01T07:06:19
https://sciencedivine.org/wp-content/uploads/2024/07/Daimond-Dairy-for-email.png,https://sciencedivine.org/wp-content/uploads/2024/07/Daimond-Dairy-for-email.png,WordPress REST API: media,,,UNVERIFIED,,,No,Daimond-Dairy-for-email,,,image/png,,,,,,,,,,,,,,NOT TESTED,SEO migration lead,Alt text missing/unverified | WP modified: 2024-07-15T10:23:17
https://sciencedivine.org/wp-content/uploads/2024/07/DateVenue.png,https://sciencedivine.org/wp-content/uploads/2024/07/DateVenue.png,WordPress REST API: media,,,UNVERIFIED,,,No,DateVenue,,,image/png,,,,,,,,,,,,,,NOT TESTED,SEO migration lead,Alt text missing/unverified | WP modified: 2024-07-04T10:15:08
https://sciencedivine.org/wp-content/uploads/2024/07/db92fe78599acb16ca53576899ea195f.svg,https://sciencedivine.org/wp-content/uploads/2024/07/db92fe78599acb16ca53576899ea195f.svg,WordPress REST API: media,,,UNVERIFIED,,,No,db92fe78599acb16ca53576899ea195f.svg,,,image/svg+xml,,,,,,,,,,,,,,NOT TESTED,SEO migration lead,Alt text missing/unverified | WP modified: 2024-07-01T07:06:18
https://sciencedivine.org/wp-content/uploads/2024/07/dba63746fe1489911806278f0cbd7785.svg,https://sciencedivine.org/wp-content/uploads/2024/07/dba63746fe1489911806278f0cbd7785.svg,WordPress REST API: media,,,UNVERIFIED,,,No,dba63746fe1489911806278f0cbd7785.svg,,,image/svg+xml,,,,,,,,,,,,,,NOT TESTED,SEO migration lead,Alt text missing/unverified | WP modified: 2024-07-01T07:06:36
https://sciencedivine.org/wp-content/uploads/2024/07/deca22d1d92eb85ae857df8612d5acb3.svg,https://sciencedivine.org/wp-content/uploads/2024/07/deca22d1d92eb85ae857df8612d5acb3.svg,WordPress REST API: media,,,UNVERIFIED,,,No,deca22d1d92eb85ae857df8612d5acb3.svg,,,image/svg+xml,,,,,,,,,,,,,,NOT TESTED,SEO migration lead,Alt text missing/unverified | WP modified: 2024-07-01T07:06:20
https://sciencedivine.org/wp-content/uploads/2024/07/decluter-thumbnail.jpg,https://sciencedivine.org/wp-content/uploads/2024/07/decluter-thumbnail.jpg,WordPress REST API: media,,,UNVERIFIED,,,No,decluter-thumbnail,,,image/jpeg,,,,,,,,,,,,,,NOT TESTED,SEO migration lead,Alt text missing/unverified | WP modified: 2024-07-06T09:01:55
https://sciencedivine.org/wp-content/uploads/2024/07/deep-breathing-for-better-brain.png,https://sciencedivine.org/wp-content/uploads/2024/07/deep-breathing-for-better-brain.png,WordPress REST API: media,,,UNVERIFIED,,,No,deep-breathing-for-better-brain,,,image/png,,,,,,,,,,,,,,NOT TESTED,SEO migration lead,Alt: deep-breathing-for-better-brain | WP modified: 2024-07-13T07:11:51
https://sciencedivine.org/wp-content/uploads/2024/07/e0d31b454c1eab668c2355acc76c5f70.svg,https://sciencedivine.org/wp-content/uploads/2024/07/e0d31b454c1eab668c2355acc76c5f70.svg,WordPress REST API: media,,,UNVERIFIED,,,No,e0d31b454c1eab668c2355acc76c5f70.svg,,,image/svg+xml,,,,,,,,,,,,,,NOT TESTED,SEO migration lead,Alt text missing/unverified | WP modified: 2024-07-01T07:06:53
https://sciencedivine.org/wp-content/uploads/2024/07/e1c9d4eb124131980c456eee870a6306.svg,https://sciencedivine.org/wp-content/uploads/2024/07/e1c9d4eb124131980c456eee870a6306.svg,WordPress REST API: media,,,UNVERIFIED,,,No,e1c9d4eb124131980c456eee870a6306.svg,,,image/svg+xml,,,,,,,,,,,,,,NOT TESTED,SEO migration lead,Alt text missing/unverified | WP modified: 2024-07-01T07:06:55
https://sciencedivine.org/wp-content/uploads/2024/07/e2820646356adebb42cdd1eeaca24cd3.svg,https://sciencedivine.org/wp-content/uploads/2024/07/e2820646356adebb42cdd1eeaca24cd3.svg,WordPress REST API: media,,,UNVERIFIED,,,No,e2820646356adebb42cdd1eeaca24cd3.svg,,,image/svg+xml,,,,,,,,,,,,,,NOT TESTED,SEO migration lead,Alt text missing/unverified | WP modified: 2024-07-01T07:06:07
https://sciencedivine.org/wp-content/uploads/2024/07/e4153871216ed0a016ab39a32e7dd21a.png,https://sciencedivine.org/wp-content/uploads/2024/07/e4153871216ed0a016ab39a32e7dd21a.png,WordPress REST API: media,,,UNVERIFIED,,,No,e4153871216ed0a016ab39a32e7dd21a.png,,,image/png,,,,,,,,,,,,,,NOT TESTED,SEO migration lead,Alt text missing/unverified | WP modified: 2024-07-01T07:07:23
https://sciencedivine.org/wp-content/uploads/2024/07/e4d9be7f962953f9575d1aefcd1abb4d.png,https://sciencedivine.org/wp-content/uploads/2024/07/e4d9be7f962953f9575d1aefcd1abb4d.png,WordPress REST API: media,,,UNVERIFIED,,,No,e4d9be7f962953f9575d1aefcd1abb4d.png,,,image/png,,,,,,,,,,,,,,NOT TESTED,SEO migration lead,Alt text missing/unverified | WP modified: 2024-07-01T07:06:16
https://sciencedivine.org/wp-content/uploads/2024/07/e5012c6e6f91df765f44da941f78ac5f.svg,https://sciencedivine.org/wp-content/uploads/2024/07/e5012c6e6f91df765f44da941f78ac5f.svg,WordPress REST API: media,,,UNVERIFIED,,,No,e5012c6e6f91df765f44da941f78ac5f.svg,,,image/svg+xml,,,,,,,,,,,,,,NOT TESTED,SEO migration lead,Alt text missing/unverified | WP modified: 2024-07-01T07:06:39
https://sciencedivine.org/wp-content/uploads/2024/07/e5824f8851a8aaf1736fab92a6eeecff.svg,https://sciencedivine.org/wp-content/uploads/2024/07/e5824f8851a8aaf1736fab92a6eeecff.svg,WordPress REST API: media,,,UNVERIFIED,,,No,e5824f8851a8aaf1736fab92a6eeecff.svg,,,image/svg+xml,,,,,,,,,,,,,,NOT TESTED,SEO migration lead,Alt text missing/unverified | WP modified: 2024-07-01T07:07:04
https://sciencedivine.org/wp-content/uploads/2024/07/e7427beebb30cd7a90328b191cd1aa18.svg,https://sciencedivine.org/wp-content/uploads/2024/07/e7427beebb30cd7a90328b191cd1aa18.svg,WordPress REST API: media,,,UNVERIFIED,,,No,e7427beebb30cd7a90328b191cd1aa18.svg,,,image/svg+xml,,,,,,,,,,,,,,NOT TESTED,SEO migration lead,Alt text missing/unverified | WP modified: 2024-07-01T07:06:45
https://sciencedivine.org/wp-content/uploads/2024/07/eda8d6532afb19e2c3374c92f02facd1.svg,https://sciencedivine.org/wp-content/uploads/2024/07/eda8d6532afb19e2c3374c92f02facd1.svg,WordPress REST API: media,,,UNVERIFIED,,,No,eda8d6532afb19e2c3374c92f02facd1.svg,,,image/svg+xml,,,,,,,,,,,,,,NOT TESTED,SEO migration lead,Alt text missing/unverified | WP modified: 2024-07-01T07:06:42
https://sciencedivine.org/wp-content/uploads/2024/07/ee53e8ae81af58e3599eef97c29b09ee.png,https://sciencedivine.org/wp-content/uploads/2024/07/ee53e8ae81af58e3599eef97c29b09ee.png,WordPress REST API: media,,,UNVERIFIED,,,No,ee53e8ae81af58e3599eef97c29b09ee.png,,,image/png,,,,,,,,,,,,,,NOT TESTED,SEO migration lead,Alt text missing/unverified | WP modified: 2024-07-01T07:07:36
https://sciencedivine.org/wp-content/uploads/2024/07/ee821cca31c019188e54b86c73710c55.png,https://sciencedivine.org/wp-content/uploads/2024/07/ee821cca31c019188e54b86c73710c55.png,WordPress REST API: media,,,UNVERIFIED,,,No,ee821cca31c019188e54b86c73710c55.png,,,image/png,,,,,,,,,,,,,,NOT TESTED,SEO migration lead,Alt text missing/unverified | WP modified: 2024-07-01T07:07:29
https://sciencedivine.org/wp-content/uploads/2024/07/ef6a47c22335e1137ce042321ee8b189.svg,https://sciencedivine.org/wp-content/uploads/2024/07/ef6a47c22335e1137ce042321ee8b189.svg,WordPress REST API: media,,,UNVERIFIED,,,No,ef6a47c22335e1137ce042321ee8b189.svg,,,image/svg+xml,,,,,,,,,,,,,,NOT TESTED,SEO migration lead,Alt text missing/unverified | WP modified: 2024-07-01T07:06:49
https://sciencedivine.org/wp-content/uploads/2024/07/ef6ff24fbedaacc8dbca11cef4db2349.svg,https://sciencedivine.org/wp-content/uploads/2024/07/ef6ff24fbedaacc8dbca11cef4db2349.svg,WordPress REST API: media,,,UNVERIFIED,,,No,ef6ff24fbedaacc8dbca11cef4db2349.svg,,,image/svg+xml,,,,,,,,,,,,,,NOT TESTED,SEO migration lead,Alt text missing/unverified | WP modified: 2024-07-01T07:06:54
https://sciencedivine.org/wp-content/uploads/2024/07/f096068f90f7b6a3e418e46044451d2f.svg,https://sciencedivine.org/wp-content/uploads/2024/07/f096068f90f7b6a3e418e46044451d2f.svg,WordPress REST API: media,,,UNVERIFIED,,,No,f096068f90f7b6a3e418e46044451d2f.svg,,,image/svg+xml,,,,,,,,,,,,,,NOT TESTED,SEO migration lead,Alt text missing/unverified | WP modified: 2024-07-01T07:06:23
https://sciencedivine.org/wp-content/uploads/2024/07/f0b02bf50f27b14a9e177e91fe8130f1.svg,https://sciencedivine.org/wp-content/uploads/2024/07/f0b02bf50f27b14a9e177e91fe8130f1.svg,WordPress REST API: media,,,UNVERIFIED,,,No,f0b02bf50f27b14a9e177e91fe8130f1.svg,,,image/svg+xml,,,,,,,,,,,,,,NOT TESTED,SEO migration lead,Alt text missing/unverified | WP modified: 2024-07-01T07:07:04
https://sciencedivine.org/wp-content/uploads/2024/07/f142c235af62079bce3afb2211e3f4b5.svg,https://sciencedivine.org/wp-content/uploads/2024/07/f142c235af62079bce3afb2211e3f4b5.svg,WordPress REST API: media,,,UNVERIFIED,,,No,f142c235af62079bce3afb2211e3f4b5.svg,,,image/svg+xml,,,,,,,,,,,,,,NOT TESTED,SEO migration lead,Alt text missing/unverified | WP modified: 2024-07-01T07:07:17
https://sciencedivine.org/wp-content/uploads/2024/07/f1c5b152a01afefad200d1dbb628cb06.svg,https://sciencedivine.org/wp-content/uploads/2024/07/f1c5b152a01afefad200d1dbb628cb06.svg,WordPress REST API: media,,,UNVERIFIED,,,No,f1c5b152a01afefad200d1dbb628cb06.svg,,,image/svg+xml,,,,,,,,,,,,,,NOT TESTED,SEO migration lead,Alt text missing/unverified | WP modified: 2024-07-01T07:06:52
https://sciencedivine.org/wp-content/uploads/2024/07/f207bce98d45a852e4f8c1d205b2f55d.svg,https://sciencedivine.org/wp-content/uploads/2024/07/f207bce98d45a852e4f8c1d205b2f55d.svg,WordPress REST API: media,,,UNVERIFIED,,,No,f207bce98d45a852e4f8c1d205b2f55d.svg,,,image/svg+xml,,,,,,,,,,,,,,NOT TESTED,SEO migration lead,Alt text missing/unverified | WP modified: 2024-07-01T07:06:08
https://sciencedivine.org/wp-content/uploads/2024/07/f3c04d1acfd7f743827d4eea6f4406fa.svg,https://sciencedivine.org/wp-content/uploads/2024/07/f3c04d1acfd7f743827d4eea6f4406fa.svg,WordPress REST API: media,,,UNVERIFIED,,,No,f3c04d1acfd7f743827d4eea6f4406fa.svg,,,image/svg+xml,,,,,,,,,,,,,,NOT TESTED,SEO migration lead,Alt text missing/unverified | WP modified: 2024-07-01T07:06:26
https://sciencedivine.org/wp-content/uploads/2024/07/f456f830bf347961055974355b83e477.svg,https://sciencedivine.org/wp-content/uploads/2024/07/f456f830bf347961055974355b83e477.svg,WordPress REST API: media,,,UNVERIFIED,,,No,f456f830bf347961055974355b83e477.svg,,,image/svg+xml,,,,,,,,,,,,,,NOT TESTED,SEO migration lead,Alt text missing/unverified | WP modified: 2024-07-01T07:06:40
https://sciencedivine.org/wp-content/uploads/2024/07/f47f122f26e12542fc9cf7419fe1865f.svg,https://sciencedivine.org/wp-content/uploads/2024/07/f47f122f26e12542fc9cf7419fe1865f.svg,WordPress REST API: media,,,UNVERIFIED,,,No,f47f122f26e12542fc9cf7419fe1865f.svg,,,image/svg+xml,,,,,,,,,,,,,,NOT TESTED,SEO migration lead,Alt text missing/unverified | WP modified: 2024-07-01T07:06:40
https://sciencedivine.org/wp-content/uploads/2024/07/f62bce1a562f5f639cc089dd15fdcb48.svg,https://sciencedivine.org/wp-content/uploads/2024/07/f62bce1a562f5f639cc089dd15fdcb48.svg,WordPress REST API: media,,,UNVERIFIED,,,No,f62bce1a562f5f639cc089dd15fdcb48.svg,,,image/svg+xml,,,,,,,,,,,,,,NOT TESTED,SEO migration lead,Alt text missing/unverified | WP modified: 2024-07-01T07:06:10
https://sciencedivine.org/wp-content/uploads/2024/07/f77b7cad979d2f4e967889eb68d741b0.svg,https://sciencedivine.org/wp-content/uploads/2024/07/f77b7cad979d2f4e967889eb68d741b0.svg,WordPress REST API: media,,,UNVERIFIED,,,No,f77b7cad979d2f4e967889eb68d741b0.svg,,,image/svg+xml,,,,,,,,,,,,,,NOT TESTED,SEO migration lead,Alt text missing/unverified | WP modified: 2024-07-01T07:06:12
https://sciencedivine.org/wp-content/uploads/2024/07/f857d2f013a407f8198439db1fc7050f.svg,https://sciencedivine.org/wp-content/uploads/2024/07/f857d2f013a407f8198439db1fc7050f.svg,WordPress REST API: media,,,UNVERIFIED,,,No,f857d2f013a407f8198439db1fc7050f.svg,,,image/svg+xml,,,,,,,,,,,,,,NOT TESTED,SEO migration lead,Alt text missing/unverified | WP modified: 2024-07-01T07:07:05
https://sciencedivine.org/wp-content/uploads/2024/07/fbb526300b5766a7872542c22072bcb2.svg,https://sciencedivine.org/wp-content/uploads/2024/07/fbb526300b5766a7872542c22072bcb2.svg,WordPress REST API: media,,,UNVERIFIED,,,No,fbb526300b5766a7872542c22072bcb2.svg,,,image/svg+xml,,,,,,,,,,,,,,NOT TESTED,SEO migration lead,Alt text missing/unverified | WP modified: 2024-07-01T07:07:33
https://sciencedivine.org/wp-content/uploads/2024/07/fcead366f0e450f9c4d68b1de37eb04d.svg,https://sciencedivine.org/wp-content/uploads/2024/07/fcead366f0e450f9c4d68b1de37eb04d.svg,WordPress REST API: media,,,UNVERIFIED,,,No,fcead366f0e450f9c4d68b1de37eb04d.svg,,,image/svg+xml,,,,,,,,,,,,,,NOT TESTED,SEO migration lead,Alt text missing/unverified | WP modified: 2024-07-01T07:07:13
https://sciencedivine.org/wp-content/uploads/2024/07/fde9919eb9b304523170e9f589f8a864.svg,https://sciencedivine.org/wp-content/uploads/2024/07/fde9919eb9b304523170e9f589f8a864.svg,WordPress REST API: media,,,UNVERIFIED,,,No,fde9919eb9b304523170e9f589f8a864.svg,,,image/svg+xml,,,,,,,,,,,,,,NOT TESTED,SEO migration lead,Alt text missing/unverified | WP modified: 2024-07-01T07:06:44
https://sciencedivine.org/wp-content/uploads/2024/07/fe4405795d7ae4e7ccf53507e7d922db.svg,https://sciencedivine.org/wp-content/uploads/2024/07/fe4405795d7ae4e7ccf53507e7d922db.svg,WordPress REST API: media,,,UNVERIFIED,,,No,fe4405795d7ae4e7ccf53507e7d922db.svg,,,image/svg+xml,,,,,,,,,,,,,,NOT TESTED,SEO migration lead,Alt text missing/unverified | WP modified: 2024-07-01T07:07:08
https://sciencedivine.org/wp-content/uploads/2024/07/fef26653a7af8f75a68b8df0c1abbec2.png,https://sciencedivine.org/wp-content/uploads/2024/07/fef26653a7af8f75a68b8df0c1abbec2.png,WordPress REST API: media,,,UNVERIFIED,,,No,fef26653a7af8f75a68b8df0c1abbec2.png,,,image/png,,,,,,,,,,,,,,NOT TESTED,SEO migration lead,Alt text missing/unverified | WP modified: 2024-07-01T07:06:21
https://sciencedivine.org/wp-content/uploads/2024/07/ff0635f54e036c3bb25cfd0027831916.svg,https://sciencedivine.org/wp-content/uploads/2024/07/ff0635f54e036c3bb25cfd0027831916.svg,WordPress REST API: media,,,UNVERIFIED,,,No,ff0635f54e036c3bb25cfd0027831916.svg,,,image/svg+xml,,,,,,,,,,,,,,NOT TESTED,SEO migration lead,Alt text missing/unverified | WP modified: 2024-07-01T07:05:58
https://sciencedivine.org/wp-content/uploads/2024/07/Guruji-png-meditation-2.png,https://sciencedivine.org/wp-content/uploads/2024/07/Guruji-png-meditation-2.png,WordPress REST API: media,,,UNVERIFIED,,,No,Guruji png meditation 2,,,image/png,,,,,,,,,,,,,,NOT TESTED,SEO migration lead,Alt text missing/unverified | WP modified: 2024-07-04T10:15:48
https://sciencedivine.org/wp-content/uploads/2024/07/gurujiguruji1.png,https://sciencedivine.org/wp-content/uploads/2024/07/gurujiguruji1.png,WordPress REST API: media,,,UNVERIFIED,,,No,gurujiguruji1,,,image/png,,,,,,,,,,,,,,NOT TESTED,SEO migration lead,Alt text missing/unverified | WP modified: 2024-07-04T10:16:57
https://sciencedivine.org/wp-content/uploads/2024/07/habits-that-can-change-your-life.jpeg,https://sciencedivine.org/wp-content/uploads/2024/07/habits-that-can-change-your-life.jpeg,WordPress REST API: media,,,UNVERIFIED,,,No,habits-that-can-change-your-life,,,image/jpeg,,,,,,,,,,,,,,NOT TESTED,SEO migration lead,Alt: habits-that-can-change-your-life | WP modified: 2024-07-13T09:54:44
https://sciencedivine.org/wp-content/uploads/2024/07/healing-after-failed-love.jpeg,https://sciencedivine.org/wp-content/uploads/2024/07/healing-after-failed-love.jpeg,WordPress REST API: media,,,UNVERIFIED,,,No,healing-after-failed-love,,,image/jpeg,,,,,,,,,,,,,,NOT TESTED,SEO migration lead,Alt: healing-after-failed-love | WP modified: 2024-07-12T11:33:40
https://sciencedivine.org/wp-content/uploads/2024/07/how-to-make-life-a-game.jpeg,https://sciencedivine.org/wp-content/uploads/2024/07/how-to-make-life-a-game.jpeg,WordPress REST API: media,,,UNVERIFIED,,,No,how-to-make-life-a-game,,,image/jpeg,,,,,,,,,,,,,,NOT TESTED,SEO migration lead,Alt text missing/unverified | WP modified: 2024-07-23T07:35:06
https://sciencedivine.org/wp-content/uploads/2024/07/image-0022.png,https://sciencedivine.org/wp-content/uploads/2024/07/image-0022.png,WordPress REST API: media,,,UNVERIFIED,,,No,image-0022,,,image/png,,,,,,,,,,,,,,NOT TESTED,SEO migration lead,Alt text missing/unverified | WP modified: 2024-07-04T10:18:03
https://sciencedivine.org/wp-content/uploads/2024/07/image-0023.png,https://sciencedivine.org/wp-content/uploads/2024/07/image-0023.png,WordPress REST API: media,,,UNVERIFIED,,,No,image-0023,,,image/png,,,,,,,,,,,,,,NOT TESTED,SEO migration lead,Alt text missing/unverified | WP modified: 2024-07-04T10:18:09
https://sciencedivine.org/wp-content/uploads/2024/07/image-0025.png,https://sciencedivine.org/wp-content/uploads/2024/07/image-0025.png,WordPress REST API: media,,,UNVERIFIED,,,No,image-0025,,,image/png,,,,,,,,,,,,,,NOT TESTED,SEO migration lead,Alt text missing/unverified | WP modified: 2024-07-04T10:18:21
https://sciencedivine.org/wp-content/uploads/2024/07/image-0026.png,https://sciencedivine.org/wp-content/uploads/2024/07/image-0026.png,WordPress REST API: media,,,UNVERIFIED,,,No,image-0026,,,image/png,,,,,,,,,,,,,,NOT TESTED,SEO migration lead,Alt text missing/unverified | WP modified: 2024-07-04T10:18:41
https://sciencedivine.org/wp-content/uploads/2024/07/image-0027.png,https://sciencedivine.org/wp-content/uploads/2024/07/image-0027.png,WordPress REST API: media,,,UNVERIFIED,,,No,image-0027,,,image/png,,,,,,,,,,,,,,NOT TESTED,SEO migration lead,Alt text missing/unverified | WP modified: 2024-07-04T10:19:00
https://sciencedivine.org/wp-content/uploads/2024/07/img00-00.png,https://sciencedivine.org/wp-content/uploads/2024/07/img00-00.png,WordPress REST API: media,,,UNVERIFIED,,,No,img00-00,,,image/png,,,,,,,,,,,,,,NOT TESTED,SEO migration lead,Alt text missing/unverified | WP modified: 2024-07-04T10:19:10
https://sciencedivine.org/wp-content/uploads/2024/07/img00-01.png,https://sciencedivine.org/wp-content/uploads/2024/07/img00-01.png,WordPress REST API: media,,,UNVERIFIED,,,No,img00-01,,,image/png,,,,,,,,,,,,,,NOT TESTED,SEO migration lead,Alt text missing/unverified | WP modified: 2024-07-04T10:19:15
https://sciencedivine.org/wp-content/uploads/2024/07/img00-02.png,https://sciencedivine.org/wp-content/uploads/2024/07/img00-02.png,WordPress REST API: media,,,UNVERIFIED,,,No,img00-02,,,image/png,,,,,,,,,,,,,,NOT TESTED,SEO migration lead,Alt text missing/unverified | WP modified: 2024-07-04T10:10:35
https://sciencedivine.org/wp-content/uploads/2024/07/img00-03.png,https://sciencedivine.org/wp-content/uploads/2024/07/img00-03.png,WordPress REST API: media,,,UNVERIFIED,,,No,img00-03,,,image/png,,,,,,,,,,,,,,NOT TESTED,SEO migration lead,Alt text missing/unverified | WP modified: 2024-07-04T10:10:41
https://sciencedivine.org/wp-content/uploads/2024/07/key-to-better-life.jpeg,https://sciencedivine.org/wp-content/uploads/2024/07/key-to-better-life.jpeg,WordPress REST API: media,,,UNVERIFIED,,,No,key-to-better-life,,,image/jpeg,,,,,,,,,,,,,,NOT TESTED,SEO migration lead,Alt: key-to-better-life | WP modified: 2024-07-11T06:12:30
https://sciencedivine.org/wp-content/uploads/2024/07/master-your-own-fate.webp,https://sciencedivine.org/wp-content/uploads/2024/07/master-your-own-fate.webp,WordPress REST API: media,,,UNVERIFIED,,,No,master-your-own-fate,,,image/webp,,,,,,,,,,,,,,NOT TESTED,SEO migration lead,Alt: master-your-own-fate | WP modified: 2024-07-17T06:50:14
https://sciencedivine.org/wp-content/uploads/2024/07/negative-loop-of-mind.jpeg,https://sciencedivine.org/wp-content/uploads/2024/07/negative-loop-of-mind.jpeg,WordPress REST API: media,,,UNVERIFIED,,,No,negative-loop-of-mind,,,image/jpeg,,,,,,,,,,,,,,NOT TESTED,SEO migration lead,Alt: negative-loop-of-mind | WP modified: 2024-07-10T08:47:07
https://sciencedivine.org/wp-content/uploads/2024/07/Negativity-Within-Family-What-it-Looks-Like-and-How-to-Find-Peace.png,https://sciencedivine.org/wp-content/uploads/2024/07/Negativity-Within-Family-What-it-Looks-Like-and-How-to-Find-Peace.png,WordPress REST API: media,,,UNVERIFIED,,,No,Negativity Within Family What it Looks Like and How to Find Peace,,,image/png,,,,,,,,,,,,,,NOT TESTED,SEO migration lead,Alt: Negativity Within Family What it Looks Like and How to Find Peace | WP modified: 2024-07-11T11:16:13
https://sciencedivine.org/wp-content/uploads/2024/07/One-Day.png,https://sciencedivine.org/wp-content/uploads/2024/07/One-Day.png,WordPress REST API: media,,,UNVERIFIED,,,No,One-Day,,,image/png,,,,,,,,,,,,,,NOT TESTED,SEO migration lead,Alt text missing/unverified | WP modified: 2024-07-04T10:10:45
https://sciencedivine.org/wp-content/uploads/2024/07/personStandingbanner.png,https://sciencedivine.org/wp-content/uploads/2024/07/personStandingbanner.png,WordPress REST API: media,,,UNVERIFIED,,,No,personStandingbanner,,,image/png,,,,,,,,,,,,,,NOT TESTED,SEO migration lead,Alt text missing/unverified | WP modified: 2024-07-04T10:10:53
https://sciencedivine.org/wp-content/uploads/2024/07/Power_Of_Spirituality_In_Self_Discovery.png,https://sciencedivine.org/wp-content/uploads/2024/07/Power_Of_Spirituality_In_Self_Discovery.png,WordPress REST API: media,,,UNVERIFIED,,,No,Power_Of_Spirituality_In_Self_Discovery,,,image/png,,,,,,,,,,,,,,NOT TESTED,SEO migration lead,Alt: Power_Of_Spirituality_In_Self_Discovery | WP modified: 2024-07-25T09:29:51
https://sciencedivine.org/wp-content/uploads/2024/07/Power-of-Manifestation-For-Your-Dream-Life.jpeg,https://sciencedivine.org/wp-content/uploads/2024/07/Power-of-Manifestation-For-Your-Dream-Life.jpeg,WordPress REST API: media,,,UNVERIFIED,,,No,Power of Manifestation For Your Dream Life,,,image/jpeg,,,,,,,,,,,,,,NOT TESTED,SEO migration lead,Alt: Power of Manifestation For Your Dream Life | WP modified: 2024-07-12T09:47:01
https://sciencedivine.org/wp-content/uploads/2024/07/Rekindling-Intimacy-and-Deepening-Connection-in-Marriage.jpg,https://sciencedivine.org/wp-content/uploads/2024/07/Rekindling-Intimacy-and-Deepening-Connection-in-Marriage.jpg,WordPress REST API: media,,,UNVERIFIED,,,No,Rekindling-Intimacy-and-Deepening-Connection-in-Marriage,,,image/jpeg,,,,,,,,,,,,,,NOT TESTED,SEO migration lead,Alt text missing/unverified | WP modified: 2024-07-06T09:33:22
https://sciencedivine.org/wp-content/uploads/2024/07/Spiritual-Practises.jpg,https://sciencedivine.org/wp-content/uploads/2024/07/Spiritual-Practises.jpg,WordPress REST API: media,,,UNVERIFIED,,,No,Spiritual-Practises,,,image/jpeg,,,,,,,,,,,,,,NOT TESTED,SEO migration lead,Alt text missing/unverified | WP modified: 2024-07-06T09:29:26
https://sciencedivine.org/wp-content/uploads/2024/07/stats-background.png,https://sciencedivine.org/wp-content/uploads/2024/07/stats-background.png,WordPress REST API: media,,,UNVERIFIED,,,No,stats-background,,,image/png,,,,,,,,,,,,,,NOT TESTED,SEO migration lead,Alt text missing/unverified | WP modified: 2024-07-04T10:12:10
https://sciencedivine.org/wp-content/uploads/2024/08/1.png,https://sciencedivine.org/wp-content/uploads/2024/08/1.png,WordPress REST API: media,,,UNVERIFIED,,,No,,,,image/png,,,,,,,,,,,,,,NOT TESTED,SEO migration lead,Alt text missing/unverified | WP modified: 2025-02-20T18:27:44
https://sciencedivine.org/wp-content/uploads/2024/08/2.png,https://sciencedivine.org/wp-content/uploads/2024/08/2.png,WordPress REST API: media,,,UNVERIFIED,,,No,,,,image/png,,,,,,,,,,,,,,NOT TESTED,SEO migration lead,Alt text missing/unverified | WP modified: 2025-02-20T18:28:05
https://sciencedivine.org/wp-content/uploads/2024/08/3.png,https://sciencedivine.org/wp-content/uploads/2024/08/3.png,WordPress REST API: media,,,UNVERIFIED,,,No,,,,image/png,,,,,,,,,,,,,,NOT TESTED,SEO migration lead,Alt text missing/unverified | WP modified: 2025-02-20T18:28:26
https://sciencedivine.org/wp-content/uploads/2024/08/Ajay-Bhatt-scaled.webp,https://sciencedivine.org/wp-content/uploads/2024/08/Ajay-Bhatt-scaled.webp,WordPress REST API: media,,,UNVERIFIED,,,No,Ajay Bhatt,,,image/webp,,,,,,,,,,,,,,NOT TESTED,SEO migration lead,Alt text missing/unverified | WP modified: 2024-08-09T13:30:18
https://sciencedivine.org/wp-content/uploads/2024/08/Anil-Bachoo-scaled.webp,https://sciencedivine.org/wp-content/uploads/2024/08/Anil-Bachoo-scaled.webp,WordPress REST API: media,,,UNVERIFIED,,,No,Anil Bachoo,,,image/webp,,,,,,,,,,,,,,NOT TESTED,SEO migration lead,Alt text missing/unverified | WP modified: 2024-08-09T13:30:43
https://sciencedivine.org/wp-content/uploads/2024/08/Anil-Gupta-scaled.webp,https://sciencedivine.org/wp-content/uploads/2024/08/Anil-Gupta-scaled.webp,WordPress REST API: media,,,UNVERIFIED,,,No,Anil Gupta,,,image/webp,,,,,,,,,,,,,,NOT TESTED,SEO migration lead,Alt text missing/unverified | WP modified: 2024-08-09T13:30:40
https://sciencedivine.org/wp-content/uploads/2024/08/Deep-Connection-Between-Meditation-and-the-Soul.webp,https://sciencedivine.org/wp-content/uploads/2024/08/Deep-Connection-Between-Meditation-and-the-Soul.webp,WordPress REST API: media,,,UNVERIFIED,,,No,Deep-Connection-Between-Meditation-and-the-Soul,,,image/webp,,,,,,,,,,,,,,NOT TESTED,SEO migration lead,Alt: Deep-Connection-Between-Meditation-and-the-Soul | WP modified: 2024-08-14T15:46:33
https://sciencedivine.org/wp-content/uploads/2024/08/Design-Your-Destiny-cover-0000.webp,https://sciencedivine.org/wp-content/uploads/2024/08/Design-Your-Destiny-cover-0000.webp,WordPress REST API: media,,,UNVERIFIED,,,No,Design-Your-Destiny-cover-0000,,,image/webp,,,,,,,,,,,,,,NOT TESTED,SEO migration lead,Alt: Design-Your-Destiny | WP modified: 2024-08-13T17:19:18
https://sciencedivine.org/wp-content/uploads/2024/08/Gateway-to-Nirvana.webp,https://sciencedivine.org/wp-content/uploads/2024/08/Gateway-to-Nirvana.webp,WordPress REST API: media,,,UNVERIFIED,,,No,Gateway-to-Nirvana,,,image/webp,,,,,,,,,,,,,,NOT TESTED,SEO migration lead,Alt: Gateway-to-Nirvana | WP modified: 2024-08-13T15:18:18
https://sciencedivine.org/wp-content/uploads/2024/08/H-H-Chandrikapersad-Chan-Santokhi-scaled.webp,https://sciencedivine.org/wp-content/uploads/2024/08/H-H-Chandrikapersad-Chan-Santokhi-scaled.webp,WordPress REST API: media,,,UNVERIFIED,,,No,H-H-Chandrikapersad Chan Santokhi,,,image/webp,,,,,,,,,,,,,,NOT TESTED,SEO migration lead,Alt text missing/unverified | WP modified: 2024-08-09T13:30:24
https://sciencedivine.org/wp-content/uploads/2024/08/How-Energy-Flow-Shapes-Your-Physical.webp,https://sciencedivine.org/wp-content/uploads/2024/08/How-Energy-Flow-Shapes-Your-Physical.webp,WordPress REST API: media,,,UNVERIFIED,,,No,How-Energy-Flow-Shapes-Your-Physical,,,image/webp,,,,,,,,,,,,,,NOT TESTED,SEO migration lead,Alt: How-Energy-Flow-Shapes-Your-Physical | WP modified: 2024-08-13T16:30:01
https://sciencedivine.org/wp-content/uploads/2024/08/Kailash-chaudhary-scaled.webp,https://sciencedivine.org/wp-content/uploads/2024/08/Kailash-chaudhary-scaled.webp,WordPress REST API: media,,,UNVERIFIED,,,No,Kailash chaudhary,,,image/webp,,,,,,,,,,,,,,NOT TESTED,SEO migration lead,Alt text missing/unverified | WP modified: 2024-08-09T13:30:35
https://sciencedivine.org/wp-content/uploads/2024/08/Mind-Power-Meditation-Cover-Course-book-now-scaled.webp,https://sciencedivine.org/wp-content/uploads/2024/08/Mind-Power-Meditation-Cover-Course-book-now-scaled.webp,WordPress REST API: media,,,UNVERIFIED,,,No,Mind-Power-Meditation-Cover-Course-book-now,,,image/webp,,,,,,,,,,,,,,NOT TESTED,SEO migration lead,Alt: Mind-Power-Meditation-Cover-Course-book-now | WP modified: 2024-08-13T17:33:05
https://sciencedivine.org/wp-content/uploads/2024/08/Mr-DC-Jain-scaled.webp,https://sciencedivine.org/wp-content/uploads/2024/08/Mr-DC-Jain-scaled.webp,WordPress REST API: media,,,UNVERIFIED,,,No,Mr-DC Jain,,,image/webp,,,,,,,,,,,,,,NOT TESTED,SEO migration lead,Alt text missing/unverified | WP modified: 2024-08-09T13:36:03
https://sciencedivine.org/wp-content/uploads/2024/08/Power-of-law-of-attraction.png,https://sciencedivine.org/wp-content/uploads/2024/08/Power-of-law-of-attraction.png,WordPress REST API: media,,,UNVERIFIED,,,No,Power-of-law-of-attraction,,,image/png,,,,,,,,,,,,,,NOT TESTED,SEO migration lead,Alt: Power-of-law-of-attraction | WP modified: 2024-08-03T06:22:50
https://sciencedivine.org/wp-content/uploads/2024/08/Rajnath-Singh-With-Sakshi-Shree-1-scaled.webp,https://sciencedivine.org/wp-content/uploads/2024/08/Rajnath-Singh-With-Sakshi-Shree-1-scaled.webp,WordPress REST API: media,,,UNVERIFIED,,,No,Rajnath Singh With Sakshi Shree,,,image/webp,,,,,,,,,,,,,,NOT TESTED,SEO migration lead,Alt text missing/unverified | WP modified: 2024-08-09T13:18:11
https://sciencedivine.org/wp-content/uploads/2024/08/sakshi-shree-profile-2nd-page-cover-scaled.webp,https://sciencedivine.org/wp-content/uploads/2024/08/sakshi-shree-profile-2nd-page-cover-scaled.webp,WordPress REST API: media,,,UNVERIFIED,,,No,sakshi-shree-profile-2nd-page-cover,,,image/webp,,,,,,,,,,,,,,NOT TESTED,SEO migration lead,Alt text missing/unverified | WP modified: 2024-08-17T17:34:59
https://sciencedivine.org/wp-content/uploads/2024/08/Sanjeevani-Kriya-Cover-0000-scaled.webp,https://sciencedivine.org/wp-content/uploads/2024/08/Sanjeevani-Kriya-Cover-0000-scaled.webp,WordPress REST API: media,,,UNVERIFIED,,,No,Sanjeevani-Kriya-Cover-0000,,,image/webp,,,,,,,,,,,,,,NOT TESTED,SEO migration lead,Alt: Sanjeevani-Kriya | WP modified: 2024-08-13T17:25:15
https://sciencedivine.org/wp-content/uploads/2024/08/Science_Divine_Banner-banner-foundation.webp,https://sciencedivine.org/wp-content/uploads/2024/08/Science_Divine_Banner-banner-foundation.webp,WordPress REST API: media,,,UNVERIFIED,,,No,Science_Divine_Banner-banner-foundation,,,image/webp,,,,,,,,,,,,,,NOT TESTED,SEO migration lead,Alt text missing/unverified | WP modified: 2024-08-06T15:55:03
https://sciencedivine.org/wp-content/uploads/2024/08/Science-of-Joyful-Living-course-Cover-0000-scaled.webp,https://sciencedivine.org/wp-content/uploads/2024/08/Science-of-Joyful-Living-course-Cover-0000-scaled.webp,WordPress REST API: media,,,UNVERIFIED,,,No,Science-of-Joyful-Living-course-Cover-0000,,,image/webp,,,,,,,,,,,,,,NOT TESTED,SEO migration lead,Alt: Science-of-Joyful-Living-course | WP modified: 2024-08-13T17:27:53
https://sciencedivine.org/wp-content/uploads/2024/08/Spirituality-and-materialism.png,https://sciencedivine.org/wp-content/uploads/2024/08/Spirituality-and-materialism.png,WordPress REST API: media,,,UNVERIFIED,,,No,Spirituality-and-materialism,,,image/png,,,,,,,,,,,,,,NOT TESTED,SEO migration lead,Alt: Spirituality-and-materialism | WP modified: 2024-08-03T07:42:16
https://sciencedivine.org/wp-content/uploads/2024/08/The-Art-of-Observation.webp,https://sciencedivine.org/wp-content/uploads/2024/08/The-Art-of-Observation.webp,WordPress REST API: media,,,UNVERIFIED,,,No,The-Art-of-Observation,,,image/webp,,,,,,,,,,,,,,NOT TESTED,SEO migration lead,Alt: The-Art-of-Observation | WP modified: 2024-08-13T15:49:21
https://sciencedivine.org/wp-content/uploads/2024/08/The-Science-of-Breathing.png,https://sciencedivine.org/wp-content/uploads/2024/08/The-Science-of-Breathing.png,WordPress REST API: media,,,UNVERIFIED,,,No,The-Science-of-Breathing,,,image/png,,,,,,,,,,,,,,NOT TESTED,SEO migration lead,Alt: The-Science-of-Breathing | WP modified: 2024-08-03T06:50:08
https://sciencedivine.org/wp-content/uploads/2024/08/Vikram-Sampat-scaled.webp,https://sciencedivine.org/wp-content/uploads/2024/08/Vikram-Sampat-scaled.webp,WordPress REST API: media,,,UNVERIFIED,,,No,Vikram Sampat,,,image/webp,,,,,,,,,,,,,,NOT TESTED,SEO migration lead,Alt text missing/unverified | WP modified: 2024-08-09T13:30:29
https://sciencedivine.org/wp-content/uploads/2024/10/02.png,https://sciencedivine.org/wp-content/uploads/2024/10/02.png,WordPress REST API: media,,,UNVERIFIED,,,No,02,,,image/png,,,,,,,,,,,,,,NOT TESTED,SEO migration lead,Alt text missing/unverified | WP modified: 2024-10-07T17:37:24
https://sciencedivine.org/wp-content/uploads/2024/10/03.png,https://sciencedivine.org/wp-content/uploads/2024/10/03.png,WordPress REST API: media,,,UNVERIFIED,,,No,03,,,image/png,,,,,,,,,,,,,,NOT TESTED,SEO migration lead,Alt text missing/unverified | WP modified: 2024-10-07T17:37:31
https://sciencedivine.org/wp-content/uploads/2024/10/04.png,https://sciencedivine.org/wp-content/uploads/2024/10/04.png,WordPress REST API: media,,,UNVERIFIED,,,No,04,,,image/png,,,,,,,,,,,,,,NOT TESTED,SEO migration lead,Alt text missing/unverified | WP modified: 2024-10-07T17:37:38
https://sciencedivine.org/wp-content/uploads/2024/10/1.png,https://sciencedivine.org/wp-content/uploads/2024/10/1.png,WordPress REST API: media,,,UNVERIFIED,,,No,,,,image/png,,,,,,,,,,,,,,NOT TESTED,SEO migration lead,Alt text missing/unverified | WP modified: 2024-10-08T14:59:31
https://sciencedivine.org/wp-content/uploads/2024/10/12.png,https://sciencedivine.org/wp-content/uploads/2024/10/12.png,WordPress REST API: media,,,UNVERIFIED,,,No,12,,,image/png,,,,,,,,,,,,,,NOT TESTED,SEO migration lead,Alt text missing/unverified | WP modified: 2024-10-07T17:38:22
https://sciencedivine.org/wp-content/uploads/2024/10/13.png,https://sciencedivine.org/wp-content/uploads/2024/10/13.png,WordPress REST API: media,,,UNVERIFIED,,,No,13,,,image/png,,,,,,,,,,,,,,NOT TESTED,SEO migration lead,Alt text missing/unverified | WP modified: 2024-10-07T17:38:32
https://sciencedivine.org/wp-content/uploads/2024/10/14.png,https://sciencedivine.org/wp-content/uploads/2024/10/14.png,WordPress REST API: media,,,UNVERIFIED,,,No,14,,,image/png,,,,,,,,,,,,,,NOT TESTED,SEO migration lead,Alt text missing/unverified | WP modified: 2024-10-07T17:38:39
https://sciencedivine.org/wp-content/uploads/2024/10/2.png,https://sciencedivine.org/wp-content/uploads/2024/10/2.png,WordPress REST API: media,,,UNVERIFIED,,,No,,,,image/png,,,,,,,,,,,,,,NOT TESTED,SEO migration lead,Alt text missing/unverified | WP modified: 2024-10-08T14:59:19
https://sciencedivine.org/wp-content/uploads/2024/10/202304241719556604-d2244e80-2667-4215-a223-423a582f199d-scaled.webp,https://sciencedivine.org/wp-content/uploads/2024/10/202304241719556604-d2244e80-2667-4215-a223-423a582f199d-scaled.webp,WordPress REST API: media,,,UNVERIFIED,,,No,202304241719556604-d2244e80-2667-4215-a223-423a582f199d,,,image/webp,,,,,,,,,,,,,,NOT TESTED,SEO migration lead,Alt text missing/unverified | WP modified: 2024-10-14T18:52:56
https://sciencedivine.org/wp-content/uploads/2024/10/3.png,https://sciencedivine.org/wp-content/uploads/2024/10/3.png,WordPress REST API: media,,,UNVERIFIED,,,No,,,,image/png,,,,,,,,,,,,,,NOT TESTED,SEO migration lead,Alt text missing/unverified | WP modified: 2024-10-08T14:59:10
https://sciencedivine.org/wp-content/uploads/2024/10/332415132.jpg,https://sciencedivine.org/wp-content/uploads/2024/10/332415132.jpg,WordPress REST API: media,,,UNVERIFIED,,,No,332415132,,,image/jpeg,,,,,,,,,,,,,,NOT TESTED,SEO migration lead,Alt text missing/unverified | WP modified: 2024-10-11T19:05:41
https://sciencedivine.org/wp-content/uploads/2024/10/405624479.jpg,https://sciencedivine.org/wp-content/uploads/2024/10/405624479.jpg,WordPress REST API: media,,,UNVERIFIED,,,No,405624479,,,image/jpeg,,,,,,,,,,,,,,NOT TESTED,SEO migration lead,Alt text missing/unverified | WP modified: 2024-10-11T19:05:48
https://sciencedivine.org/wp-content/uploads/2024/10/526894344.jpg,https://sciencedivine.org/wp-content/uploads/2024/10/526894344.jpg,WordPress REST API: media,,,UNVERIFIED,,,No,526894344,,,image/jpeg,,,,,,,,,,,,,,NOT TESTED,SEO migration lead,Alt text missing/unverified | WP modified: 2024-10-11T19:00:09
https://sciencedivine.org/wp-content/uploads/2024/10/536979883.jpg,https://sciencedivine.org/wp-content/uploads/2024/10/536979883.jpg,WordPress REST API: media,,,UNVERIFIED,,,No,536979883,,,image/jpeg,,,,,,,,,,,,,,NOT TESTED,SEO migration lead,Alt text missing/unverified | WP modified: 2024-10-11T13:33:54
https://sciencedivine.org/wp-content/uploads/2024/10/78c0555f-b416-4473-bab1-d24c73e42576.jpg,https://sciencedivine.org/wp-content/uploads/2024/10/78c0555f-b416-4473-bab1-d24c73e42576.jpg,WordPress REST API: media,,,UNVERIFIED,,,No,78c0555f-b416-4473-bab1-d24c73e42576,,,image/jpeg,,,,,,,,,,,,,,NOT TESTED,SEO migration lead,Alt text missing/unverified | WP modified: 2024-10-11T19:05:34
https://sciencedivine.org/wp-content/uploads/2024/10/AAP_0178-1-1-1-1.webp,https://sciencedivine.org/wp-content/uploads/2024/10/AAP_0178-1-1-1-1.webp,WordPress REST API: media,,,UNVERIFIED,,,No,AAP_0178 1 1 (1) (1),,,image/webp,,,,,,,,,,,,,,NOT TESTED,SEO migration lead,Alt text missing/unverified | WP modified: 2024-10-15T14:27:02
https://sciencedivine.org/wp-content/uploads/2024/10/Banner-.png,https://sciencedivine.org/wp-content/uploads/2024/10/Banner-.png,WordPress REST API: media,,,UNVERIFIED,,,No,Banner,,,image/png,,,,,,,,,,,,,,NOT TESTED,SEO migration lead,Alt text missing/unverified | WP modified: 2024-10-09T16:48:14
https://sciencedivine.org/wp-content/uploads/2024/10/BOARD-removebg-preview.png,https://sciencedivine.org/wp-content/uploads/2024/10/BOARD-removebg-preview.png,WordPress REST API: media,,,UNVERIFIED,,,No,BOARD-removebg-preview,,,image/png,,,,,,,,,,,,,,NOT TESTED,SEO migration lead,Alt text missing/unverified | WP modified: 2024-10-10T18:34:59
https://sciencedivine.org/wp-content/uploads/2024/10/BrittanySignature.ttf,https://sciencedivine.org/wp-content/uploads/2024/10/BrittanySignature.ttf,WordPress REST API: media,200,,UNVERIFIED,,,No,BrittanySignature,,,application/x-font-ttf,,,,,,,,,,,,,,NOT TESTED,SEO migration lead,Alt text missing/unverified | WP modified: 2024-10-14T12:50:14
https://sciencedivine.org/wp-content/uploads/2024/10/connerkees_fibonacci_phi_interval_brain_silhouette_of_person_me_3c210082-80be-4dd7-9b95-e2aced61b8d8-removebg-preview.png,https://sciencedivine.org/wp-content/uploads/2024/10/connerkees_fibonacci_phi_interval_brain_silhouette_of_person_me_3c210082-80be-4dd7-9b95-e2aced61b8d8-removebg-preview.png,WordPress REST API: media,,,UNVERIFIED,,,No,connerkees_fibonacci_phi_interval_brain_silhouette_of_person_me_3c210082-80be-4dd7-9b95-e2aced61b8d8-removebg-preview,,,image/png,,,,,,,,,,,,,,NOT TESTED,SEO migration lead,Alt text missing/unverified | WP modified: 2024-10-08T17:56:28
https://sciencedivine.org/wp-content/uploads/2024/10/danidelast_34402_logo_for_mental_health_podcast_minimalistic_el_db1329ce-cc04-43e4-81b2-ec7e6367a0e8-removebg-preview.png,https://sciencedivine.org/wp-content/uploads/2024/10/danidelast_34402_logo_for_mental_health_podcast_minimalistic_el_db1329ce-cc04-43e4-81b2-ec7e6367a0e8-removebg-preview.png,WordPress REST API: media,,,UNVERIFIED,,,No,danidelast_34402_logo_for_mental_health_podcast_minimalistic_el_db1329ce-cc04-43e4-81b2-ec7e6367a0e8-removebg-preview,,,image/png,,,,,,,,,,,,,,NOT TESTED,SEO migration lead,Alt text missing/unverified | WP modified: 2024-10-08T17:56:50
https://sciencedivine.org/wp-content/uploads/2024/10/dejudicibus_a_simple_logo_on_transparent_background_that_repres_097ef60b-6093-4965-bde6-8cd4d88611fe-removebg-preview.png,https://sciencedivine.org/wp-content/uploads/2024/10/dejudicibus_a_simple_logo_on_transparent_background_that_repres_097ef60b-6093-4965-bde6-8cd4d88611fe-removebg-preview.png,WordPress REST API: media,,,UNVERIFIED,,,No,dejudicibus_a_simple_logo_on_transparent_background_that_repres_097ef60b-6093-4965-bde6-8cd4d88611fe-removebg-preview,,,image/png,,,,,,,,,,,,,,NOT TESTED,SEO migration lead,Alt text missing/unverified | WP modified: 2024-10-08T17:56:18
https://sciencedivine.org/wp-content/uploads/2024/10/Dheeraj-Thumbnail-copy.jpg,https://sciencedivine.org/wp-content/uploads/2024/10/Dheeraj-Thumbnail-copy.jpg,WordPress REST API: media,,,UNVERIFIED,,,No,Dheeraj Thumbnail copy,,,image/jpeg,,,,,,,,,,,,,,NOT TESTED,SEO migration lead,Alt text missing/unverified | WP modified: 2024-10-11T14:36:18
https://sciencedivine.org/wp-content/uploads/2024/10/DJI_0323-1-scaled.webp,https://sciencedivine.org/wp-content/uploads/2024/10/DJI_0323-1-scaled.webp,WordPress REST API: media,,,UNVERIFIED,,,No,DJI_0323 (1),,,image/webp,,,,,,,,,,,,,,NOT TESTED,SEO migration lead,Alt text missing/unverified | WP modified: 2024-10-14T16:42:00
https://sciencedivine.org/wp-content/uploads/2024/10/DSC_0214-scaled.webp,https://sciencedivine.org/wp-content/uploads/2024/10/DSC_0214-scaled.webp,WordPress REST API: media,,,UNVERIFIED,,,No,DSC_0214,,,image/webp,,,,,,,,,,,,,,NOT TESTED,SEO migration lead,Alt text missing/unverified | WP modified: 2024-10-14T16:42:25
https://sciencedivine.org/wp-content/uploads/2024/10/Group-2.png,https://sciencedivine.org/wp-content/uploads/2024/10/Group-2.png,WordPress REST API: media,,,UNVERIFIED,,,No,Group 2,,,image/png,,,,,,,,,,,,,,NOT TESTED,SEO migration lead,Alt text missing/unverified | WP modified: 2024-10-07T12:27:59
https://sciencedivine.org/wp-content/uploads/2024/10/hyeonuji8432_Create_a_minimalist_logo_of_a_person_meditating_si_0ae6b67d-ecee-4781-9a7b-2855a2a408ee-removebg-preview.png,https://sciencedivine.org/wp-content/uploads/2024/10/hyeonuji8432_Create_a_minimalist_logo_of_a_person_meditating_si_0ae6b67d-ecee-4781-9a7b-2855a2a408ee-removebg-preview.png,WordPress REST API: media,,,UNVERIFIED,,,No,hyeonuji8432_Create_a_minimalist_logo_of_a_person_meditating_si_0ae6b67d-ecee-4781-9a7b-2855a2a408ee-removebg-preview,,,image/png,,,,,,,,,,,,,,NOT TESTED,SEO migration lead,Alt text missing/unverified | WP modified: 2024-10-08T17:56:58
https://sciencedivine.org/wp-content/uploads/2024/10/IMG_6304-scaled.webp,https://sciencedivine.org/wp-content/uploads/2024/10/IMG_6304-scaled.webp,WordPress REST API: media,,,UNVERIFIED,,,No,IMG_6304,,,image/webp,,,,,,,,,,,,,,NOT TESTED,SEO migration lead,Alt text missing/unverified | WP modified: 2024-10-14T16:41:15
https://sciencedivine.org/wp-content/uploads/2024/10/IMG_6426-scaled.jpg,https://sciencedivine.org/wp-content/uploads/2024/10/IMG_6426-scaled.jpg,WordPress REST API: media,,,UNVERIFIED,,,No,IMG_6426,,,image/jpeg,,,,,,,,,,,,,,NOT TESTED,SEO migration lead,Alt text missing/unverified | WP modified: 2024-10-14T16:27:13
https://sciencedivine.org/wp-content/uploads/2024/10/IMG_6426-scaled.webp,https://sciencedivine.org/wp-content/uploads/2024/10/IMG_6426-scaled.webp,WordPress REST API: media,,,UNVERIFIED,,,No,IMG_6426,,,image/webp,,,,,,,,,,,,,,NOT TESTED,SEO migration lead,Alt text missing/unverified | WP modified: 2024-10-14T16:42:51
https://sciencedivine.org/wp-content/uploads/2024/10/krislalev_A_minimalist_spiritual_logo_design_featuring_two_wome_64633a50-7aab-423d-b59b-74bf27510649-removebg-preview.png,https://sciencedivine.org/wp-content/uploads/2024/10/krislalev_A_minimalist_spiritual_logo_design_featuring_two_wome_64633a50-7aab-423d-b59b-74bf27510649-removebg-preview.png,WordPress REST API: media,,,UNVERIFIED,,,No,krislalev_A_minimalist_spiritual_logo_design_featuring_two_wome_64633a50-7aab-423d-b59b-74bf27510649-removebg-preview,,,image/png,,,,,,,,,,,,,,NOT TESTED,SEO migration lead,Alt text missing/unverified | WP modified: 2024-10-08T17:56:35
https://sciencedivine.org/wp-content/uploads/2024/10/mandala-drawing-coloring-book-art-painting-mandala-png-af7f3fd6179f319fd64c3045a8b6db3e-5.png,https://sciencedivine.org/wp-content/uploads/2024/10/mandala-drawing-coloring-book-art-painting-mandala-png-af7f3fd6179f319fd64c3045a8b6db3e-5.png,WordPress REST API: media,,,UNVERIFIED,,,No,mandala-drawing-coloring-book-art-painting-mandala-png-af7f3fd6179f319fd64c3045a8b6db3e 5,,,image/png,,,,,,,,,,,,,,NOT TESTED,SEO migration lead,Alt text missing/unverified | WP modified: 2024-10-07T16:58:03
https://sciencedivine.org/wp-content/uploads/2024/10/Meditation.png,https://sciencedivine.org/wp-content/uploads/2024/10/Meditation.png,WordPress REST API: media,,,UNVERIFIED,,,No,Meditation,,,image/png,,,,,,,,,,,,,,NOT TESTED,SEO migration lead,Alt text missing/unverified | WP modified: 2024-10-07T17:38:46
https://sciencedivine.org/wp-content/uploads/2024/10/mikael7656_a_simple_icon_for_a_tribe_of_breathwork_instructors__0919651b-9103-4307-a6c5-052f5c262ce1-removebg-preview.png,https://sciencedivine.org/wp-content/uploads/2024/10/mikael7656_a_simple_icon_for_a_tribe_of_breathwork_instructors__0919651b-9103-4307-a6c5-052f5c262ce1-removebg-preview.png,WordPress REST API: media,,,UNVERIFIED,,,No,mikael7656_a_simple_icon_for_a_tribe_of_breathwork_instructors__0919651b-9103-4307-a6c5-052f5c262ce1-removebg-preview,,,image/png,,,,,,,,,,,,,,NOT TESTED,SEO migration lead,Alt text missing/unverified | WP modified: 2024-10-08T17:57:06
https://sciencedivine.org/wp-content/uploads/2024/10/Nancy-Thakur.png,https://sciencedivine.org/wp-content/uploads/2024/10/Nancy-Thakur.png,WordPress REST API: media,,,UNVERIFIED,,,No,Nancy Thakur,,,image/png,,,,,,,,,,,,,,NOT TESTED,SEO migration lead,Alt text missing/unverified | WP modified: 2024-10-09T15:38:50
https://sciencedivine.org/wp-content/uploads/2024/10/nightwing1218__geometric_logo_in_the_center_is_a_silhouette_of__c3ddaa01-49be-43c7-b069-de9b901a3e5b-removebg-preview.png,https://sciencedivine.org/wp-content/uploads/2024/10/nightwing1218__geometric_logo_in_the_center_is_a_silhouette_of__c3ddaa01-49be-43c7-b069-de9b901a3e5b-removebg-preview.png,WordPress REST API: media,,,UNVERIFIED,,,No,nightwing1218__geometric_logo_in_the_center_is_a_silhouette_of__c3ddaa01-49be-43c7-b069-de9b901a3e5b-removebg-preview,,,image/png,,,,,,,,,,,,,,NOT TESTED,SEO migration lead,Alt text missing/unverified | WP modified: 2024-10-08T17:56:43
https://sciencedivine.org/wp-content/uploads/2024/10/Offer.png,https://sciencedivine.org/wp-content/uploads/2024/10/Offer.png,WordPress REST API: media,,,UNVERIFIED,,,No,Offer,,,image/png,,,,,,,,,,,,,,NOT TESTED,SEO migration lead,Alt text missing/unverified | WP modified: 2024-10-09T15:38:41
https://sciencedivine.org/wp-content/uploads/2024/10/PattyThumbnail-copy.jpg,https://sciencedivine.org/wp-content/uploads/2024/10/PattyThumbnail-copy.jpg,WordPress REST API: media,,,UNVERIFIED,,,No,PattyThumbnail copy,,,image/jpeg,,,,,,,,,,,,,,NOT TESTED,SEO migration lead,Alt text missing/unverified | WP modified: 2024-10-11T14:36:05
https://sciencedivine.org/wp-content/uploads/2024/10/pngegg.png,https://sciencedivine.org/wp-content/uploads/2024/10/pngegg.png,WordPress REST API: media,,,UNVERIFIED,,,No,pngegg,,,image/png,,,,,,,,,,,,,,NOT TESTED,SEO migration lead,Alt text missing/unverified | WP modified: 2024-10-11T12:11:27
https://sciencedivine.org/wp-content/uploads/2024/10/Pulkit-Thumbnail-copy.jpg,https://sciencedivine.org/wp-content/uploads/2024/10/Pulkit-Thumbnail-copy.jpg,WordPress REST API: media,,,UNVERIFIED,,,No,Pulkit Thumbnail copy,,,image/jpeg,,,,,,,,,,,,,,NOT TESTED,SEO migration lead,Alt text missing/unverified | WP modified: 2024-10-11T14:35:55
https://sciencedivine.org/wp-content/uploads/2024/10/Rectangle-3.png,https://sciencedivine.org/wp-content/uploads/2024/10/Rectangle-3.png,WordPress REST API: media,,,UNVERIFIED,,,No,Rectangle 3,,,image/png,,,,,,,,,,,,,,NOT TESTED,SEO migration lead,Alt text missing/unverified | WP modified: 2024-10-07T17:31:14
https://sciencedivine.org/wp-content/uploads/2024/10/sandrahe2024_create_an_abstract_logo_for_a_start-up_in_the_food_94081d1e-79cb-4031-a7a7-dba7f1e1f1d4-removebg-preview.png,https://sciencedivine.org/wp-content/uploads/2024/10/sandrahe2024_create_an_abstract_logo_for_a_start-up_in_the_food_94081d1e-79cb-4031-a7a7-dba7f1e1f1d4-removebg-preview.png,WordPress REST API: media,,,UNVERIFIED,,,No,sandrahe2024_create_an_abstract_logo_for_a_start-up_in_the_food_94081d1e-79cb-4031-a7a7-dba7f1e1f1d4-removebg-preview,,,image/png,,,,,,,,,,,,,,NOT TESTED,SEO migration lead,Alt text missing/unverified | WP modified: 2024-10-09T12:43:56
https://sciencedivine.org/wp-content/uploads/2024/10/speaker-business-meeting-conference-hall-scaled.jpg,https://sciencedivine.org/wp-content/uploads/2024/10/speaker-business-meeting-conference-hall-scaled.jpg,WordPress REST API: media,,,UNVERIFIED,,,No,Speaker at Business Meeting in the conference hall.,,,image/jpeg,,,,,,,,,,,,,,NOT TESTED,SEO migration lead,Alt text missing/unverified | WP modified: 2024-10-07T12:26:52
https://sciencedivine.org/wp-content/uploads/2024/10/Step-01.png,https://sciencedivine.org/wp-content/uploads/2024/10/Step-01.png,WordPress REST API: media,,,UNVERIFIED,,,No,Step 01,,,image/png,,,,,,,,,,,,,,NOT TESTED,SEO migration lead,Alt text missing/unverified | WP modified: 2024-10-07T17:38:53
https://sciencedivine.org/wp-content/uploads/2024/10/Step-02.png,https://sciencedivine.org/wp-content/uploads/2024/10/Step-02.png,WordPress REST API: media,,,UNVERIFIED,,,No,Step 02,,,image/png,,,,,,,,,,,,,,NOT TESTED,SEO migration lead,Alt text missing/unverified | WP modified: 2024-10-07T17:39:00
https://sciencedivine.org/wp-content/uploads/2024/10/Step-03.png,https://sciencedivine.org/wp-content/uploads/2024/10/Step-03.png,WordPress REST API: media,,,UNVERIFIED,,,No,Step 03,,,image/png,,,,,,,,,,,,,,NOT TESTED,SEO migration lead,Alt text missing/unverified | WP modified: 2024-10-07T17:39:08
https://sciencedivine.org/wp-content/uploads/2024/10/Suparna-Thumbnail-copy.jpg,https://sciencedivine.org/wp-content/uploads/2024/10/Suparna-Thumbnail-copy.jpg,WordPress REST API: media,,,UNVERIFIED,,,No,Suparna Thumbnail copy,,,image/jpeg,,,,,,,,,,,,,,NOT TESTED,SEO migration lead,Alt text missing/unverified | WP modified: 2024-10-11T11:37:54
https://sciencedivine.org/wp-content/uploads/2024/10/u4497537447_logo_for_breath_business_called_Soma_Yama_Breath_-_db321283-c528-4110-a753-ee6e700d29b1-removebg-preview.png,https://sciencedivine.org/wp-content/uploads/2024/10/u4497537447_logo_for_breath_business_called_Soma_Yama_Breath_-_db321283-c528-4110-a753-ee6e700d29b1-removebg-preview.png,WordPress REST API: media,,,UNVERIFIED,,,No,u4497537447_logo_for_breath_business_called_Soma_Yama_Breath_&#8211;_db321283-c528-4110-a753-ee6e700d29b1-removebg-preview,,,image/png,,,,,,,,,,,,,,NOT TESTED,SEO migration lead,Alt text missing/unverified | WP modified: 2024-10-08T17:57:13
https://sciencedivine.org/wp-content/uploads/2024/10/Untitled-design-scaled.webp,https://sciencedivine.org/wp-content/uploads/2024/10/Untitled-design-scaled.webp,WordPress REST API: media,,,UNVERIFIED,,,No,Untitled design,,,image/webp,,,,,,,,,,,,,,NOT TESTED,SEO migration lead,Alt text missing/unverified | WP modified: 2024-10-10T14:20:26
https://sciencedivine.org/wp-content/uploads/2024/10/vrindavan-triptamvrindavan-madan-1707979348665.jpg,https://sciencedivine.org/wp-content/uploads/2024/10/vrindavan-triptamvrindavan-madan-1707979348665.jpg,WordPress REST API: media,,,UNVERIFIED,,,No,vrindavan-triptamvrindavan-madan-1707979348665,,,image/jpeg,,,,,,,,,,,,,,NOT TESTED,SEO migration lead,Alt text missing/unverified | WP modified: 2024-10-11T19:00:18
https://sciencedivine.org/wp-content/uploads/2024/10/WhatsApp-Image-2024-10-07-at-3.10.10-PM.jpeg,https://sciencedivine.org/wp-content/uploads/2024/10/WhatsApp-Image-2024-10-07-at-3.10.10-PM.jpeg,WordPress REST API: media,,,UNVERIFIED,,,No,WhatsApp Image 2024-10-07 at 3.10.10 PM,,,image/jpeg,,,,,,,,,,,,,,NOT TESTED,SEO migration lead,Alt text missing/unverified | WP modified: 2024-10-07T15:11:59
https://sciencedivine.org/wp-content/uploads/2024/10/xaltro._Logo_for_a_YouTube_meditation_channel_minimalist_design_537dfaf8-2c33-4988-a8d7-7e2f4ccc016e-removebg-preview.png,https://sciencedivine.org/wp-content/uploads/2024/10/xaltro._Logo_for_a_YouTube_meditation_channel_minimalist_design_537dfaf8-2c33-4988-a8d7-7e2f4ccc016e-removebg-preview.png,WordPress REST API: media,,,UNVERIFIED,,,No,xaltro._Logo_for_a_YouTube_meditation_channel_minimalist_design_537dfaf8-2c33-4988-a8d7-7e2f4ccc016e-removebg-preview,,,image/png,,,,,,,,,,,,,,NOT TESTED,SEO migration lead,Alt text missing/unverified | WP modified: 2024-10-08T17:57:21
https://sciencedivine.org/wp-content/uploads/2024/12/01.png,https://sciencedivine.org/wp-content/uploads/2024/12/01.png,WordPress REST API: media,,,UNVERIFIED,,,No,01,,,image/png,,,,,,,,,,,,,,NOT TESTED,SEO migration lead,Alt text missing/unverified | WP modified: 2024-12-12T12:40:56
https://sciencedivine.org/wp-content/uploads/2024/12/02-1-1.png,https://sciencedivine.org/wp-content/uploads/2024/12/02-1-1.png,WordPress REST API: media,,,UNVERIFIED,,,No,02 1,,,image/png,,,,,,,,,,,,,,NOT TESTED,SEO migration lead,Alt text missing/unverified | WP modified: 2024-12-11T16:00:35
https://sciencedivine.org/wp-content/uploads/2024/12/02-1.png,https://sciencedivine.org/wp-content/uploads/2024/12/02-1.png,WordPress REST API: media,,,UNVERIFIED,,,No,02-1.png,,,image/png,,,,,,,,,,,,,,NOT TESTED,SEO migration lead,Alt text missing/unverified | WP modified: 2024-12-09T15:48:26
https://sciencedivine.org/wp-content/uploads/2024/12/02.png,https://sciencedivine.org/wp-content/uploads/2024/12/02.png,WordPress REST API: media,,,UNVERIFIED,,,No,02,,,image/png,,,,,,,,,,,,,,NOT TESTED,SEO migration lead,Alt text missing/unverified | WP modified: 2024-12-12T12:40:50
https://sciencedivine.org/wp-content/uploads/2024/12/04-1-1.png,https://sciencedivine.org/wp-content/uploads/2024/12/04-1-1.png,WordPress REST API: media,,,UNVERIFIED,,,No,04 1,,,image/png,,,,,,,,,,,,,,NOT TESTED,SEO migration lead,Alt text missing/unverified | WP modified: 2024-12-11T16:00:30
https://sciencedivine.org/wp-content/uploads/2024/12/04-1.png,https://sciencedivine.org/wp-content/uploads/2024/12/04-1.png,WordPress REST API: media,,,UNVERIFIED,,,No,04-1.png,,,image/png,,,,,,,,,,,,,,NOT TESTED,SEO migration lead,Alt text missing/unverified | WP modified: 2024-12-09T15:48:29
https://sciencedivine.org/wp-content/uploads/2024/12/09-1.png,https://sciencedivine.org/wp-content/uploads/2024/12/09-1.png,WordPress REST API: media,,,UNVERIFIED,,,No,09,,,image/png,,,,,,,,,,,,,,NOT TESTED,SEO migration lead,Alt text missing/unverified | WP modified: 2024-12-11T15:59:43
https://sciencedivine.org/wp-content/uploads/2024/12/09.png,https://sciencedivine.org/wp-content/uploads/2024/12/09.png,WordPress REST API: media,,,UNVERIFIED,,,No,09.png,,,image/png,,,,,,,,,,,,,,NOT TESTED,SEO migration lead,Alt text missing/unverified | WP modified: 2024-12-09T15:48:36
https://sciencedivine.org/wp-content/uploads/2024/12/1-1.webp,https://sciencedivine.org/wp-content/uploads/2024/12/1-1.webp,WordPress REST API: media,,,UNVERIFIED,,,No,1 (1),,,image/webp,,,,,,,,,,,,,,NOT TESTED,SEO migration lead,Alt text missing/unverified | WP modified: 2024-12-14T18:32:38
https://sciencedivine.org/wp-content/uploads/2024/12/1.jpg,https://sciencedivine.org/wp-content/uploads/2024/12/1.jpg,WordPress REST API: media,,,UNVERIFIED,,,No,,,,image/jpeg,,,,,,,,,,,,,,NOT TESTED,SEO migration lead,Alt text missing/unverified | WP modified: 2024-12-14T18:23:07
https://sciencedivine.org/wp-content/uploads/2024/12/1003.png,https://sciencedivine.org/wp-content/uploads/2024/12/1003.png,WordPress REST API: media,,,UNVERIFIED,,,No,1003,,,image/png,,,,,,,,,,,,,,NOT TESTED,SEO migration lead,Alt text missing/unverified | WP modified: 2024-12-12T12:40:44
https://sciencedivine.org/wp-content/uploads/2024/12/11.png,https://sciencedivine.org/wp-content/uploads/2024/12/11.png,WordPress REST API: media,,,UNVERIFIED,,,No,11,,,image/png,,,,,,,,,,,,,,NOT TESTED,SEO migration lead,Alt text missing/unverified | WP modified: 2024-12-11T18:20:33
https://sciencedivine.org/wp-content/uploads/2024/12/11.webp,https://sciencedivine.org/wp-content/uploads/2024/12/11.webp,WordPress REST API: media,,,UNVERIFIED,,,No,11.webp,,,image/webp,,,,,,,,,,,,,,NOT TESTED,SEO migration lead,Alt text missing/unverified | WP modified: 2024-12-09T15:51:31
https://sciencedivine.org/wp-content/uploads/2024/12/12.png,https://sciencedivine.org/wp-content/uploads/2024/12/12.png,WordPress REST API: media,,,UNVERIFIED,,,No,12,,,image/png,,,,,,,,,,,,,,NOT TESTED,SEO migration lead,Alt text missing/unverified | WP modified: 2024-12-11T18:20:29
https://sciencedivine.org/wp-content/uploads/2024/12/12.webp,https://sciencedivine.org/wp-content/uploads/2024/12/12.webp,WordPress REST API: media,,,UNVERIFIED,,,No,12.webp,,,image/webp,,,,,,,,,,,,,,NOT TESTED,SEO migration lead,Alt text missing/unverified | WP modified: 2024-12-09T15:51:32
https://sciencedivine.org/wp-content/uploads/2024/12/14-1.webp,https://sciencedivine.org/wp-content/uploads/2024/12/14-1.webp,WordPress REST API: media,,,UNVERIFIED,,,No,14.webp,,,image/webp,,,,,,,,,,,,,,NOT TESTED,SEO migration lead,Alt text missing/unverified | WP modified: 2024-12-09T15:51:51
https://sciencedivine.org/wp-content/uploads/2024/12/14.png,https://sciencedivine.org/wp-content/uploads/2024/12/14.png,WordPress REST API: media,,,UNVERIFIED,,,No,14,,,image/png,,,,,,,,,,,,,,NOT TESTED,SEO migration lead,Alt text missing/unverified | WP modified: 2024-12-11T18:20:21
https://sciencedivine.org/wp-content/uploads/2024/12/14.webp,https://sciencedivine.org/wp-content/uploads/2024/12/14.webp,WordPress REST API: media,,,UNVERIFIED,,,No,14.webp,,,image/webp,,,,,,,,,,,,,,NOT TESTED,SEO migration lead,Alt text missing/unverified | WP modified: 2024-12-09T15:51:34
https://sciencedivine.org/wp-content/uploads/2024/12/2-1.webp,https://sciencedivine.org/wp-content/uploads/2024/12/2-1.webp,WordPress REST API: media,,,UNVERIFIED,,,No,2 (1),,,image/webp,,,,,,,,,,,,,,NOT TESTED,SEO migration lead,Alt text missing/unverified | WP modified: 2024-12-14T18:32:15
https://sciencedivine.org/wp-content/uploads/2024/12/2.jpg,https://sciencedivine.org/wp-content/uploads/2024/12/2.jpg,WordPress REST API: media,,,UNVERIFIED,,,No,,,,image/jpeg,,,,,,,,,,,,,,NOT TESTED,SEO migration lead,Alt text missing/unverified | WP modified: 2024-12-14T18:23:14
https://sciencedivine.org/wp-content/uploads/2024/12/2qTgc9bYZxAnSmhwalGfGFN6YN1.svg,https://sciencedivine.org/wp-content/uploads/2024/12/2qTgc9bYZxAnSmhwalGfGFN6YN1.svg,WordPress REST API: media,,,UNVERIFIED,,,No,2qTgc9bYZxAnSmhwalGfGFN6YN1,,,image/svg+xml,,,,,,,,,,,,,,NOT TESTED,SEO migration lead,Alt text missing/unverified | WP modified: 2024-12-20T16:29:04
https://sciencedivine.org/wp-content/uploads/2024/12/2qTgeu6vPEkuBXpGJzmRCjo2xxU.svg,https://sciencedivine.org/wp-content/uploads/2024/12/2qTgeu6vPEkuBXpGJzmRCjo2xxU.svg,WordPress REST API: media,,,UNVERIFIED,,,No,2qTgeu6vPEkuBXpGJzmRCjo2xxU,,,image/svg+xml,,,,,,,,,,,,,,NOT TESTED,SEO migration lead,Alt text missing/unverified | WP modified: 2024-12-20T16:29:02
https://sciencedivine.org/wp-content/uploads/2024/12/2qTglCrdhPgxOHfT0Zihs6zlLm5.svg,https://sciencedivine.org/wp-content/uploads/2024/12/2qTglCrdhPgxOHfT0Zihs6zlLm5.svg,WordPress REST API: media,,,UNVERIFIED,,,No,2qTglCrdhPgxOHfT0Zihs6zlLm5,,,image/svg+xml,,,,,,,,,,,,,,NOT TESTED,SEO migration lead,Alt text missing/unverified | WP modified: 2024-12-20T16:28:59
https://sciencedivine.org/wp-content/uploads/2024/12/2qTgMfHUcCAZb1DT0wHpbX27umQ-1.svg,https://sciencedivine.org/wp-content/uploads/2024/12/2qTgMfHUcCAZb1DT0wHpbX27umQ-1.svg,WordPress REST API: media,,,UNVERIFIED,,,No,2qTgMfHUcCAZb1DT0wHpbX27umQ,,,image/svg+xml,,,,,,,,,,,,,,NOT TESTED,SEO migration lead,Alt text missing/unverified | WP modified: 2024-12-20T16:29:07
https://sciencedivine.org/wp-content/uploads/2024/12/2qTgMfHUcCAZb1DT0wHpbX27umQ.svg,https://sciencedivine.org/wp-content/uploads/2024/12/2qTgMfHUcCAZb1DT0wHpbX27umQ.svg,WordPress REST API: media,,,UNVERIFIED,,,No,2qTgMfHUcCAZb1DT0wHpbX27umQ,,,image/svg+xml,,,,,,,,,,,,,,NOT TESTED,SEO migration lead,Alt text missing/unverified | WP modified: 2024-12-20T16:23:16
https://sciencedivine.org/wp-content/uploads/2024/12/2qTgpQVwxytnAzxhKqqyL9EeOMo.svg,https://sciencedivine.org/wp-content/uploads/2024/12/2qTgpQVwxytnAzxhKqqyL9EeOMo.svg,WordPress REST API: media,,,UNVERIFIED,,,No,2qTgpQVwxytnAzxhKqqyL9EeOMo,,,image/svg+xml,,,,,,,,,,,,,,NOT TESTED,SEO migration lead,Alt text missing/unverified | WP modified: 2024-12-20T16:28:57
https://sciencedivine.org/wp-content/uploads/2024/12/2qTgsDYb4lBtzIyk7LiBL86suw1.svg,https://sciencedivine.org/wp-content/uploads/2024/12/2qTgsDYb4lBtzIyk7LiBL86suw1.svg,WordPress REST API: media,,,UNVERIFIED,,,No,2qTgsDYb4lBtzIyk7LiBL86suw1,,,image/svg+xml,,,,,,,,,,,,,,NOT TESTED,SEO migration lead,Alt text missing/unverified | WP modified: 2024-12-20T16:28:55
https://sciencedivine.org/wp-content/uploads/2024/12/2qTguprdrTLQhYUimJV7Untbeho.svg,https://sciencedivine.org/wp-content/uploads/2024/12/2qTguprdrTLQhYUimJV7Untbeho.svg,WordPress REST API: media,,,UNVERIFIED,,,No,2qTguprdrTLQhYUimJV7Untbeho,,,image/svg+xml,,,,,,,,,,,,,,NOT TESTED,SEO migration lead,Alt text missing/unverified | WP modified: 2024-12-20T16:28:52
https://sciencedivine.org/wp-content/uploads/2024/12/2qTgwvoUTM4J3as8FPo08VRg7d4.svg,https://sciencedivine.org/wp-content/uploads/2024/12/2qTgwvoUTM4J3as8FPo08VRg7d4.svg,WordPress REST API: media,,,UNVERIFIED,,,No,2qTgwvoUTM4J3as8FPo08VRg7d4,,,image/svg+xml,,,,,,,,,,,,,,NOT TESTED,SEO migration lead,Alt text missing/unverified | WP modified: 2024-12-20T16:28:51
https://sciencedivine.org/wp-content/uploads/2024/12/2qTgzUVsZXBZw2hcdmuQ8k5Fare.svg,https://sciencedivine.org/wp-content/uploads/2024/12/2qTgzUVsZXBZw2hcdmuQ8k5Fare.svg,WordPress REST API: media,,,UNVERIFIED,,,No,2qTgzUVsZXBZw2hcdmuQ8k5Fare,,,image/svg+xml,,,,,,,,,,,,,,NOT TESTED,SEO migration lead,Alt text missing/unverified | WP modified: 2024-12-20T16:28:48
https://sciencedivine.org/wp-content/uploads/2024/12/2qTh1qUV1zyzQ47LcMslwirL2TH.svg,https://sciencedivine.org/wp-content/uploads/2024/12/2qTh1qUV1zyzQ47LcMslwirL2TH.svg,WordPress REST API: media,,,UNVERIFIED,,,No,2qTh1qUV1zyzQ47LcMslwirL2TH,,,image/svg+xml,,,,,,,,,,,,,,NOT TESTED,SEO migration lead,Alt text missing/unverified | WP modified: 2024-12-20T16:28:46
https://sciencedivine.org/wp-content/uploads/2024/12/3-1.webp,https://sciencedivine.org/wp-content/uploads/2024/12/3-1.webp,WordPress REST API: media,,,UNVERIFIED,,,No,3 (1),,,image/webp,,,,,,,,,,,,,,NOT TESTED,SEO migration lead,Alt text missing/unverified | WP modified: 2024-12-14T18:32:25
https://sciencedivine.org/wp-content/uploads/2024/12/3.jpg,https://sciencedivine.org/wp-content/uploads/2024/12/3.jpg,WordPress REST API: media,,,UNVERIFIED,,,No,,,,image/jpeg,,,,,,,,,,,,,,NOT TESTED,SEO migration lead,Alt text missing/unverified | WP modified: 2024-12-14T18:23:20
https://sciencedivine.org/wp-content/uploads/2024/12/4_Home_Doctors_Online_Consultation-Appel.svg,https://sciencedivine.org/wp-content/uploads/2024/12/4_Home_Doctors_Online_Consultation-Appel.svg,WordPress REST API: media,,,UNVERIFIED,,,No,4_Home_Doctors_Online_Consultation-Appel.svg,,,image/svg+xml,,,,,,,,,,,,,,NOT TESTED,SEO migration lead,Alt text missing/unverified | WP modified: 2024-12-09T16:56:59
https://sciencedivine.org/wp-content/uploads/2024/12/4_Home_Doctors_Online_Consultation-Chevron_down.svg,https://sciencedivine.org/wp-content/uploads/2024/12/4_Home_Doctors_Online_Consultation-Chevron_down.svg,WordPress REST API: media,,,UNVERIFIED,,,No,4_Home_Doctors_Online_Consultation-Chevron_down.svg,,,image/svg+xml,,,,,,,,,,,,,,NOT TESTED,SEO migration lead,Alt text missing/unverified | WP modified: 2024-12-09T16:57:29
https://sciencedivine.org/wp-content/uploads/2024/12/4_Home_Doctors_Online_Consultation-Chevron_up.svg,https://sciencedivine.org/wp-content/uploads/2024/12/4_Home_Doctors_Online_Consultation-Chevron_up.svg,WordPress REST API: media,,,UNVERIFIED,,,No,4_Home_Doctors_Online_Consultation-Chevron_up.svg,,,image/svg+xml,,,,,,,,,,,,,,NOT TESTED,SEO migration lead,Alt text missing/unverified | WP modified: 2024-12-09T16:57:29
https://sciencedivine.org/wp-content/uploads/2024/12/4_Home_Doctors_Online_Consultation-GooglePlay.svg,https://sciencedivine.org/wp-content/uploads/2024/12/4_Home_Doctors_Online_Consultation-GooglePlay.svg,WordPress REST API: media,,,UNVERIFIED,,,No,4_Home_Doctors_Online_Consultation-GooglePlay.svg,,,image/svg+xml,,,,,,,,,,,,,,NOT TESTED,SEO migration lead,Alt text missing/unverified | WP modified: 2024-12-09T16:56:58
https://sciencedivine.org/wp-content/uploads/2024/12/4-1.webp,https://sciencedivine.org/wp-content/uploads/2024/12/4-1.webp,WordPress REST API: media,,,UNVERIFIED,,,No,4 (1),,,image/webp,,,,,,,,,,,,,,NOT TESTED,SEO migration lead,Alt text missing/unverified | WP modified: 2024-12-14T18:32:32
https://sciencedivine.org/wp-content/uploads/2024/12/4.jpg,https://sciencedivine.org/wp-content/uploads/2024/12/4.jpg,WordPress REST API: media,,,UNVERIFIED,,,No,,,,image/jpeg,,,,,,,,,,,,,,NOT TESTED,SEO migration lead,Alt text missing/unverified | WP modified: 2024-12-14T18:23:26
https://sciencedivine.org/wp-content/uploads/2024/12/5.jpg,https://sciencedivine.org/wp-content/uploads/2024/12/5.jpg,WordPress REST API: media,,,UNVERIFIED,,,No,,,,image/jpeg,,,,,,,,,,,,,,NOT TESTED,SEO migration lead,Alt text missing/unverified | WP modified: 2024-12-14T18:23:32
https://sciencedivine.org/wp-content/uploads/2024/12/AAP_0044-1.webp,https://sciencedivine.org/wp-content/uploads/2024/12/AAP_0044-1.webp,WordPress REST API: media,,,UNVERIFIED,,,No,AAP_0044-1.webp,,,image/webp,,,,,,,,,,,,,,NOT TESTED,SEO migration lead,Alt text missing/unverified | WP modified: 2024-12-09T15:51:48
https://sciencedivine.org/wp-content/uploads/2024/12/AAP_0044-1.webp.bv_resized_desktop.webp.bv_.webp,https://sciencedivine.org/wp-content/uploads/2024/12/AAP_0044-1.webp.bv_resized_desktop.webp.bv_.webp,WordPress REST API: media,,,UNVERIFIED,,,No,AAP_0044-1.webp.bv_resized_desktop.webp.bv,,,image/webp,,,,,,,,,,,,,,NOT TESTED,SEO migration lead,Alt text missing/unverified | WP modified: 2024-12-11T11:54:55
https://sciencedivine.org/wp-content/uploads/2024/12/AAP_0044-removebg-preview.png,https://sciencedivine.org/wp-content/uploads/2024/12/AAP_0044-removebg-preview.png,WordPress REST API: media,,,UNVERIFIED,,,No,AAP_0044-removebg-preview,,,image/png,,,,,,,,,,,,,,NOT TESTED,SEO migration lead,Alt text missing/unverified | WP modified: 2024-12-11T11:58:55
https://sciencedivine.org/wp-content/uploads/2024/12/AAP_0178-1-1-1.webp,https://sciencedivine.org/wp-content/uploads/2024/12/AAP_0178-1-1-1.webp,WordPress REST API: media,,,UNVERIFIED,,,No,AAP_0178 1 1,,,image/webp,,,,,,,,,,,,,,NOT TESTED,SEO migration lead,Alt text missing/unverified | WP modified: 2024-12-11T11:52:02
https://sciencedivine.org/wp-content/uploads/2024/12/AAP_0178-1-1.webp,https://sciencedivine.org/wp-content/uploads/2024/12/AAP_0178-1-1.webp,WordPress REST API: media,,,UNVERIFIED,,,No,AAP_0178-1-1.webp,,,image/webp,,,,,,,,,,,,,,NOT TESTED,SEO migration lead,Alt text missing/unverified | WP modified: 2024-12-09T15:48:20
https://sciencedivine.org/wp-content/uploads/2024/12/Bg.png,https://sciencedivine.org/wp-content/uploads/2024/12/Bg.png,WordPress REST API: media,,,UNVERIFIED,,,No,Bg,,,image/png,,,,,,,,,,,,,,NOT TESTED,SEO migration lead,Alt text missing/unverified | WP modified: 2024-12-10T14:50:49
https://sciencedivine.org/wp-content/uploads/2024/12/Color-Final-Logo-2-copy-1.webp,https://sciencedivine.org/wp-content/uploads/2024/12/Color-Final-Logo-2-copy-1.webp,WordPress REST API: media,,,UNVERIFIED,,,No,Color-Final-Logo-2-copy-1.webp,,,image/webp,,,,,,,,,,,,,,NOT TESTED,SEO migration lead,Alt text missing/unverified | WP modified: 2024-12-09T15:52:31
https://sciencedivine.org/wp-content/uploads/2024/12/Group-71-1-1-scaled.webp,https://sciencedivine.org/wp-content/uploads/2024/12/Group-71-1-1-scaled.webp,WordPress REST API: media,,,UNVERIFIED,,,No,Group 71 (1) (1),,,image/webp,,,,,,,,,,,,,,NOT TESTED,SEO migration lead,Alt text missing/unverified | WP modified: 2024-12-11T12:10:38
https://sciencedivine.org/wp-content/uploads/2024/12/Group-91-1-scaled.webp,https://sciencedivine.org/wp-content/uploads/2024/12/Group-91-1-scaled.webp,WordPress REST API: media,,,UNVERIFIED,,,No,Group 91 (1),,,image/webp,,,,,,,,,,,,,,NOT TESTED,SEO migration lead,Alt text missing/unverified | WP modified: 2024-12-10T11:58:20
https://sciencedivine.org/wp-content/uploads/2024/12/image_Nero-AI_Face-1-1.png,https://sciencedivine.org/wp-content/uploads/2024/12/image_Nero-AI_Face-1-1.png,WordPress REST API: media,,,UNVERIFIED,,,No,image_Nero AI_Face (1) (1),,,image/png,,,,,,,,,,,,,,NOT TESTED,SEO migration lead,Alt text missing/unverified | WP modified: 2024-12-11T17:01:27
https://sciencedivine.org/wp-content/uploads/2024/12/image_Nero-AI_Face-2-1.png,https://sciencedivine.org/wp-content/uploads/2024/12/image_Nero-AI_Face-2-1.png,WordPress REST API: media,,,UNVERIFIED,,,No,image_Nero-AI_Face-2-1.png,,,image/png,,,,,,,,,,,,,,NOT TESTED,SEO migration lead,Alt text missing/unverified | WP modified: 2024-12-09T15:50:06
https://sciencedivine.org/wp-content/uploads/2024/12/image_Nero-AI_Face-2.png,https://sciencedivine.org/wp-content/uploads/2024/12/image_Nero-AI_Face-2.png,WordPress REST API: media,,,UNVERIFIED,,,No,image_Nero AI_Face (2),,,image/png,,,,,,,,,,,,,,NOT TESTED,SEO migration lead,Alt text missing/unverified | WP modified: 2024-12-11T17:02:39
https://sciencedivine.org/wp-content/uploads/2024/12/image_Nero-AI_Face-3.png,https://sciencedivine.org/wp-content/uploads/2024/12/image_Nero-AI_Face-3.png,WordPress REST API: media,,,UNVERIFIED,,,No,image_Nero-AI_Face-3.png,,,image/png,,,,,,,,,,,,,,NOT TESTED,SEO migration lead,Alt text missing/unverified | WP modified: 2024-12-09T15:49:38
https://sciencedivine.org/wp-content/uploads/2024/12/image-1-1.webp,https://sciencedivine.org/wp-content/uploads/2024/12/image-1-1.webp,WordPress REST API: media,,,UNVERIFIED,,,No,image (1),,,image/webp,,,,,,,,,,,,,,NOT TESTED,SEO migration lead,Alt text missing/unverified | WP modified: 2024-12-11T12:31:26
https://sciencedivine.org/wp-content/uploads/2024/12/image-1.webp,https://sciencedivine.org/wp-content/uploads/2024/12/image-1.webp,WordPress REST API: media,,,UNVERIFIED,,,No,image (1),,,image/webp,,,,,,,,,,,,,,NOT TESTED,SEO migration lead,Alt text missing/unverified | WP modified: 2024-12-11T12:24:42
https://sciencedivine.org/wp-content/uploads/2024/12/image-10.png,https://sciencedivine.org/wp-content/uploads/2024/12/image-10.png,WordPress REST API: media,,,UNVERIFIED,,,No,image (10),,,image/png,,,,,,,,,,,,,,NOT TESTED,SEO migration lead,Alt text missing/unverified | WP modified: 2024-12-10T15:11:47
https://sciencedivine.org/wp-content/uploads/2024/12/image-14-1.png,https://sciencedivine.org/wp-content/uploads/2024/12/image-14-1.png,WordPress REST API: media,,,UNVERIFIED,,,No,image 14,,,image/png,,,,,,,,,,,,,,NOT TESTED,SEO migration lead,Alt text missing/unverified | WP modified: 2024-12-11T15:59:30
https://sciencedivine.org/wp-content/uploads/2024/12/image-14.png,https://sciencedivine.org/wp-content/uploads/2024/12/image-14.png,WordPress REST API: media,,,UNVERIFIED,,,No,image-14.png,,,image/png,,,,,,,,,,,,,,NOT TESTED,SEO migration lead,Alt text missing/unverified | WP modified: 2024-12-09T15:48:37
https://sciencedivine.org/wp-content/uploads/2024/12/image-19-1.png,https://sciencedivine.org/wp-content/uploads/2024/12/image-19-1.png,WordPress REST API: media,,,UNVERIFIED,,,No,image 19 (1),,,image/png,,,,,,,,,,,,,,NOT TESTED,SEO migration lead,Alt text missing/unverified | WP modified: 2024-12-12T13:08:38
https://sciencedivine.org/wp-content/uploads/2024/12/image-19-1.webp,https://sciencedivine.org/wp-content/uploads/2024/12/image-19-1.webp,WordPress REST API: media,,,UNVERIFIED,,,No,image-19-1.webp,,,image/webp,,,,,,,,,,,,,,NOT TESTED,SEO migration lead,Alt text missing/unverified | WP modified: 2024-12-09T15:52:28
https://sciencedivine.org/wp-content/uploads/2024/12/image-21-1.png,https://sciencedivine.org/wp-content/uploads/2024/12/image-21-1.png,WordPress REST API: media,,,UNVERIFIED,,,No,image 21 (1),,,image/png,,,,,,,,,,,,,,NOT TESTED,SEO migration lead,Alt text missing/unverified | WP modified: 2024-12-12T13:08:43
https://sciencedivine.org/wp-content/uploads/2024/12/image-21-1.webp,https://sciencedivine.org/wp-content/uploads/2024/12/image-21-1.webp,WordPress REST API: media,,,UNVERIFIED,,,No,image-21-1.webp,,,image/webp,,,,,,,,,,,,,,NOT TESTED,SEO migration lead,Alt text missing/unverified | WP modified: 2024-12-09T15:52:26
https://sciencedivine.org/wp-content/uploads/2024/12/image-24-1.webp,https://sciencedivine.org/wp-content/uploads/2024/12/image-24-1.webp,WordPress REST API: media,,,UNVERIFIED,,,No,image 24,,,image/webp,,,,,,,,,,,,,,NOT TESTED,SEO migration lead,Alt text missing/unverified | WP modified: 2024-12-12T12:10:00
https://sciencedivine.org/wp-content/uploads/2024/12/image-24.webp,https://sciencedivine.org/wp-content/uploads/2024/12/image-24.webp,WordPress REST API: media,,,UNVERIFIED,,,No,image-24.webp,,,image/webp,,,,,,,,,,,,,,NOT TESTED,SEO migration lead,Alt text missing/unverified | WP modified: 2024-12-09T15:51:52
https://sciencedivine.org/wp-content/uploads/2024/12/image-32-1-1-scaled.webp,https://sciencedivine.org/wp-content/uploads/2024/12/image-32-1-1-scaled.webp,WordPress REST API: media,,,UNVERIFIED,,,No,image 32 (1) (1),,,image/webp,,,,,,,,,,,,,,NOT TESTED,SEO migration lead,Alt text missing/unverified | WP modified: 2024-12-12T13:30:33
https://sciencedivine.org/wp-content/uploads/2024/12/image-44.png,https://sciencedivine.org/wp-content/uploads/2024/12/image-44.png,WordPress REST API: media,,,UNVERIFIED,,,No,image-44.png,,,image/png,,,,,,,,,,,,,,NOT TESTED,SEO migration lead,Alt text missing/unverified | WP modified: 2024-12-09T15:48:12
https://sciencedivine.org/wp-content/uploads/2024/12/image-9-1.png,https://sciencedivine.org/wp-content/uploads/2024/12/image-9-1.png,WordPress REST API: media,,,UNVERIFIED,,,No,image-9-1.png,,,image/png,,,,,,,,,,,,,,NOT TESTED,SEO migration lead,Alt text missing/unverified | WP modified: 2024-12-09T15:51:47
https://sciencedivine.org/wp-content/uploads/2024/12/image-9.png,https://sciencedivine.org/wp-content/uploads/2024/12/image-9.png,WordPress REST API: media,,,UNVERIFIED,,,No,image 9,,,image/png,,,,,,,,,,,,,,NOT TESTED,SEO migration lead,Alt text missing/unverified | WP modified: 2024-12-11T12:12:43
https://sciencedivine.org/wp-content/uploads/2024/12/IMG_0899.webp,https://sciencedivine.org/wp-content/uploads/2024/12/IMG_0899.webp,WordPress REST API: media,,,UNVERIFIED,,,No,IMG_0899,,,image/webp,,,,,,,,,,,,,,NOT TESTED,SEO migration lead,Alt text missing/unverified | WP modified: 2024-12-10T15:12:00
https://sciencedivine.org/wp-content/uploads/2024/12/IMG_1312-scaled.webp,https://sciencedivine.org/wp-content/uploads/2024/12/IMG_1312-scaled.webp,WordPress REST API: media,,,UNVERIFIED,,,No,IMG_1312,,,image/webp,,,,,,,,,,,,,,NOT TESTED,SEO migration lead,Alt text missing/unverified | WP modified: 2024-12-11T18:00:30
https://sciencedivine.org/wp-content/uploads/2024/12/IMG_1317-scaled.webp,https://sciencedivine.org/wp-content/uploads/2024/12/IMG_1317-scaled.webp,WordPress REST API: media,,,UNVERIFIED,,,No,IMG_1317,,,image/webp,,,,,,,,,,,,,,NOT TESTED,SEO migration lead,Alt text missing/unverified | WP modified: 2024-12-11T18:00:14
https://sciencedivine.org/wp-content/uploads/2024/12/IMG_1335-scaled.jpg,https://sciencedivine.org/wp-content/uploads/2024/12/IMG_1335-scaled.jpg,WordPress REST API: media,,,UNVERIFIED,,,No,IMG_1335,,,image/jpeg,,,,,,,,,,,,,,NOT TESTED,SEO migration lead,Alt text missing/unverified | WP modified: 2024-12-11T18:00:48
https://sciencedivine.org/wp-content/uploads/2024/12/IMG_1379-scaled.jpg,https://sciencedivine.org/wp-content/uploads/2024/12/IMG_1379-scaled.jpg,WordPress REST API: media,,,UNVERIFIED,,,No,IMG_1379,,,image/jpeg,,,,,,,,,,,,,,NOT TESTED,SEO migration lead,Alt text missing/unverified | WP modified: 2024-12-11T18:03:09
https://sciencedivine.org/wp-content/uploads/2024/12/IMG_5013.webp,https://sciencedivine.org/wp-content/uploads/2024/12/IMG_5013.webp,WordPress REST API: media,,,UNVERIFIED,,,No,IMG_5013.webp,,,image/webp,,,,,,,,,,,,,,NOT TESTED,SEO migration lead,Alt text missing/unverified | WP modified: 2024-12-09T15:51:25
https://sciencedivine.org/wp-content/uploads/2024/12/IMG_6095-1.webp,https://sciencedivine.org/wp-content/uploads/2024/12/IMG_6095-1.webp,WordPress REST API: media,,,UNVERIFIED,,,No,IMG_6095-1.webp,,,image/webp,,,,,,,,,,,,,,NOT TESTED,SEO migration lead,Alt text missing/unverified | WP modified: 2024-12-09T15:51:18
https://sciencedivine.org/wp-content/uploads/2024/12/IMG_8430-scaled.webp,https://sciencedivine.org/wp-content/uploads/2024/12/IMG_8430-scaled.webp,WordPress REST API: media,,,UNVERIFIED,,,No,IMG_8430,,,image/webp,,,,,,,,,,,,,,NOT TESTED,SEO migration lead,Alt text missing/unverified | WP modified: 2024-12-11T18:43:58
https://sciencedivine.org/wp-content/uploads/2024/12/IMG-20240115-WA0102_Nero-AI_Face-1.png,https://sciencedivine.org/wp-content/uploads/2024/12/IMG-20240115-WA0102_Nero-AI_Face-1.png,WordPress REST API: media,,,UNVERIFIED,,,No,IMG-20240115-WA0102_Nero AI_Face (1),,,image/png,,,,,,,,,,,,,,NOT TESTED,SEO migration lead,Alt text missing/unverified | WP modified: 2024-12-11T17:04:04
https://sciencedivine.org/wp-content/uploads/2024/12/IMG-20240115-WA0102_Nero-AI_Face-2.png,https://sciencedivine.org/wp-content/uploads/2024/12/IMG-20240115-WA0102_Nero-AI_Face-2.png,WordPress REST API: media,,,UNVERIFIED,,,No,IMG-20240115-WA0102_Nero-AI_Face-2.png,,,image/png,,,,,,,,,,,,,,NOT TESTED,SEO migration lead,Alt text missing/unverified | WP modified: 2024-12-09T15:49:14
https://sciencedivine.org/wp-content/uploads/2024/12/IMG-20240115-WA0109_Nero-AI_Face-1-1-1.png,https://sciencedivine.org/wp-content/uploads/2024/12/IMG-20240115-WA0109_Nero-AI_Face-1-1-1.png,WordPress REST API: media,,,UNVERIFIED,,,No,IMG-20240115-WA0109_Nero AI_Face 1 (1),,,image/png,,,,,,,,,,,,,,NOT TESTED,SEO migration lead,Alt text missing/unverified | WP modified: 2024-12-11T17:04:49
https://sciencedivine.org/wp-content/uploads/2024/12/IMG-20240115-WA0109_Nero-AI_Face-1-1.png,https://sciencedivine.org/wp-content/uploads/2024/12/IMG-20240115-WA0109_Nero-AI_Face-1-1.png,WordPress REST API: media,,,UNVERIFIED,,,No,IMG-20240115-WA0109_Nero-AI_Face-1-1.png,,,image/png,,,,,,,,,,,,,,NOT TESTED,SEO migration lead,Alt text missing/unverified | WP modified: 2024-12-09T15:48:38
https://sciencedivine.org/wp-content/uploads/2024/12/kabdvksbhk-1-scaled.webp,https://sciencedivine.org/wp-content/uploads/2024/12/kabdvksbhk-1-scaled.webp,WordPress REST API: media,,,UNVERIFIED,,,No,kabdvksbhk (1),,,image/webp,,,,,,,,,,,,,,NOT TESTED,SEO migration lead,Alt text missing/unverified | WP modified: 2024-12-13T18:42:46
https://sciencedivine.org/wp-content/uploads/2024/12/Layer_9.png,https://sciencedivine.org/wp-content/uploads/2024/12/Layer_9.png,WordPress REST API: media,,,UNVERIFIED,,,No,Layer_9.png,,,image/png,,,,,,,,,,,,,,NOT TESTED,SEO migration lead,Alt text missing/unverified | WP modified: 2024-12-09T15:51:17
https://sciencedivine.org/wp-content/uploads/2024/12/LSNDFLKN-1.png,https://sciencedivine.org/wp-content/uploads/2024/12/LSNDFLKN-1.png,WordPress REST API: media,,,UNVERIFIED,,,No,LSNDFLKN,,,image/png,,,,,,,,,,,,,,NOT TESTED,SEO migration lead,Alt text missing/unverified | WP modified: 2024-12-11T15:59:16
https://sciencedivine.org/wp-content/uploads/2024/12/LSNDFLKN.png,https://sciencedivine.org/wp-content/uploads/2024/12/LSNDFLKN.png,WordPress REST API: media,,,UNVERIFIED,,,No,LSNDFLKN.png,,,image/png,,,,,,,,,,,,,,NOT TESTED,SEO migration lead,Alt text missing/unverified | WP modified: 2024-12-09T15:48:28
https://sciencedivine.org/wp-content/uploads/2024/12/mandala-drawing-coloring-book-art-painting-mandala-png-af7f3fd6179f319fd64c3045a8b6db3e-5.webp,https://sciencedivine.org/wp-content/uploads/2024/12/mandala-drawing-coloring-book-art-painting-mandala-png-af7f3fd6179f319fd64c3045a8b6db3e-5.webp,WordPress REST API: media,,,UNVERIFIED,,,No,mandala-drawing-coloring-book-art-painting-mandala-png-af7f3fd6179f319fd64c3045a8b6db3e 5,,,image/webp,,,,,,,,,,,,,,NOT TESTED,SEO migration lead,Alt text missing/unverified | WP modified: 2024-12-11T12:12:50
https://sciencedivine.org/wp-content/uploads/2024/12/Mask-group-10-1.png,https://sciencedivine.org/wp-content/uploads/2024/12/Mask-group-10-1.png,WordPress REST API: media,,,UNVERIFIED,,,No,Mask group (10),,,image/png,,,,,,,,,,,,,,NOT TESTED,SEO migration lead,Alt text missing/unverified | WP modified: 2024-12-11T16:00:12
https://sciencedivine.org/wp-content/uploads/2024/12/Mask-group-10.png,https://sciencedivine.org/wp-content/uploads/2024/12/Mask-group-10.png,WordPress REST API: media,,,UNVERIFIED,,,No,Mask-group-10.png,,,image/png,,,,,,,,,,,,,,NOT TESTED,SEO migration lead,Alt text missing/unverified | WP modified: 2024-12-09T15:48:32
https://sciencedivine.org/wp-content/uploads/2024/12/Mask-group-11-1.png,https://sciencedivine.org/wp-content/uploads/2024/12/Mask-group-11-1.png,WordPress REST API: media,,,UNVERIFIED,,,No,Mask group (11),,,image/png,,,,,,,,,,,,,,NOT TESTED,SEO migration lead,Alt text missing/unverified | WP modified: 2024-12-11T16:00:01
https://sciencedivine.org/wp-content/uploads/2024/12/Mask-group-11.png,https://sciencedivine.org/wp-content/uploads/2024/12/Mask-group-11.png,WordPress REST API: media,,,UNVERIFIED,,,No,Mask-group-11.png,,,image/png,,,,,,,,,,,,,,NOT TESTED,SEO migration lead,Alt text missing/unverified | WP modified: 2024-12-09T15:48:34
https://sciencedivine.org/wp-content/uploads/2024/12/Mask-group-12-1.png,https://sciencedivine.org/wp-content/uploads/2024/12/Mask-group-12-1.png,WordPress REST API: media,,,UNVERIFIED,,,No,Mask group (12),,,image/png,,,,,,,,,,,,,,NOT TESTED,SEO migration lead,Alt text missing/unverified | WP modified: 2024-12-11T15:59:52
https://sciencedivine.org/wp-content/uploads/2024/12/Mask-group-12.png,https://sciencedivine.org/wp-content/uploads/2024/12/Mask-group-12.png,WordPress REST API: media,,,UNVERIFIED,,,No,Mask-group-12.png,,,image/png,,,,,,,,,,,,,,NOT TESTED,SEO migration lead,Alt text missing/unverified | WP modified: 2024-12-09T15:48:35
https://sciencedivine.org/wp-content/uploads/2024/12/Mask-group-14-1-scaled.webp,https://sciencedivine.org/wp-content/uploads/2024/12/Mask-group-14-1-scaled.webp,WordPress REST API: media,,,UNVERIFIED,,,No,Mask group (14) (1),,,image/webp,,,,,,,,,,,,,,NOT TESTED,SEO migration lead,Alt text missing/unverified | WP modified: 2024-12-11T12:10:15
https://sciencedivine.org/wp-content/uploads/2024/12/Mask-group-14.png,https://sciencedivine.org/wp-content/uploads/2024/12/Mask-group-14.png,WordPress REST API: media,,,UNVERIFIED,,,No,Mask group (14),,,image/png,,,,,,,,,,,,,,NOT TESTED,SEO migration lead,Alt text missing/unverified | WP modified: 2024-12-11T18:20:25
https://sciencedivine.org/wp-content/uploads/2024/12/Mask-group-14.webp,https://sciencedivine.org/wp-content/uploads/2024/12/Mask-group-14.webp,WordPress REST API: media,,,UNVERIFIED,,,No,Mask-group-14.webp,,,image/webp,,,,,,,,,,,,,,NOT TESTED,SEO migration lead,Alt text missing/unverified | WP modified: 2024-12-09T15:51:33
https://sciencedivine.org/wp-content/uploads/2024/12/Mask-group-15-1-1.png,https://sciencedivine.org/wp-content/uploads/2024/12/Mask-group-15-1-1.png,WordPress REST API: media,,,UNVERIFIED,,,No,Mask group (15) (1),,,image/png,,,,,,,,,,,,,,NOT TESTED,SEO migration lead,Alt text missing/unverified | WP modified: 2024-12-12T13:11:58
https://sciencedivine.org/wp-content/uploads/2024/12/Mask-group-15-1.png,https://sciencedivine.org/wp-content/uploads/2024/12/Mask-group-15-1.png,WordPress REST API: media,,,UNVERIFIED,,,No,Mask group (15) (1),,,image/png,,,,,,,,,,,,,,NOT TESTED,SEO migration lead,Alt text missing/unverified | WP modified: 2024-12-12T13:08:47
https://sciencedivine.org/wp-content/uploads/2024/12/Mask-group-15-1.webp,https://sciencedivine.org/wp-content/uploads/2024/12/Mask-group-15-1.webp,WordPress REST API: media,,,UNVERIFIED,,,No,Mask-group-15-1.webp,,,image/webp,,,,,,,,,,,,,,NOT TESTED,SEO migration lead,Alt text missing/unverified | WP modified: 2024-12-09T15:52:23
https://sciencedivine.org/wp-content/uploads/2024/12/Mask-group-4.png,https://sciencedivine.org/wp-content/uploads/2024/12/Mask-group-4.png,WordPress REST API: media,,,UNVERIFIED,,,No,Mask-group-4.png,,,image/png,,,,,,,,,,,,,,NOT TESTED,SEO migration lead,Alt text missing/unverified | WP modified: 2024-12-09T15:48:13
https://sciencedivine.org/wp-content/uploads/2024/12/Mask-group-5.png,https://sciencedivine.org/wp-content/uploads/2024/12/Mask-group-5.png,WordPress REST API: media,,,UNVERIFIED,,,No,Mask-group-5.png,,,image/png,,,,,,,,,,,,,,NOT TESTED,SEO migration lead,Alt text missing/unverified | WP modified: 2024-12-09T15:51:49
https://sciencedivine.org/wp-content/uploads/2024/12/Mask-group-6.png,https://sciencedivine.org/wp-content/uploads/2024/12/Mask-group-6.png,WordPress REST API: media,,,UNVERIFIED,,,No,Mask group (6),,,image/png,,,,,,,,,,,,,,NOT TESTED,SEO migration lead,Alt text missing/unverified | WP modified: 2024-12-11T14:39:32
https://sciencedivine.org/wp-content/uploads/2024/12/Mask-group-6.webp,https://sciencedivine.org/wp-content/uploads/2024/12/Mask-group-6.webp,WordPress REST API: media,,,UNVERIFIED,,,No,Mask-group-6.webp,,,image/webp,,,,,,,,,,,,,,NOT TESTED,SEO migration lead,Alt text missing/unverified | WP modified: 2024-12-09T15:48:16
https://sciencedivine.org/wp-content/uploads/2024/12/Mask-group-7.png,https://sciencedivine.org/wp-content/uploads/2024/12/Mask-group-7.png,WordPress REST API: media,,,UNVERIFIED,,,No,Mask group (7),,,image/png,,,,,,,,,,,,,,NOT TESTED,SEO migration lead,Alt text missing/unverified | WP modified: 2024-12-11T14:39:28
https://sciencedivine.org/wp-content/uploads/2024/12/Mask-group-7.webp,https://sciencedivine.org/wp-content/uploads/2024/12/Mask-group-7.webp,WordPress REST API: media,,,UNVERIFIED,,,No,Mask-group-7.webp,,,image/webp,,,,,,,,,,,,,,NOT TESTED,SEO migration lead,Alt text missing/unverified | WP modified: 2024-12-09T15:48:18
https://sciencedivine.org/wp-content/uploads/2024/12/Mask-group-8.png,https://sciencedivine.org/wp-content/uploads/2024/12/Mask-group-8.png,WordPress REST API: media,,,UNVERIFIED,,,No,Mask group (8),,,image/png,,,,,,,,,,,,,,NOT TESTED,SEO migration lead,Alt text missing/unverified | WP modified: 2024-12-11T14:39:22
https://sciencedivine.org/wp-content/uploads/2024/12/Mask-group-8.webp,https://sciencedivine.org/wp-content/uploads/2024/12/Mask-group-8.webp,WordPress REST API: media,,,UNVERIFIED,,,No,Mask-group-8.webp,,,image/webp,,,,,,,,,,,,,,NOT TESTED,SEO migration lead,Alt text missing/unverified | WP modified: 2024-12-09T15:48:15
https://sciencedivine.org/wp-content/uploads/2024/12/Mask-group-9-1.png,https://sciencedivine.org/wp-content/uploads/2024/12/Mask-group-9-1.png,WordPress REST API: media,,,UNVERIFIED,,,No,Mask group (9),,,image/png,,,,,,,,,,,,,,NOT TESTED,SEO migration lead,Alt text missing/unverified | WP modified: 2024-12-11T16:00:20
https://sciencedivine.org/wp-content/uploads/2024/12/Mask-group-9.png,https://sciencedivine.org/wp-content/uploads/2024/12/Mask-group-9.png,WordPress REST API: media,,,UNVERIFIED,,,No,Mask-group-9.png,,,image/png,,,,,,,,,,,,,,NOT TESTED,SEO migration lead,Alt text missing/unverified | WP modified: 2024-12-09T15:48:31
https://sciencedivine.org/wp-content/uploads/2024/12/Meditation-2-1.png,https://sciencedivine.org/wp-content/uploads/2024/12/Meditation-2-1.png,WordPress REST API: media,,,UNVERIFIED,,,No,Meditation 2,,,image/png,,,,,,,,,,,,,,NOT TESTED,SEO migration lead,Alt text missing/unverified | WP modified: 2024-12-11T16:00:40
https://sciencedivine.org/wp-content/uploads/2024/12/Meditation-2.png,https://sciencedivine.org/wp-content/uploads/2024/12/Meditation-2.png,WordPress REST API: media,,,UNVERIFIED,,,No,Meditation-2.png,,,image/png,,,,,,,,,,,,,,NOT TESTED,SEO migration lead,Alt text missing/unverified | WP modified: 2024-12-09T15:48:24
https://sciencedivine.org/wp-content/uploads/2024/12/new.webp,https://sciencedivine.org/wp-content/uploads/2024/12/new.webp,WordPress REST API: media,,,UNVERIFIED,,,No,new,,,image/webp,,,,,,,,,,,,,,NOT TESTED,SEO migration lead,Alt text missing/unverified | WP modified: 2024-12-11T12:10:49
https://sciencedivine.org/wp-content/uploads/2024/12/Screenshot-2024-11-26-154449.png,https://sciencedivine.org/wp-content/uploads/2024/12/Screenshot-2024-11-26-154449.png,WordPress REST API: media,,,UNVERIFIED,,,No,Screenshot 2024-11-26 154449,,,image/png,,,,,,,,,,,,,,NOT TESTED,SEO migration lead,Alt text missing/unverified | WP modified: 2024-12-14T12:53:29
https://sciencedivine.org/wp-content/uploads/2024/12/Step-01-1.webp,https://sciencedivine.org/wp-content/uploads/2024/12/Step-01-1.webp,WordPress REST API: media,,,UNVERIFIED,,,No,Step 01,,,image/webp,,,,,,,,,,,,,,NOT TESTED,SEO migration lead,Alt text missing/unverified | WP modified: 2024-12-12T12:28:40
https://sciencedivine.org/wp-content/uploads/2024/12/Step-01.webp,https://sciencedivine.org/wp-content/uploads/2024/12/Step-01.webp,WordPress REST API: media,,,UNVERIFIED,,,No,Step-01.webp,,,image/webp,,,,,,,,,,,,,,NOT TESTED,SEO migration lead,Alt text missing/unverified | WP modified: 2024-12-09T15:51:53
https://sciencedivine.org/wp-content/uploads/2024/12/Step-02-1.webp,https://sciencedivine.org/wp-content/uploads/2024/12/Step-02-1.webp,WordPress REST API: media,,,UNVERIFIED,,,No,Step 02,,,image/webp,,,,,,,,,,,,,,NOT TESTED,SEO migration lead,Alt text missing/unverified | WP modified: 2024-12-12T12:28:28
https://sciencedivine.org/wp-content/uploads/2024/12/Step-02.webp,https://sciencedivine.org/wp-content/uploads/2024/12/Step-02.webp,WordPress REST API: media,,,UNVERIFIED,,,No,Step-02.webp,,,image/webp,,,,,,,,,,,,,,NOT TESTED,SEO migration lead,Alt text missing/unverified | WP modified: 2024-12-09T15:51:59
https://sciencedivine.org/wp-content/uploads/2024/12/Step-03-Copy-1.webp,https://sciencedivine.org/wp-content/uploads/2024/12/Step-03-Copy-1.webp,WordPress REST API: media,,,UNVERIFIED,,,No,Step 03 &#8211; Copy,,,image/webp,,,,,,,,,,,,,,NOT TESTED,SEO migration lead,Alt text missing/unverified | WP modified: 2024-12-12T12:28:16
https://sciencedivine.org/wp-content/uploads/2024/12/Step-03-Copy.webp,https://sciencedivine.org/wp-content/uploads/2024/12/Step-03-Copy.webp,WordPress REST API: media,,,UNVERIFIED,,,No,Step-03-Copy.webp,,,image/webp,,,,,,,,,,,,,,NOT TESTED,SEO migration lead,Alt text missing/unverified | WP modified: 2024-12-09T15:52:05
https://sciencedivine.org/wp-content/uploads/2024/12/Untitled-design-1-scaled.webp,https://sciencedivine.org/wp-content/uploads/2024/12/Untitled-design-1-scaled.webp,WordPress REST API: media,,,UNVERIFIED,,,No,Untitled design (1),,,image/webp,,,,,,,,,,,,,,NOT TESTED,SEO migration lead,Alt text missing/unverified | WP modified: 2024-12-14T15:36:03
https://sciencedivine.org/wp-content/uploads/2024/12/Untitled-design-scaled.jpg,https://sciencedivine.org/wp-content/uploads/2024/12/Untitled-design-scaled.jpg,WordPress REST API: media,,,UNVERIFIED,,,No,Untitled design,,,image/jpeg,,,,,,,,,,,,,,NOT TESTED,SEO migration lead,Alt text missing/unverified | WP modified: 2024-12-14T15:42:06
https://sciencedivine.org/wp-content/uploads/2024/12/WhatsApp-Image-2024-07-13-at-18.25.34_73815f1e-1-1.png,https://sciencedivine.org/wp-content/uploads/2024/12/WhatsApp-Image-2024-07-13-at-18.25.34_73815f1e-1-1.png,WordPress REST API: media,,,UNVERIFIED,,,No,WhatsApp Image 2024-07-13 at 18.25.34_73815f1e 1,,,image/png,,,,,,,,,,,,,,NOT TESTED,SEO migration lead,Alt text missing/unverified | WP modified: 2024-12-11T17:02:45
https://sciencedivine.org/wp-content/uploads/2024/12/WhatsApp-Image-2024-07-13-at-18.25.34_73815f1e-1.png,https://sciencedivine.org/wp-content/uploads/2024/12/WhatsApp-Image-2024-07-13-at-18.25.34_73815f1e-1.png,WordPress REST API: media,,,UNVERIFIED,,,No,WhatsApp-Image-2024-07-13-at-18.25.34_73815f1e-1.png,,,image/png,,,,,,,,,,,,,,NOT TESTED,SEO migration lead,Alt text missing/unverified | WP modified: 2024-12-09T15:50:35
https://sciencedivine.org/wp-content/uploads/2024/12/WhatsApp-Image-2024-07-26-at-11.39.06_81ab3a55-1.png,https://sciencedivine.org/wp-content/uploads/2024/12/WhatsApp-Image-2024-07-26-at-11.39.06_81ab3a55-1.png,WordPress REST API: media,,,UNVERIFIED,,,No,WhatsApp Image 2024-07-26 at 11.39.06_81ab3a55,,,image/png,,,,,,,,,,,,,,NOT TESTED,SEO migration lead,Alt text missing/unverified | WP modified: 2024-12-11T17:03:04
https://sciencedivine.org/wp-content/uploads/2024/12/WhatsApp-Image-2024-07-26-at-11.39.06_81ab3a55.png,https://sciencedivine.org/wp-content/uploads/2024/12/WhatsApp-Image-2024-07-26-at-11.39.06_81ab3a55.png,WordPress REST API: media,,,UNVERIFIED,,,No,WhatsApp-Image-2024-07-26-at-11.39.06_81ab3a55.png,,,image/png,,,,,,,,,,,,,,NOT TESTED,SEO migration lead,Alt text missing/unverified | WP modified: 2024-12-09T15:50:44
https://sciencedivine.org/wp-content/uploads/2024/12/WhatsApp-Image-2024-07-26-at-12.20.57_e5bc8a98-1.png,https://sciencedivine.org/wp-content/uploads/2024/12/WhatsApp-Image-2024-07-26-at-12.20.57_e5bc8a98-1.png,WordPress REST API: media,,,UNVERIFIED,,,No,WhatsApp Image 2024-07-26 at 12.20.57_e5bc8a98,,,image/png,,,,,,,,,,,,,,NOT TESTED,SEO migration lead,Alt text missing/unverified | WP modified: 2024-12-11T17:03:24
https://sciencedivine.org/wp-content/uploads/2024/12/WhatsApp-Image-2024-07-26-at-12.20.57_e5bc8a98.png,https://sciencedivine.org/wp-content/uploads/2024/12/WhatsApp-Image-2024-07-26-at-12.20.57_e5bc8a98.png,WordPress REST API: media,,,UNVERIFIED,,,No,WhatsApp-Image-2024-07-26-at-12.20.57_e5bc8a98.png,,,image/png,,,,,,,,,,,,,,NOT TESTED,SEO migration lead,Alt text missing/unverified | WP modified: 2024-12-09T15:50:49
https://sciencedivine.org/wp-content/uploads/2024/12/WhatsApp-Image-2024-07-26-at-12.35.22_a5b77f0a-1.png,https://sciencedivine.org/wp-content/uploads/2024/12/WhatsApp-Image-2024-07-26-at-12.35.22_a5b77f0a-1.png,WordPress REST API: media,,,UNVERIFIED,,,No,WhatsApp Image 2024-07-26 at 12.35.22_a5b77f0a,,,image/png,,,,,,,,,,,,,,NOT TESTED,SEO migration lead,Alt text missing/unverified | WP modified: 2024-12-11T17:03:40
https://sciencedivine.org/wp-content/uploads/2024/12/WhatsApp-Image-2024-07-26-at-12.35.22_a5b77f0a.png,https://sciencedivine.org/wp-content/uploads/2024/12/WhatsApp-Image-2024-07-26-at-12.35.22_a5b77f0a.png,WordPress REST API: media,,,UNVERIFIED,,,No,WhatsApp-Image-2024-07-26-at-12.35.22_a5b77f0a.png,,,image/png,,,,,,,,,,,,,,NOT TESTED,SEO migration lead,Alt text missing/unverified | WP modified: 2024-12-09T15:50:57
https://sciencedivine.org/wp-content/uploads/2024/12/WhatsApp-Image-2024-07-26-at-12.35.24_2181c7cf-1.png,https://sciencedivine.org/wp-content/uploads/2024/12/WhatsApp-Image-2024-07-26-at-12.35.24_2181c7cf-1.png,WordPress REST API: media,,,UNVERIFIED,,,No,WhatsApp Image 2024-07-26 at 12.35.24_2181c7cf,,,image/png,,,,,,,,,,,,,,NOT TESTED,SEO migration lead,Alt text missing/unverified | WP modified: 2024-12-11T17:03:52
https://sciencedivine.org/wp-content/uploads/2024/12/WhatsApp-Image-2024-07-26-at-12.35.24_2181c7cf.png,https://sciencedivine.org/wp-content/uploads/2024/12/WhatsApp-Image-2024-07-26-at-12.35.24_2181c7cf.png,WordPress REST API: media,,,UNVERIFIED,,,No,WhatsApp-Image-2024-07-26-at-12.35.24_2181c7cf.png,,,image/png,,,,,,,,,,,,,,NOT TESTED,SEO migration lead,Alt text missing/unverified | WP modified: 2024-12-09T15:51:05
https://sciencedivine.org/wp-content/uploads/2024/12/WhatsApp-Image-2024-07-26-at-12.36.12_799010bb-1.png,https://sciencedivine.org/wp-content/uploads/2024/12/WhatsApp-Image-2024-07-26-at-12.36.12_799010bb-1.png,WordPress REST API: media,,,UNVERIFIED,,,No,WhatsApp Image 2024-07-26 at 12.36.12_799010bb,,,image/png,,,,,,,,,,,,,,NOT TESTED,SEO migration lead,Alt text missing/unverified | WP modified: 2024-12-11T17:04:05
https://sciencedivine.org/wp-content/uploads/2024/12/WhatsApp-Image-2024-07-26-at-12.36.12_799010bb.png,https://sciencedivine.org/wp-content/uploads/2024/12/WhatsApp-Image-2024-07-26-at-12.36.12_799010bb.png,WordPress REST API: media,,,UNVERIFIED,,,No,WhatsApp-Image-2024-07-26-at-12.36.12_799010bb.png,,,image/png,,,,,,,,,,,,,,NOT TESTED,SEO migration lead,Alt text missing/unverified | WP modified: 2024-12-09T15:51:11
https://sciencedivine.org/wp-content/uploads/2025/01/1.png,https://sciencedivine.org/wp-content/uploads/2025/01/1.png,WordPress REST API: media,,,UNVERIFIED,,,No,,,,image/png,,,,,,,,,,,,,,NOT TESTED,SEO migration lead,Alt text missing/unverified | WP modified: 2025-01-06T15:27:43
https://sciencedivine.org/wp-content/uploads/2025/01/2.png,https://sciencedivine.org/wp-content/uploads/2025/01/2.png,WordPress REST API: media,,,UNVERIFIED,,,No,,,,image/png,,,,,,,,,,,,,,NOT TESTED,SEO migration lead,Alt text missing/unverified | WP modified: 2025-01-06T15:28:03
https://sciencedivine.org/wp-content/uploads/2025/01/4389602-scaled.jpg,https://sciencedivine.org/wp-content/uploads/2025/01/4389602-scaled.jpg,WordPress REST API: media,,,UNVERIFIED,,,No,4389602,,,image/jpeg,,,,,,,,,,,,,,NOT TESTED,SEO migration lead,Alt text missing/unverified | WP modified: 2025-01-17T17:48:29
https://sciencedivine.org/wp-content/uploads/2025/01/About-3.png,https://sciencedivine.org/wp-content/uploads/2025/01/About-3.png,WordPress REST API: media,,,UNVERIFIED,,,No,About-3.png,,,image/png,,,,,,,,,,,,,,NOT TESTED,SEO migration lead,Alt text missing/unverified | WP modified: 2025-01-15T16:09:00
https://sciencedivine.org/wp-content/uploads/2025/01/andrea-bertozzini-633979-unsplash.jpg,https://sciencedivine.org/wp-content/uploads/2025/01/andrea-bertozzini-633979-unsplash.jpg,WordPress REST API: media,,,UNVERIFIED,,,No,andrea-bertozzini-633979-unsplash.jpg,,,image/jpeg,,,,,,,,,,,,,,NOT TESTED,SEO migration lead,Alt text missing/unverified | WP modified: 2025-01-21T17:01:08
https://sciencedivine.org/wp-content/uploads/2025/01/Anne-Farber-1.png,https://sciencedivine.org/wp-content/uploads/2025/01/Anne-Farber-1.png,WordPress REST API: media,,,UNVERIFIED,,,No,Anne-Farber-1.png,,,image/png,,,,,,,,,,,,,,NOT TESTED,SEO migration lead,Alt text missing/unverified | WP modified: 2025-01-15T16:09:54
https://sciencedivine.org/wp-content/uploads/2025/01/Anne-Farber-3.png,https://sciencedivine.org/wp-content/uploads/2025/01/Anne-Farber-3.png,WordPress REST API: media,,,UNVERIFIED,,,No,Anne-Farber-3.png,,,image/png,,,,,,,,,,,,,,NOT TESTED,SEO migration lead,Alt text missing/unverified | WP modified: 2025-01-15T16:10:01
https://sciencedivine.org/wp-content/uploads/2025/01/Anne-Farber2.png,https://sciencedivine.org/wp-content/uploads/2025/01/Anne-Farber2.png,WordPress REST API: media,,,UNVERIFIED,,,No,Anne-Farber2.png,,,image/png,,,,,,,,,,,,,,NOT TESTED,SEO migration lead,Alt text missing/unverified | WP modified: 2025-01-15T16:09:59
https://sciencedivine.org/wp-content/uploads/2025/01/child.png,https://sciencedivine.org/wp-content/uploads/2025/01/child.png,WordPress REST API: media,,,UNVERIFIED,,,No,child,,,image/png,,,,,,,,,,,,,,NOT TESTED,SEO migration lead,Alt text missing/unverified | WP modified: 2025-01-06T18:14:46
https://sciencedivine.org/wp-content/uploads/2025/01/couple.png,https://sciencedivine.org/wp-content/uploads/2025/01/couple.png,WordPress REST API: media,,,UNVERIFIED,,,No,couple,,,image/png,,,,,,,,,,,,,,NOT TESTED,SEO migration lead,Alt text missing/unverified | WP modified: 2025-01-06T18:13:52
https://sciencedivine.org/wp-content/uploads/2025/01/dhyan-with-happy-face-copy-1-1-scaled.webp,https://sciencedivine.org/wp-content/uploads/2025/01/dhyan-with-happy-face-copy-1-1-scaled.webp,WordPress REST API: media,,,UNVERIFIED,,,No,dhyan with happy face copy (1) (1),,,image/webp,,,,,,,,,,,,,,NOT TESTED,SEO migration lead,Alt text missing/unverified | WP modified: 2025-01-06T16:15:12
https://sciencedivine.org/wp-content/uploads/2025/01/family.png,https://sciencedivine.org/wp-content/uploads/2025/01/family.png,WordPress REST API: media,,,UNVERIFIED,,,No,family,,,image/png,,,,,,,,,,,,,,NOT TESTED,SEO migration lead,Alt text missing/unverified | WP modified: 2025-01-06T18:14:30
https://sciencedivine.org/wp-content/uploads/2025/01/headache.png,https://sciencedivine.org/wp-content/uploads/2025/01/headache.png,WordPress REST API: media,,,UNVERIFIED,,,No,headache,,,image/png,,,,,,,,,,,,,,NOT TESTED,SEO migration lead,Alt text missing/unverified | WP modified: 2025-01-06T18:14:38
https://sciencedivine.org/wp-content/uploads/2025/01/heart.png,https://sciencedivine.org/wp-content/uploads/2025/01/heart.png,WordPress REST API: media,,,UNVERIFIED,,,No,heart,,,image/png,,,,,,,,,,,,,,NOT TESTED,SEO migration lead,Alt text missing/unverified | WP modified: 2025-01-06T18:14:01
https://sciencedivine.org/wp-content/uploads/2025/01/icon1.svg,https://sciencedivine.org/wp-content/uploads/2025/01/icon1.svg,WordPress REST API: media,,,UNVERIFIED,,,No,icon1.svg,,,image/svg+xml,,,,,,,,,,,,,,NOT TESTED,SEO migration lead,Alt text missing/unverified | WP modified: 2025-01-15T16:09:21
https://sciencedivine.org/wp-content/uploads/2025/01/icon2.svg,https://sciencedivine.org/wp-content/uploads/2025/01/icon2.svg,WordPress REST API: media,,,UNVERIFIED,,,No,icon2.svg,,,image/svg+xml,,,,,,,,,,,,,,NOT TESTED,SEO migration lead,Alt text missing/unverified | WP modified: 2025-01-15T16:09:48
https://sciencedivine.org/wp-content/uploads/2025/01/icon3.svg,https://sciencedivine.org/wp-content/uploads/2025/01/icon3.svg,WordPress REST API: media,,,UNVERIFIED,,,No,icon3.svg,,,image/svg+xml,,,,,,,,,,,,,,NOT TESTED,SEO migration lead,Alt text missing/unverified | WP modified: 2025-01-15T16:09:42
https://sciencedivine.org/wp-content/uploads/2025/01/icon4.svg,https://sciencedivine.org/wp-content/uploads/2025/01/icon4.svg,WordPress REST API: media,,,UNVERIFIED,,,No,icon4.svg,,,image/svg+xml,,,,,,,,,,,,,,NOT TESTED,SEO migration lead,Alt text missing/unverified | WP modified: 2025-01-15T16:09:04
https://sciencedivine.org/wp-content/uploads/2025/01/icon5.svg,https://sciencedivine.org/wp-content/uploads/2025/01/icon5.svg,WordPress REST API: media,,,UNVERIFIED,,,No,icon5.svg,,,image/svg+xml,,,,,,,,,,,,,,NOT TESTED,SEO migration lead,Alt text missing/unverified | WP modified: 2025-01-15T16:09:10
https://sciencedivine.org/wp-content/uploads/2025/01/icon6.svg,https://sciencedivine.org/wp-content/uploads/2025/01/icon6.svg,WordPress REST API: media,,,UNVERIFIED,,,No,icon6.svg,,,image/svg+xml,,,,,,,,,,,,,,NOT TESTED,SEO migration lead,Alt text missing/unverified | WP modified: 2025-01-15T16:09:15
https://sciencedivine.org/wp-content/uploads/2025/01/IMG_6943-scaled.webp,https://sciencedivine.org/wp-content/uploads/2025/01/IMG_6943-scaled.webp,WordPress REST API: media,,,UNVERIFIED,,,No,IMG_6943,,,image/webp,,,,,,,,,,,,,,NOT TESTED,SEO migration lead,Alt text missing/unverified | WP modified: 2025-01-02T18:33:30
https://sciencedivine.org/wp-content/uploads/2025/01/meditation-1-scaled.webp,https://sciencedivine.org/wp-content/uploads/2025/01/meditation-1-scaled.webp,WordPress REST API: media,,,UNVERIFIED,,,No,meditation (1),,,image/webp,,,,,,,,,,,,,,NOT TESTED,SEO migration lead,Alt text missing/unverified | WP modified: 2025-01-21T18:44:24
https://sciencedivine.org/wp-content/uploads/2025/01/mental-disorder.png,https://sciencedivine.org/wp-content/uploads/2025/01/mental-disorder.png,WordPress REST API: media,,,UNVERIFIED,,,No,mental-disorder,,,image/png,,,,,,,,,,,,,,NOT TESTED,SEO migration lead,Alt text missing/unverified | WP modified: 2025-01-06T16:28:52
https://sciencedivine.org/wp-content/uploads/2025/01/overthinking.png,https://sciencedivine.org/wp-content/uploads/2025/01/overthinking.png,WordPress REST API: media,,,UNVERIFIED,,,No,overthinking,,,image/png,,,,,,,,,,,,,,NOT TESTED,SEO migration lead,Alt text missing/unverified | WP modified: 2025-01-06T18:14:08
https://sciencedivine.org/wp-content/uploads/2025/01/pricing-icon-02.png,https://sciencedivine.org/wp-content/uploads/2025/01/pricing-icon-02.png,WordPress REST API: media,,,UNVERIFIED,,,No,pricing-icon-02.png,,,image/png,,,,,,,,,,,,,,NOT TESTED,SEO migration lead,Alt text missing/unverified | WP modified: 2025-01-02T17:45:22
https://sciencedivine.org/wp-content/uploads/2025/01/silhouette-young-woman-is-practicing-yoga-1-scaled.webp,https://sciencedivine.org/wp-content/uploads/2025/01/silhouette-young-woman-is-practicing-yoga-1-scaled.webp,WordPress REST API: media,,,UNVERIFIED,,,No,silhouette-young-woman-is-practicing-yoga (1),,,image/webp,,,,,,,,,,,,,,NOT TESTED,SEO migration lead,Alt text missing/unverified | WP modified: 2025-01-21T18:44:34
https://sciencedivine.org/wp-content/uploads/2025/01/sleeping.png,https://sciencedivine.org/wp-content/uploads/2025/01/sleeping.png,WordPress REST API: media,,,UNVERIFIED,,,No,sleeping,,,image/png,,,,,,,,,,,,,,NOT TESTED,SEO migration lead,Alt text missing/unverified | WP modified: 2025-01-06T18:14:22
https://sciencedivine.org/wp-content/uploads/2025/01/thumbnails.jpg,https://sciencedivine.org/wp-content/uploads/2025/01/thumbnails.jpg,WordPress REST API: media,,,UNVERIFIED,,,No,thumbnails,,,image/jpeg,,,,,,,,,,,,,,NOT TESTED,SEO migration lead,Alt text missing/unverified | WP modified: 2025-01-17T17:48:04
https://sciencedivine.org/wp-content/uploads/2025/01/Untitled-design-1.png,https://sciencedivine.org/wp-content/uploads/2025/01/Untitled-design-1.png,WordPress REST API: media,,,UNVERIFIED,,,No,Untitled design (1),,,image/png,,,,,,,,,,,,,,NOT TESTED,SEO migration lead,Alt text missing/unverified | WP modified: 2025-01-02T18:45:43
https://sciencedivine.org/wp-content/uploads/2025/01/Untitled-design.png,https://sciencedivine.org/wp-content/uploads/2025/01/Untitled-design.png,WordPress REST API: media,,,UNVERIFIED,,,No,Untitled design,,,image/png,,,,,,,,,,,,,,NOT TESTED,SEO migration lead,Alt text missing/unverified | WP modified: 2025-01-02T18:40:26
https://sciencedivine.org/wp-content/uploads/2025/01/WhatsApp-Image-2024-08-09-at-5.19.24-PM.webp,https://sciencedivine.org/wp-content/uploads/2025/01/WhatsApp-Image-2024-08-09-at-5.19.24-PM.webp,WordPress REST API: media,,,UNVERIFIED,,,No,WhatsApp Image 2024-08-09 at 5.19.24 PM,,,image/webp,,,,,,,,,,,,,,NOT TESTED,SEO migration lead,Alt text missing/unverified | WP modified: 2025-01-02T18:33:56
https://sciencedivine.org/wp-content/uploads/2025/01/WhatsApp-Image-2025-01-18-at-4.42.42-PM.jpeg,https://sciencedivine.org/wp-content/uploads/2025/01/WhatsApp-Image-2025-01-18-at-4.42.42-PM.jpeg,WordPress REST API: media,,,UNVERIFIED,,,No,WhatsApp Image 2025-01-18 at 4.42.42 PM,,,image/jpeg,,,,,,,,,,,,,,NOT TESTED,SEO migration lead,Alt text missing/unverified | WP modified: 2025-01-18T18:34:55
https://sciencedivine.org/wp-content/uploads/2025/01/yoga.png,https://sciencedivine.org/wp-content/uploads/2025/01/yoga.png,WordPress REST API: media,,,UNVERIFIED,,,No,yoga,,,image/png,,,,,,,,,,,,,,NOT TESTED,SEO migration lead,Alt text missing/unverified | WP modified: 2025-01-06T18:14:15
https://sciencedivine.org/wp-content/uploads/2025/02/1-1.png,https://sciencedivine.org/wp-content/uploads/2025/02/1-1.png,WordPress REST API: media,,,UNVERIFIED,,,No,,,,image/png,,,,,,,,,,,,,,NOT TESTED,SEO migration lead,Alt text missing/unverified | WP modified: 2025-02-28T15:45:07
https://sciencedivine.org/wp-content/uploads/2025/02/1.webp,https://sciencedivine.org/wp-content/uploads/2025/02/1.webp,WordPress REST API: media,,,UNVERIFIED,,,No,,,,image/webp,,,,,,,,,,,,,,NOT TESTED,SEO migration lead,Alt text missing/unverified | WP modified: 2025-02-28T16:33:47
https://sciencedivine.org/wp-content/uploads/2025/02/2.png,https://sciencedivine.org/wp-content/uploads/2025/02/2.png,WordPress REST API: media,,,UNVERIFIED,,,No,,,,image/png,,,,,,,,,,,,,,NOT TESTED,SEO migration lead,Alt text missing/unverified | WP modified: 2025-02-28T15:45:20
https://sciencedivine.org/wp-content/uploads/2025/02/2.webp,https://sciencedivine.org/wp-content/uploads/2025/02/2.webp,WordPress REST API: media,,,UNVERIFIED,,,No,,,,image/webp,,,,,,,,,,,,,,NOT TESTED,SEO migration lead,Alt text missing/unverified | WP modified: 2025-02-28T16:33:52
https://sciencedivine.org/wp-content/uploads/2025/02/3-1.png,https://sciencedivine.org/wp-content/uploads/2025/02/3-1.png,WordPress REST API: media,,,UNVERIFIED,,,No,,,,image/png,,,,,,,,,,,,,,NOT TESTED,SEO migration lead,Alt text missing/unverified | WP modified: 2025-02-28T15:45:59
https://sciencedivine.org/wp-content/uploads/2025/02/3.webp,https://sciencedivine.org/wp-content/uploads/2025/02/3.webp,WordPress REST API: media,,,UNVERIFIED,,,No,,,,image/webp,,,,,,,,,,,,,,NOT TESTED,SEO migration lead,Alt text missing/unverified | WP modified: 2025-02-28T16:33:58
https://sciencedivine.org/wp-content/uploads/2025/02/4-1.png,https://sciencedivine.org/wp-content/uploads/2025/02/4-1.png,WordPress REST API: media,,,UNVERIFIED,,,No,,,,image/png,,,,,,,,,,,,,,NOT TESTED,SEO migration lead,Alt text missing/unverified | WP modified: 2025-02-28T15:46:18
https://sciencedivine.org/wp-content/uploads/2025/02/5.png,https://sciencedivine.org/wp-content/uploads/2025/02/5.png,WordPress REST API: media,,,UNVERIFIED,,,No,,,,image/png,,,,,,,,,,,,,,NOT TESTED,SEO migration lead,Alt text missing/unverified | WP modified: 2025-02-28T15:46:34
https://sciencedivine.org/wp-content/uploads/2025/02/6.png,https://sciencedivine.org/wp-content/uploads/2025/02/6.png,WordPress REST API: media,,,UNVERIFIED,,,No,,,,image/png,,,,,,,,,,,,,,NOT TESTED,SEO migration lead,Alt text missing/unverified | WP modified: 2025-02-28T15:46:48
https://sciencedivine.org/wp-content/uploads/2025/02/arrow-right-1.png,https://sciencedivine.org/wp-content/uploads/2025/02/arrow-right-1.png,WordPress REST API: media,,,UNVERIFIED,,,No,arrow-right (1),,,image/png,,,,,,,,,,,,,,NOT TESTED,SEO migration lead,Alt text missing/unverified | WP modified: 2025-02-27T15:57:53
https://sciencedivine.org/wp-content/uploads/2025/02/arrow-right-2-e1740652145967.png,https://sciencedivine.org/wp-content/uploads/2025/02/arrow-right-2-e1740652145967.png,WordPress REST API: media,,,UNVERIFIED,,,No,arrow-right (2),,,image/png,,,,,,,,,,,,,,NOT TESTED,SEO migration lead,Alt text missing/unverified | WP modified: 2025-02-27T15:57:49
https://sciencedivine.org/wp-content/uploads/2025/02/arrow-right-3-e1740652098181.png,https://sciencedivine.org/wp-content/uploads/2025/02/arrow-right-3-e1740652098181.png,WordPress REST API: media,,,UNVERIFIED,,,No,arrow-right (3),,,image/png,,,,,,,,,,,,,,NOT TESTED,SEO migration lead,Alt text missing/unverified | WP modified: 2025-02-27T15:57:46
https://sciencedivine.org/wp-content/uploads/2025/02/Ashu.Ai_.png,https://sciencedivine.org/wp-content/uploads/2025/02/Ashu.Ai_.png,WordPress REST API: media,,,UNVERIFIED,,,No,Ashu.Ai,,,image/png,,,,,,,,,,,,,,NOT TESTED,SEO migration lead,Alt text missing/unverified | WP modified: 2025-02-24T15:35:12
https://sciencedivine.org/wp-content/uploads/2025/02/boy.png,https://sciencedivine.org/wp-content/uploads/2025/02/boy.png,WordPress REST API: media,,,UNVERIFIED,,,No,boy,,,image/png,,,,,,,,,,,,,,NOT TESTED,SEO migration lead,Alt text missing/unverified | WP modified: 2025-02-27T15:23:28
https://sciencedivine.org/wp-content/uploads/2025/02/college-girl-working-with-laptop-after-lessons-scaled.webp,https://sciencedivine.org/wp-content/uploads/2025/02/college-girl-working-with-laptop-after-lessons-scaled.webp,WordPress REST API: media,,,UNVERIFIED,,,No,college-girl-working-with-laptop-after-lessons,,,image/webp,,,,,,,,,,,,,,NOT TESTED,SEO migration lead,Alt text missing/unverified | WP modified: 2025-02-17T18:53:42
https://sciencedivine.org/wp-content/uploads/2025/02/countries.png,https://sciencedivine.org/wp-content/uploads/2025/02/countries.png,WordPress REST API: media,,,UNVERIFIED,,,No,countries,,,image/png,,,,,,,,,,,,,,NOT TESTED,SEO migration lead,Alt text missing/unverified | WP modified: 2025-02-27T13:02:50
https://sciencedivine.org/wp-content/uploads/2025/02/CTA-Home-page-New.png,https://sciencedivine.org/wp-content/uploads/2025/02/CTA-Home-page-New.png,WordPress REST API: media,,,UNVERIFIED,,,No,CTA-Home-page-New.png,,,image/png,,,,,,,,,,,,,,NOT TESTED,SEO migration lead,Alt text missing/unverified | WP modified: 2025-02-24T18:11:00
https://sciencedivine.org/wp-content/uploads/2025/02/equanimity.png,https://sciencedivine.org/wp-content/uploads/2025/02/equanimity.png,WordPress REST API: media,,,UNVERIFIED,,,No,equanimity,,,image/png,,,,,,,,,,,,,,NOT TESTED,SEO migration lead,Alt text missing/unverified | WP modified: 2025-02-25T17:20:15
https://sciencedivine.org/wp-content/uploads/2025/02/financial-freedom.png,https://sciencedivine.org/wp-content/uploads/2025/02/financial-freedom.png,WordPress REST API: media,,,UNVERIFIED,,,No,financial-freedom,,,image/png,,,,,,,,,,,,,,NOT TESTED,SEO migration lead,Alt text missing/unverified | WP modified: 2025-02-27T15:06:09
https://sciencedivine.org/wp-content/uploads/2025/02/goal.png,https://sciencedivine.org/wp-content/uploads/2025/02/goal.png,WordPress REST API: media,,,UNVERIFIED,,,No,goal,,,image/png,,,,,,,,,,,,,,NOT TESTED,SEO migration lead,Alt text missing/unverified | WP modified: 2025-02-27T15:05:56
https://sciencedivine.org/wp-content/uploads/2025/02/graduation-cap.png,https://sciencedivine.org/wp-content/uploads/2025/02/graduation-cap.png,WordPress REST API: media,,,UNVERIFIED,,,No,graduation-cap,,,image/png,,,,,,,,,,,,,,NOT TESTED,SEO migration lead,Alt text missing/unverified | WP modified: 2025-02-25T17:20:12
https://sciencedivine.org/wp-content/uploads/2025/02/growth-mindset.png,https://sciencedivine.org/wp-content/uploads/2025/02/growth-mindset.png,WordPress REST API: media,,,UNVERIFIED,,,No,growth-mindset,,,image/png,,,,,,,,,,,,,,NOT TESTED,SEO migration lead,Alt text missing/unverified | WP modified: 2025-02-25T17:20:22
https://sciencedivine.org/wp-content/uploads/2025/02/har-ki-pauri-is-famous-ghat-banks-ganges-haridwar-india-1-scaled.webp,https://sciencedivine.org/wp-content/uploads/2025/02/har-ki-pauri-is-famous-ghat-banks-ganges-haridwar-india-1-scaled.webp,WordPress REST API: media,,,UNVERIFIED,,,No,har-ki-pauri-is-famous-ghat-banks-ganges-haridwar-india (1),,,image/webp,,,,,,,,,,,,,,NOT TESTED,SEO migration lead,Alt text missing/unverified | WP modified: 2025-02-22T14:59:28
https://sciencedivine.org/wp-content/uploads/2025/02/hnxycgntcsjbttrxbo7q.webp,https://sciencedivine.org/wp-content/uploads/2025/02/hnxycgntcsjbttrxbo7q.webp,WordPress REST API: media,,,UNVERIFIED,,,No,hnxycgntcsjbttrxbo7q,,,image/webp,,,,,,,,,,,,,,NOT TESTED,SEO migration lead,Alt text missing/unverified | WP modified: 2025-02-27T16:55:47
https://sciencedivine.org/wp-content/uploads/2025/02/leadership.png,https://sciencedivine.org/wp-content/uploads/2025/02/leadership.png,WordPress REST API: media,,,UNVERIFIED,,,No,leadership,,,image/png,,,,,,,,,,,,,,NOT TESTED,SEO migration lead,Alt text missing/unverified | WP modified: 2025-02-27T15:06:06
https://sciencedivine.org/wp-content/uploads/2025/02/meditation-1.png,https://sciencedivine.org/wp-content/uploads/2025/02/meditation-1.png,WordPress REST API: media,,,UNVERIFIED,,,No,meditation,,,image/png,,,,,,,,,,,,,,NOT TESTED,SEO migration lead,Alt text missing/unverified | WP modified: 2025-02-27T13:02:57
https://sciencedivine.org/wp-content/uploads/2025/02/meditation.png,https://sciencedivine.org/wp-content/uploads/2025/02/meditation.png,WordPress REST API: media,,,UNVERIFIED,,,No,meditation,,,image/png,,,,,,,,,,,,,,NOT TESTED,SEO migration lead,Alt text missing/unverified | WP modified: 2025-02-25T17:20:19
https://sciencedivine.org/wp-content/uploads/2025/02/mission-accomplished.png,https://sciencedivine.org/wp-content/uploads/2025/02/mission-accomplished.png,WordPress REST API: media,,,UNVERIFIED,,,No,mission-accomplished,,,image/png,,,,,,,,,,,,,,NOT TESTED,SEO migration lead,Alt text missing/unverified | WP modified: 2025-02-27T15:05:59
https://sciencedivine.org/wp-content/uploads/2025/02/mission.png,https://sciencedivine.org/wp-content/uploads/2025/02/mission.png,WordPress REST API: media,,,UNVERIFIED,,,No,mission,,,image/png,,,,,,,,,,,,,,NOT TESTED,SEO migration lead,Alt text missing/unverified | WP modified: 2025-02-27T15:06:04
https://sciencedivine.org/wp-content/uploads/2025/02/mountain.png,https://sciencedivine.org/wp-content/uploads/2025/02/mountain.png,WordPress REST API: media,,,UNVERIFIED,,,No,mountain,,,image/png,,,,,,,,,,,,,,NOT TESTED,SEO migration lead,Alt text missing/unverified | WP modified: 2025-02-27T15:06:01
https://sciencedivine.org/wp-content/uploads/2025/02/mzlvjnkn-1-scaled.webp,https://sciencedivine.org/wp-content/uploads/2025/02/mzlvjnkn-1-scaled.webp,WordPress REST API: media,,,UNVERIFIED,,,No,",mzlvjnkn (1)",,,image/webp,,,,,,,,,,,,,,NOT TESTED,SEO migration lead,Alt text missing/unverified | WP modified: 2025-02-28T15:27:07
https://sciencedivine.org/wp-content/uploads/2025/02/online-education.png,https://sciencedivine.org/wp-content/uploads/2025/02/online-education.png,WordPress REST API: media,,,UNVERIFIED,,,No,online-education,,,image/png,,,,,,,,,,,,,,NOT TESTED,SEO migration lead,Alt text missing/unverified | WP modified: 2025-02-27T15:33:38
https://sciencedivine.org/wp-content/uploads/2025/02/oreso8osvo2c0seqonq9.webp,https://sciencedivine.org/wp-content/uploads/2025/02/oreso8osvo2c0seqonq9.webp,WordPress REST API: media,,,UNVERIFIED,,,No,oreso8osvo2c0seqonq9,,,image/webp,,,,,,,,,,,,,,NOT TESTED,SEO migration lead,Alt text missing/unverified | WP modified: 2025-02-27T16:55:50
https://sciencedivine.org/wp-content/uploads/2025/02/participation-1.png,https://sciencedivine.org/wp-content/uploads/2025/02/participation-1.png,WordPress REST API: media,,,UNVERIFIED,,,No,participation (1),,,image/png,,,,,,,,,,,,,,NOT TESTED,SEO migration lead,Alt text missing/unverified | WP modified: 2025-02-27T15:32:13
https://sciencedivine.org/wp-content/uploads/2025/02/participation.png,https://sciencedivine.org/wp-content/uploads/2025/02/participation.png,WordPress REST API: media,,,UNVERIFIED,,,No,participation,,,image/png,,,,,,,,,,,,,,NOT TESTED,SEO migration lead,Alt text missing/unverified | WP modified: 2025-02-27T15:30:41
https://sciencedivine.org/wp-content/uploads/2025/02/pngegg-5.png,https://sciencedivine.org/wp-content/uploads/2025/02/pngegg-5.png,WordPress REST API: media,,,UNVERIFIED,,,No,pngegg (5),,,image/png,,,,,,,,,,,,,,NOT TESTED,SEO migration lead,Alt text missing/unverified | WP modified: 2025-02-26T18:08:56
https://sciencedivine.org/wp-content/uploads/2025/02/portrait-happy-attractive-man-woman-smart-clothes-scaled.webp,https://sciencedivine.org/wp-content/uploads/2025/02/portrait-happy-attractive-man-woman-smart-clothes-scaled.webp,WordPress REST API: media,,,UNVERIFIED,,,No,portrait-happy-attractive-man-woman-smart-clothes,,,image/webp,,,,,,,,,,,,,,NOT TESTED,SEO migration lead,Alt text missing/unverified | WP modified: 2025-02-17T18:54:00
https://sciencedivine.org/wp-content/uploads/2025/02/public-library.png,https://sciencedivine.org/wp-content/uploads/2025/02/public-library.png,WordPress REST API: media,,,UNVERIFIED,,,No,public-library,,,image/png,,,,,,,,,,,,,,NOT TESTED,SEO migration lead,Alt text missing/unverified | WP modified: 2025-02-27T13:02:44
https://sciencedivine.org/wp-content/uploads/2025/02/self-improvement.png,https://sciencedivine.org/wp-content/uploads/2025/02/self-improvement.png,WordPress REST API: media,,,UNVERIFIED,,,No,self-improvement,,,image/png,,,,,,,,,,,,,,NOT TESTED,SEO migration lead,Alt text missing/unverified | WP modified: 2025-02-27T15:37:18
https://sciencedivine.org/wp-content/uploads/2025/02/social-network.png,https://sciencedivine.org/wp-content/uploads/2025/02/social-network.png,WordPress REST API: media,,,UNVERIFIED,,,No,social-network,,,image/png,,,,,,,,,,,,,,NOT TESTED,SEO migration lead,Alt text missing/unverified | WP modified: 2025-02-27T15:29:18
https://sciencedivine.org/wp-content/uploads/2025/02/success-image-1.png,https://sciencedivine.org/wp-content/uploads/2025/02/success-image-1.png,WordPress REST API: media,,,UNVERIFIED,,,No,success-image-1,,,image/png,,,,,,,,,,,,,,NOT TESTED,SEO migration lead,Alt text missing/unverified | WP modified: 2025-02-24T18:14:39
https://sciencedivine.org/wp-content/uploads/2025/02/Untitled-design-1-1.webp,https://sciencedivine.org/wp-content/uploads/2025/02/Untitled-design-1-1.webp,WordPress REST API: media,,,UNVERIFIED,,,No,Untitled design (1) (1),,,image/webp,,,,,,,,,,,,,,NOT TESTED,SEO migration lead,Alt text missing/unverified | WP modified: 2025-02-28T16:25:44
https://sciencedivine.org/wp-content/uploads/2025/02/Untitled-design-2.png,https://sciencedivine.org/wp-content/uploads/2025/02/Untitled-design-2.png,WordPress REST API: media,,,UNVERIFIED,,,No,Untitled design (2),,,image/png,,,,,,,,,,,,,,NOT TESTED,SEO migration lead,Alt text missing/unverified | WP modified: 2025-02-27T18:03:42
https://sciencedivine.org/wp-content/uploads/2025/02/Untitled-design-4.png,https://sciencedivine.org/wp-content/uploads/2025/02/Untitled-design-4.png,WordPress REST API: media,,,UNVERIFIED,,,No,Untitled design (4),,,image/png,,,,,,,,,,,,,,NOT TESTED,SEO migration lead,Alt text missing/unverified | WP modified: 2025-02-27T18:17:09
https://sciencedivine.org/wp-content/uploads/2025/02/Untitled-design-6.png,https://sciencedivine.org/wp-content/uploads/2025/02/Untitled-design-6.png,WordPress REST API: media,,,UNVERIFIED,,,No,Untitled design (6),,,image/png,,,,,,,,,,,,,,NOT TESTED,SEO migration lead,Alt text missing/unverified | WP modified: 2025-02-27T18:28:07
https://sciencedivine.org/wp-content/uploads/2025/02/Untitled-design.png,https://sciencedivine.org/wp-content/uploads/2025/02/Untitled-design.png,WordPress REST API: media,,,UNVERIFIED,,,No,Untitled design,,,image/png,,,,,,,,,,,,,,NOT TESTED,SEO migration lead,Alt text missing/unverified | WP modified: 2025-02-27T17:56:47
https://sciencedivine.org/wp-content/uploads/2025/02/v2vc4kpupfnzyblbghdh.webp,https://sciencedivine.org/wp-content/uploads/2025/02/v2vc4kpupfnzyblbghdh.webp,WordPress REST API: media,,,UNVERIFIED,,,No,v2vc4kpupfnzyblbghdh,,,image/webp,,,,,,,,,,,,,,NOT TESTED,SEO migration lead,Alt text missing/unverified | WP modified: 2025-02-27T16:55:54
https://sciencedivine.org/wp-content/uploads/2025/02/woman.png,https://sciencedivine.org/wp-content/uploads/2025/02/woman.png,WordPress REST API: media,,,UNVERIFIED,,,No,woman,,,image/png,,,,,,,,,,,,,,NOT TESTED,SEO migration lead,Alt text missing/unverified | WP modified: 2025-02-27T15:24:39
https://sciencedivine.org/wp-content/uploads/2025/02/yoga-pose.png,https://sciencedivine.org/wp-content/uploads/2025/02/yoga-pose.png,WordPress REST API: media,,,UNVERIFIED,,,No,yoga-pose,,,image/png,,,,,,,,,,,,,,NOT TESTED,SEO migration lead,Alt text missing/unverified | WP modified: 2025-02-27T15:36:01
https://sciencedivine.org/wp-content/uploads/2025/02/young-man-sitting-desk-doing-paperwork-scaled.webp,https://sciencedivine.org/wp-content/uploads/2025/02/young-man-sitting-desk-doing-paperwork-scaled.webp,WordPress REST API: media,,,UNVERIFIED,,,No,young-man-sitting-desk-doing-paperwork,,,image/webp,,,,,,,,,,,,,,NOT TESTED,SEO migration lead,Alt text missing/unverified | WP modified: 2025-02-17T18:53:07
https://sciencedivine.org/wp-content/uploads/2025/02/young-travelers-with-backpacks-smiling-looking-route-map-scaled.webp,https://sciencedivine.org/wp-content/uploads/2025/02/young-travelers-with-backpacks-smiling-looking-route-map-scaled.webp,WordPress REST API: media,,,UNVERIFIED,,,No,young-travelers-with-backpacks-smiling-looking-route-map,,,image/webp,,,,,,,,,,,,,,NOT TESTED,SEO migration lead,Alt text missing/unverified | WP modified: 2025-02-17T18:53:25
https://sciencedivine.org/wp-content/uploads/2025/03/01-1.png,https://sciencedivine.org/wp-content/uploads/2025/03/01-1.png,WordPress REST API: media,,,UNVERIFIED,,,No,01-1.png,,,image/png,,,,,,,,,,,,,,NOT TESTED,SEO migration lead,Alt text missing/unverified | WP modified: 2025-03-07T16:05:19
https://sciencedivine.org/wp-content/uploads/2025/03/02.png,https://sciencedivine.org/wp-content/uploads/2025/03/02.png,WordPress REST API: media,,,UNVERIFIED,,,No,02.png,,,image/png,,,,,,,,,,,,,,NOT TESTED,SEO migration lead,Alt text missing/unverified | WP modified: 2025-03-07T16:05:21
https://sciencedivine.org/wp-content/uploads/2025/03/03.png,https://sciencedivine.org/wp-content/uploads/2025/03/03.png,WordPress REST API: media,,,UNVERIFIED,,,No,03.png,,,image/png,,,,,,,,,,,,,,NOT TESTED,SEO migration lead,Alt text missing/unverified | WP modified: 2025-03-07T16:05:23
https://sciencedivine.org/wp-content/uploads/2025/03/1.webp,https://sciencedivine.org/wp-content/uploads/2025/03/1.webp,WordPress REST API: media,,,UNVERIFIED,,,No,,,,image/webp,,,,,,,,,,,,,,NOT TESTED,SEO migration lead,Alt text missing/unverified | WP modified: 2025-03-07T14:53:56
https://sciencedivine.org/wp-content/uploads/2025/03/2.webp,https://sciencedivine.org/wp-content/uploads/2025/03/2.webp,WordPress REST API: media,,,UNVERIFIED,,,No,,,,image/webp,,,,,,,,,,,,,,NOT TESTED,SEO migration lead,Alt text missing/unverified | WP modified: 2025-03-07T14:53:58
https://sciencedivine.org/wp-content/uploads/2025/03/3.webp,https://sciencedivine.org/wp-content/uploads/2025/03/3.webp,WordPress REST API: media,,,UNVERIFIED,,,No,,,,image/webp,,,,,,,,,,,,,,NOT TESTED,SEO migration lead,Alt text missing/unverified | WP modified: 2025-03-07T14:54:00
https://sciencedivine.org/wp-content/uploads/2025/03/332415132-1.jpg,https://sciencedivine.org/wp-content/uploads/2025/03/332415132-1.jpg,WordPress REST API: media,,,UNVERIFIED,,,No,332415132-1,,,image/jpeg,,,,,,,,,,,,,,NOT TESTED,SEO migration lead,Alt text missing/unverified | WP modified: 2025-03-21T15:11:01
https://sciencedivine.org/wp-content/uploads/2025/03/5138237.jpg,https://sciencedivine.org/wp-content/uploads/2025/03/5138237.jpg,WordPress REST API: media,,,UNVERIFIED,,,No,5138237,,,image/jpeg,,,,,,,,,,,,,,NOT TESTED,SEO migration lead,Alt text missing/unverified | WP modified: 2025-03-06T15:26:27
https://sciencedivine.org/wp-content/uploads/2025/03/78c0555f-b416-4473-bab1-d24c73e42576-1-1.jpg,https://sciencedivine.org/wp-content/uploads/2025/03/78c0555f-b416-4473-bab1-d24c73e42576-1-1.jpg,WordPress REST API: media,,,UNVERIFIED,,,No,78c0555f-b416-4473-bab1-d24c73e42576-1-1,,,image/jpeg,,,,,,,,,,,,,,NOT TESTED,SEO migration lead,Alt text missing/unverified | WP modified: 2025-03-21T15:10:56
https://sciencedivine.org/wp-content/uploads/2025/03/AAP_0044-1-1.webp,https://sciencedivine.org/wp-content/uploads/2025/03/AAP_0044-1-1.webp,WordPress REST API: media,,,UNVERIFIED,,,No,AAP_0044-1-1.webp,,,image/webp,,,,,,,,,,,,,,NOT TESTED,SEO migration lead,Alt text missing/unverified | WP modified: 2025-03-07T18:29:37
https://sciencedivine.org/wp-content/uploads/2025/03/BookingPopup.jpg,https://sciencedivine.org/wp-content/uploads/2025/03/BookingPopup.jpg,WordPress REST API: media,,,UNVERIFIED,,,No,BookingPopup.jpg,,,image/jpeg,,,,,,,,,,,,,,NOT TESTED,SEO migration lead,Alt text missing/unverified | WP modified: 2025-03-06T15:44:07
https://sciencedivine.org/wp-content/uploads/2025/03/Close-7.svg,https://sciencedivine.org/wp-content/uploads/2025/03/Close-7.svg,WordPress REST API: media,,,UNVERIFIED,,,No,Close-7.svg,,,image/svg+xml,,,,,,,,,,,,,,NOT TESTED,SEO migration lead,Alt text missing/unverified | WP modified: 2025-03-06T15:13:16
https://sciencedivine.org/wp-content/uploads/2025/03/colorful-sky-with-few-clouds-it-1-scaled.webp,https://sciencedivine.org/wp-content/uploads/2025/03/colorful-sky-with-few-clouds-it-1-scaled.webp,WordPress REST API: media,,,UNVERIFIED,,,No,colorful-sky-with-few-clouds-it (1),,,image/webp,,,,,,,,,,,,,,NOT TESTED,SEO migration lead,Alt text missing/unverified | WP modified: 2025-03-12T14:16:15
https://sciencedivine.org/wp-content/uploads/2025/03/cta-image-elipse3.jpg,https://sciencedivine.org/wp-content/uploads/2025/03/cta-image-elipse3.jpg,WordPress REST API: media,,,UNVERIFIED,,,No,cta-image-elipse3.jpg,,,image/jpeg,,,,,,,,,,,,,,NOT TESTED,SEO migration lead,Alt text missing/unverified | WP modified: 2025-03-06T15:10:12
https://sciencedivine.org/wp-content/uploads/2025/03/digital-composite-image-businessman-writing-vision-text-office-1-scaled.webp,https://sciencedivine.org/wp-content/uploads/2025/03/digital-composite-image-businessman-writing-vision-text-office-1-scaled.webp,WordPress REST API: media,,,UNVERIFIED,,,No,digital-composite-image-businessman-writing-vision-text-office (1),,,image/webp,,,,,,,,,,,,,,NOT TESTED,SEO migration lead,Alt text missing/unverified | WP modified: 2025-03-15T16:10:26
https://sciencedivine.org/wp-content/uploads/2025/03/discount-text-mask.svg,https://sciencedivine.org/wp-content/uploads/2025/03/discount-text-mask.svg,WordPress REST API: media,,,UNVERIFIED,,,No,discount-text-mask.svg,,,image/svg+xml,,,,,,,,,,,,,,NOT TESTED,SEO migration lead,Alt text missing/unverified | WP modified: 2025-03-06T15:10:20
https://sciencedivine.org/wp-content/uploads/2025/03/Ellipse-1446.svg,https://sciencedivine.org/wp-content/uploads/2025/03/Ellipse-1446.svg,WordPress REST API: media,,,UNVERIFIED,,,No,Ellipse-1446.svg,,,image/svg+xml,,,,,,,,,,,,,,NOT TESTED,SEO migration lead,Alt text missing/unverified | WP modified: 2025-03-06T15:10:15
https://sciencedivine.org/wp-content/uploads/2025/03/Eventssssss.png,https://sciencedivine.org/wp-content/uploads/2025/03/Eventssssss.png,WordPress REST API: media,,,UNVERIFIED,,,No,Eventssssss.png,,,image/png,,,,,,,,,,,,,,NOT TESTED,SEO migration lead,Alt text missing/unverified | WP modified: 2025-03-07T16:04:51
https://sciencedivine.org/wp-content/uploads/2025/03/Gurudham_deluxe_room_pic.jpg,https://sciencedivine.org/wp-content/uploads/2025/03/Gurudham_deluxe_room_pic.jpg,WordPress REST API: media,,,UNVERIFIED,,,No,Gurudham_deluxe_room_pic,,,image/jpeg,,,,,,,,,,,,,,NOT TESTED,SEO migration lead,Alt text missing/unverified | WP modified: 2025-03-21T15:10:29
https://sciencedivine.org/wp-content/uploads/2025/03/image-_10_.webp,https://sciencedivine.org/wp-content/uploads/2025/03/image-_10_.webp,WordPress REST API: media,,,UNVERIFIED,,,No,image-_10_,,,image/webp,,,,,,,,,,,,,,NOT TESTED,SEO migration lead,Alt text missing/unverified | WP modified: 2025-03-20T17:41:08
https://sciencedivine.org/wp-content/uploads/2025/03/image-_6_.webp,https://sciencedivine.org/wp-content/uploads/2025/03/image-_6_.webp,WordPress REST API: media,,,UNVERIFIED,,,No,image-_6_,,,image/webp,,,,,,,,,,,,,,NOT TESTED,SEO migration lead,Alt text missing/unverified | WP modified: 2025-03-20T17:41:19
https://sciencedivine.org/wp-content/uploads/2025/03/image-_7_.webp,https://sciencedivine.org/wp-content/uploads/2025/03/image-_7_.webp,WordPress REST API: media,,,UNVERIFIED,,,No,image-_7_,,,image/webp,,,,,,,,,,,,,,NOT TESTED,SEO migration lead,Alt text missing/unverified | WP modified: 2025-03-20T17:41:16
https://sciencedivine.org/wp-content/uploads/2025/03/image-_8_.webp,https://sciencedivine.org/wp-content/uploads/2025/03/image-_8_.webp,WordPress REST API: media,,,UNVERIFIED,,,No,image-_8_,,,image/webp,,,,,,,,,,,,,,NOT TESTED,SEO migration lead,Alt text missing/unverified | WP modified: 2025-03-20T17:41:14
https://sciencedivine.org/wp-content/uploads/2025/03/image-_9_.webp,https://sciencedivine.org/wp-content/uploads/2025/03/image-_9_.webp,WordPress REST API: media,,,UNVERIFIED,,,No,image-_9_,,,image/webp,,,,,,,,,,,,,,NOT TESTED,SEO migration lead,Alt text missing/unverified | WP modified: 2025-03-20T17:41:11
https://sciencedivine.org/wp-content/uploads/2025/03/image-10.png,https://sciencedivine.org/wp-content/uploads/2025/03/image-10.png,WordPress REST API: media,,,UNVERIFIED,,,No,image-10,,,image/png,,,,,,,,,,,,,,NOT TESTED,SEO migration lead,Alt text missing/unverified | WP modified: 2025-03-21T17:33:52
https://sciencedivine.org/wp-content/uploads/2025/03/image-10.webp,https://sciencedivine.org/wp-content/uploads/2025/03/image-10.webp,WordPress REST API: media,,,UNVERIFIED,,,No,image-10,,,image/webp,,,,,,,,,,,,,,NOT TESTED,SEO migration lead,Alt text missing/unverified | WP modified: 2025-03-21T17:34:33
https://sciencedivine.org/wp-content/uploads/2025/03/image-32.png,https://sciencedivine.org/wp-content/uploads/2025/03/image-32.png,WordPress REST API: media,,,UNVERIFIED,,,No,image-32,,,image/png,,,,,,,,,,,,,,NOT TESTED,SEO migration lead,Alt text missing/unverified | WP modified: 2025-03-20T18:05:54
https://sciencedivine.org/wp-content/uploads/2025/03/image-33.png,https://sciencedivine.org/wp-content/uploads/2025/03/image-33.png,WordPress REST API: media,,,UNVERIFIED,,,No,image-33,,,image/png,,,,,,,,,,,,,,NOT TESTED,SEO migration lead,Alt text missing/unverified | WP modified: 2025-03-20T18:05:47
https://sciencedivine.org/wp-content/uploads/2025/03/image-34.png,https://sciencedivine.org/wp-content/uploads/2025/03/image-34.png,WordPress REST API: media,,,UNVERIFIED,,,No,image-34,,,image/png,,,,,,,,,,,,,,NOT TESTED,SEO migration lead,Alt text missing/unverified | WP modified: 2025-03-20T18:05:59
https://sciencedivine.org/wp-content/uploads/2025/03/image-35-1.png,https://sciencedivine.org/wp-content/uploads/2025/03/image-35-1.png,WordPress REST API: media,,,UNVERIFIED,,,No,image-35 (1),,,image/png,,,,,,,,,,,,,,NOT TESTED,SEO migration lead,Alt text missing/unverified | WP modified: 2025-03-21T12:23:51
https://sciencedivine.org/wp-content/uploads/2025/03/image-39.png,https://sciencedivine.org/wp-content/uploads/2025/03/image-39.png,WordPress REST API: media,,,UNVERIFIED,,,No,image-39,,,image/png,,,,,,,,,,,,,,NOT TESTED,SEO migration lead,Alt text missing/unverified | WP modified: 2025-03-21T15:20:37
https://sciencedivine.org/wp-content/uploads/2025/03/image-40.png,https://sciencedivine.org/wp-content/uploads/2025/03/image-40.png,WordPress REST API: media,,,UNVERIFIED,,,No,image-40,,,image/png,,,,,,,,,,,,,,NOT TESTED,SEO migration lead,Alt text missing/unverified | WP modified: 2025-03-21T15:20:27
https://sciencedivine.org/wp-content/uploads/2025/03/image-41.png,https://sciencedivine.org/wp-content/uploads/2025/03/image-41.png,WordPress REST API: media,,,UNVERIFIED,,,No,image-41,,,image/png,,,,,,,,,,,,,,NOT TESTED,SEO migration lead,Alt text missing/unverified | WP modified: 2025-03-21T15:20:06
https://sciencedivine.org/wp-content/uploads/2025/03/image-9-2.png,https://sciencedivine.org/wp-content/uploads/2025/03/image-9-2.png,WordPress REST API: media,,,UNVERIFIED,,,No,image-9-2,,,image/png,,,,,,,,,,,,,,NOT TESTED,SEO migration lead,Alt text missing/unverified | WP modified: 2025-03-21T17:34:19
https://sciencedivine.org/wp-content/uploads/2025/03/IMG_0899.webp,https://sciencedivine.org/wp-content/uploads/2025/03/IMG_0899.webp,WordPress REST API: media,,,UNVERIFIED,,,No,IMG_0899,,,image/webp,,,,,,,,,,,,,,NOT TESTED,SEO migration lead,Alt text missing/unverified | WP modified: 2025-03-20T17:41:22
https://sciencedivine.org/wp-content/uploads/2025/03/left_imagsasase1.png,https://sciencedivine.org/wp-content/uploads/2025/03/left_imagsasase1.png,WordPress REST API: media,,,UNVERIFIED,,,No,left_imagsasase1.png,,,image/png,,,,,,,,,,,,,,NOT TESTED,SEO migration lead,Alt text missing/unverified | WP modified: 2025-03-07T16:05:15
https://sciencedivine.org/wp-content/uploads/2025/03/Mask-group-_1_-_1_-scaled-1.webp,https://sciencedivine.org/wp-content/uploads/2025/03/Mask-group-_1_-_1_-scaled-1.webp,WordPress REST API: media,,,UNVERIFIED,,,No,Mask-group-_1_-_1_-scaled,,,image/webp,,,,,,,,,,,,,,NOT TESTED,SEO migration lead,Alt text missing/unverified | WP modified: 2025-03-08T17:38:17
https://sciencedivine.org/wp-content/uploads/2025/03/oyo-3773-hotel-city-square.jpg,https://sciencedivine.org/wp-content/uploads/2025/03/oyo-3773-hotel-city-square.jpg,WordPress REST API: media,,,UNVERIFIED,,,No,oyo-3773-hotel-city-square,,,image/jpeg,,,,,,,,,,,,,,NOT TESTED,SEO migration lead,Alt text missing/unverified | WP modified: 2025-03-21T15:10:03
https://sciencedivine.org/wp-content/uploads/2025/03/partner_img-3-2.png,https://sciencedivine.org/wp-content/uploads/2025/03/partner_img-3-2.png,WordPress REST API: media,,,UNVERIFIED,,,No,partner_img-3-2.png,,,image/png,,,,,,,,,,,,,,NOT TESTED,SEO migration lead,Alt text missing/unverified | WP modified: 2025-03-07T16:05:24
https://sciencedivine.org/wp-content/uploads/2025/03/pic1.jpg,https://sciencedivine.org/wp-content/uploads/2025/03/pic1.jpg,WordPress REST API: media,,,UNVERIFIED,,,No,pic1,,,image/jpeg,,,,,,,,,,,,,,NOT TESTED,SEO migration lead,Alt text missing/unverified | WP modified: 2025-03-21T15:10:45
https://sciencedivine.org/wp-content/uploads/2025/03/placeholder-561.png,https://sciencedivine.org/wp-content/uploads/2025/03/placeholder-561.png,WordPress REST API: media,,,UNVERIFIED,,,No,placeholder-561.png,,,image/png,,,,,,,,,,,,,,NOT TESTED,SEO migration lead,Alt text missing/unverified | WP modified: 2025-03-07T16:04:49
https://sciencedivine.org/wp-content/uploads/2025/03/placeholder-562.png,https://sciencedivine.org/wp-content/uploads/2025/03/placeholder-562.png,WordPress REST API: media,,,UNVERIFIED,,,No,placeholder-562.png,,,image/png,,,,,,,,,,,,,,NOT TESTED,SEO migration lead,Alt text missing/unverified | WP modified: 2025-03-07T16:05:12
https://sciencedivine.org/wp-content/uploads/2025/03/placeholder-563.png,https://sciencedivine.org/wp-content/uploads/2025/03/placeholder-563.png,WordPress REST API: media,,,UNVERIFIED,,,No,placeholder-563.png,,,image/png,,,,,,,,,,,,,,NOT TESTED,SEO migration lead,Alt text missing/unverified | WP modified: 2025-03-07T16:05:17
https://sciencedivine.org/wp-content/uploads/2025/03/placeholder-564.png,https://sciencedivine.org/wp-content/uploads/2025/03/placeholder-564.png,WordPress REST API: media,,,UNVERIFIED,,,No,placeholder-564.png,,,image/png,,,,,,,,,,,,,,NOT TESTED,SEO migration lead,Alt text missing/unverified | WP modified: 2025-03-07T16:05:24
https://sciencedivine.org/wp-content/uploads/2025/03/Plus-16p-28102020.svg,https://sciencedivine.org/wp-content/uploads/2025/03/Plus-16p-28102020.svg,WordPress REST API: media,,,UNVERIFIED,,,No,Plus-16p-28102020.svg,,,image/svg+xml,,,,,,,,,,,,,,NOT TESTED,SEO migration lead,Alt text missing/unverified | WP modified: 2025-03-06T15:44:01
https://sciencedivine.org/wp-content/uploads/2025/03/png-transparent-person-sitting-on-chair-illustration-computer-icons-depression-depressed-miscellaneous-text-hand-removebg-preview.png,https://sciencedivine.org/wp-content/uploads/2025/03/png-transparent-person-sitting-on-chair-illustration-computer-icons-depression-depressed-miscellaneous-text-hand-removebg-preview.png,WordPress REST API: media,,,UNVERIFIED,,,No,png-transparent-person-sitting-on-chair-illustration-computer-icons-depression-depressed-miscellaneous-text-hand-removebg-preview,,,image/png,,,,,,,,,,,,,,NOT TESTED,SEO migration lead,Alt text missing/unverified | WP modified: 2025-03-20T16:55:17
https://sciencedivine.org/wp-content/uploads/2025/03/pngegg-8-1300x1536-1.png,https://sciencedivine.org/wp-content/uploads/2025/03/pngegg-8-1300x1536-1.png,WordPress REST API: media,,,UNVERIFIED,,,No,pngegg-8-1300&#215;1536,,,image/png,,,,,,,,,,,,,,NOT TESTED,SEO migration lead,Alt text missing/unverified | WP modified: 2025-03-20T17:00:08
https://sciencedivine.org/wp-content/uploads/2025/03/pngegg-9.png,https://sciencedivine.org/wp-content/uploads/2025/03/pngegg-9.png,WordPress REST API: media,,,UNVERIFIED,,,No,pngegg-9,,,image/png,,,,,,,,,,,,,,NOT TESTED,SEO migration lead,Alt text missing/unverified | WP modified: 2025-03-20T16:57:36
https://sciencedivine.org/wp-content/uploads/2025/03/Popup-18112020.jpg,https://sciencedivine.org/wp-content/uploads/2025/03/Popup-18112020.jpg,WordPress REST API: media,,,UNVERIFIED,,,No,Popup-18112020.jpg,,,image/jpeg,,,,,,,,,,,,,,NOT TESTED,SEO migration lead,Alt text missing/unverified | WP modified: 2025-03-06T15:13:15
https://sciencedivine.org/wp-content/uploads/2025/03/Process_4.svg,https://sciencedivine.org/wp-content/uploads/2025/03/Process_4.svg,WordPress REST API: media,,,UNVERIFIED,,,No,Process_4.svg,,,image/svg+xml,,,,,,,,,,,,,,NOT TESTED,SEO migration lead,Alt text missing/unverified | WP modified: 2025-03-06T15:13:22
https://sciencedivine.org/wp-content/uploads/2025/03/ShapeBookingPopupBG.svg,https://sciencedivine.org/wp-content/uploads/2025/03/ShapeBookingPopupBG.svg,WordPress REST API: media,,,UNVERIFIED,,,No,ShapeBookingPopupBG.svg,,,image/svg+xml,,,,,,,,,,,,,,NOT TESTED,SEO migration lead,Alt text missing/unverified | WP modified: 2025-03-06T15:44:09
https://sciencedivine.org/wp-content/uploads/2025/03/Untitled-design-1-e1741772761959.webp,https://sciencedivine.org/wp-content/uploads/2025/03/Untitled-design-1-e1741772761959.webp,WordPress REST API: media,,,UNVERIFIED,,,No,Untitled design (1),,,image/webp,,,,,,,,,,,,,,NOT TESTED,SEO migration lead,Alt text missing/unverified | WP modified: 2025-03-10T13:29:44
https://sciencedivine.org/wp-content/uploads/2025/03/Untitled-design-2-1.webp,https://sciencedivine.org/wp-content/uploads/2025/03/Untitled-design-2-1.webp,WordPress REST API: media,,,UNVERIFIED,,,No,Untitled design (2) (1),,,image/webp,,,,,,,,,,,,,,NOT TESTED,SEO migration lead,Alt text missing/unverified | WP modified: 2025-03-12T15:26:52
https://sciencedivine.org/wp-content/uploads/2025/03/Untitled-design-3-1.webp,https://sciencedivine.org/wp-content/uploads/2025/03/Untitled-design-3-1.webp,WordPress REST API: media,,,UNVERIFIED,,,No,Untitled design (3) (1),,,image/webp,,,,,,,,,,,,,,NOT TESTED,SEO migration lead,Alt text missing/unverified | WP modified: 2025-03-12T15:29:06
https://sciencedivine.org/wp-content/uploads/2025/03/WhatsApp-Image-2024-10-22-at-5.33.48-PM-2.webp,https://sciencedivine.org/wp-content/uploads/2025/03/WhatsApp-Image-2024-10-22-at-5.33.48-PM-2.webp,WordPress REST API: media,,,UNVERIFIED,,,No,WhatsApp-Image-2024-10-22-at-5.33.48-PM-2,,,image/webp,,,,,,,,,,,,,,NOT TESTED,SEO migration lead,Alt text missing/unverified | WP modified: 2025-03-21T15:09:15
https://sciencedivine.org/wp-content/uploads/2025/03/WhatsApp-Image-2024-10-22-at-5.33.48-PM.webp,https://sciencedivine.org/wp-content/uploads/2025/03/WhatsApp-Image-2024-10-22-at-5.33.48-PM.webp,WordPress REST API: media,,,UNVERIFIED,,,No,WhatsApp-Image-2024-10-22-at-5.33.48-PM,,,image/webp,,,,,,,,,,,,,,NOT TESTED,SEO migration lead,Alt text missing/unverified | WP modified: 2025-03-21T15:08:22
https://sciencedivine.org/wp-content/uploads/2025/03/WhatsApp-Image-2025-03-03-at-6.52.52-PM.jpeg,https://sciencedivine.org/wp-content/uploads/2025/03/WhatsApp-Image-2025-03-03-at-6.52.52-PM.jpeg,WordPress REST API: media,,,UNVERIFIED,,,No,WhatsApp Image 2025-03-03 at 6.52.52 PM,,,image/jpeg,,,,,,,,,,,,,,NOT TESTED,SEO migration lead,Alt text missing/unverified | WP modified: 2025-03-05T13:00:18
https://sciencedivine.org/wp-content/uploads/2025/03/WhatsApp-Image-2025-03-13-at-4.54.26-PM-1-scaled.jpeg,https://sciencedivine.org/wp-content/uploads/2025/03/WhatsApp-Image-2025-03-13-at-4.54.26-PM-1-scaled.jpeg,WordPress REST API: media,,,UNVERIFIED,,,No,WhatsApp Image 2025-03-13 at 4.54.26 PM (1),,,image/jpeg,,,,,,,,,,,,,,NOT TESTED,SEO migration lead,Alt text missing/unverified | WP modified: 2025-03-13T16:56:25
https://sciencedivine.org/wp-content/uploads/2025/03/WhatsApp-Image-2025-03-13-at-4.54.33-PM.jpeg,https://sciencedivine.org/wp-content/uploads/2025/03/WhatsApp-Image-2025-03-13-at-4.54.33-PM.jpeg,WordPress REST API: media,,,UNVERIFIED,,,No,WhatsApp Image 2025-03-13 at 4.54.33 PM,,,image/jpeg,,,,,,,,,,,,,,NOT TESTED,SEO migration lead,Alt text missing/unverified | WP modified: 2025-03-13T16:57:58
https://sciencedivine.org/wp-content/uploads/2025/03/WhatsApp-Image-2025-03-13-at-4.54.33-PM.jpg,https://sciencedivine.org/wp-content/uploads/2025/03/WhatsApp-Image-2025-03-13-at-4.54.33-PM.jpg,WordPress REST API: media,,,UNVERIFIED,,,No,WhatsApp Image 2025-03-13 at 4.54.33 PM,,,image/jpeg,,,,,,,,,,,,,,NOT TESTED,SEO migration lead,Alt text missing/unverified | WP modified: 2025-03-13T17:10:06
https://sciencedivine.org/wp-content/uploads/2025/04/323749-P9HF26-9.jpg,https://sciencedivine.org/wp-content/uploads/2025/04/323749-P9HF26-9.jpg,WordPress REST API: media,,,UNVERIFIED,,,No,323749-P9HF26-9,,,image/jpeg,,,,,,,,,,,,,,NOT TESTED,SEO migration lead,Alt text missing/unverified | WP modified: 2025-04-04T12:38:06
https://sciencedivine.org/wp-content/uploads/2025/04/IMG_1319-1-1-1-scaled.webp,https://sciencedivine.org/wp-content/uploads/2025/04/IMG_1319-1-1-1-scaled.webp,WordPress REST API: media,,,UNVERIFIED,,,No,IMG_1319 (1) (1) (1),,,image/webp,,,,,,,,,,,,,,NOT TESTED,SEO migration lead,Alt text missing/unverified | WP modified: 2025-04-04T14:19:08
https://sciencedivine.org/wp-content/uploads/2025/04/IMG_6954-1-scaled.webp,https://sciencedivine.org/wp-content/uploads/2025/04/IMG_6954-1-scaled.webp,WordPress REST API: media,,,UNVERIFIED,,,No,IMG_6954 (1),,,image/webp,,,,,,,,,,,,,,NOT TESTED,SEO migration lead,Alt text missing/unverified | WP modified: 2025-04-04T14:18:48
https://sciencedivine.org/wp-content/uploads/2025/04/Screenshot-2025-04-09-143636.png,https://sciencedivine.org/wp-content/uploads/2025/04/Screenshot-2025-04-09-143636.png,WordPress REST API: media,,,UNVERIFIED,,,No,Screenshot 2025-04-09 143636,,,image/png,,,,,,,,,,,,,,NOT TESTED,SEO migration lead,Alt text missing/unverified | WP modified: 2025-04-09T14:37:15
https://sciencedivine.org/wp-content/uploads/2025/04/Screenshot-2025-04-09-143646.png,https://sciencedivine.org/wp-content/uploads/2025/04/Screenshot-2025-04-09-143646.png,WordPress REST API: media,,,UNVERIFIED,,,No,Screenshot 2025-04-09 143646,,,image/png,,,,,,,,,,,,,,NOT TESTED,SEO migration lead,Alt text missing/unverified | WP modified: 2025-04-09T14:37:20
https://sciencedivine.org/wp-content/uploads/2025/04/Screenshot-2025-04-09-143656.png,https://sciencedivine.org/wp-content/uploads/2025/04/Screenshot-2025-04-09-143656.png,WordPress REST API: media,,,UNVERIFIED,,,No,Screenshot 2025-04-09 143656,,,image/png,,,,,,,,,,,,,,NOT TESTED,SEO migration lead,Alt text missing/unverified | WP modified: 2025-04-09T14:37:26
https://sciencedivine.org/wp-content/uploads/2025/04/WhatsApp-Image-2025-04-04-at-1.02.45-PM.jpeg,https://sciencedivine.org/wp-content/uploads/2025/04/WhatsApp-Image-2025-04-04-at-1.02.45-PM.jpeg,WordPress REST API: media,,,UNVERIFIED,,,No,WhatsApp Image 2025-04-04 at 1.02.45 PM,,,image/jpeg,,,,,,,,,,,,,,NOT TESTED,SEO migration lead,Alt text missing/unverified | WP modified: 2025-04-04T13:04:49
https://sciencedivine.org/wp-content/uploads/2025/06/1.webp,https://sciencedivine.org/wp-content/uploads/2025/06/1.webp,WordPress REST API: media,,,UNVERIFIED,,,No,,,,image/webp,,,,,,,,,,,,,,NOT TESTED,SEO migration lead,Alt text missing/unverified | WP modified: 2025-06-03T15:39:27
https://sciencedivine.org/wp-content/uploads/2025/06/2.webp,https://sciencedivine.org/wp-content/uploads/2025/06/2.webp,WordPress REST API: media,,,UNVERIFIED,,,No,,,,image/webp,,,,,,,,,,,,,,NOT TESTED,SEO migration lead,Alt text missing/unverified | WP modified: 2025-06-03T15:39:47
https://sciencedivine.org/wp-content/uploads/2025/06/Har-Ghar-Shiksha-1.webp,https://sciencedivine.org/wp-content/uploads/2025/06/Har-Ghar-Shiksha-1.webp,WordPress REST API: media,,,UNVERIFIED,,,No,Har Ghar Shiksha-1,,,image/webp,,,,,,,,,,,,,,NOT TESTED,SEO migration lead,Alt text missing/unverified | WP modified: 2025-06-03T15:15:36
https://sciencedivine.org/wp-content/uploads/2025/06/Har-Ghar-Shiksha.webp,https://sciencedivine.org/wp-content/uploads/2025/06/Har-Ghar-Shiksha.webp,WordPress REST API: media,,,UNVERIFIED,,,No,Har Ghar Shiksha,,,image/webp,,,,,,,,,,,,,,NOT TESTED,SEO migration lead,Alt text missing/unverified | WP modified: 2025-06-03T15:14:00
https://sciencedivine.org/wp-content/uploads/2025/06/Untitled-design.webp,https://sciencedivine.org/wp-content/uploads/2025/06/Untitled-design.webp,WordPress REST API: media,,,UNVERIFIED,,,No,Untitled-design,,,image/webp,,,,,,,,,,,,,,NOT TESTED,SEO migration lead,Alt text missing/unverified | WP modified: 2025-06-03T15:40:02
https://sciencedivine.org/wp-content/uploads/2025/09/akhilesh.png,https://sciencedivine.org/wp-content/uploads/2025/09/akhilesh.png,WordPress REST API: media,,,UNVERIFIED,,,No,akhilesh,,,image/png,,,,,,,,,,,,,,NOT TESTED,SEO migration lead,Alt text missing/unverified | WP modified: 2025-09-29T19:30:43
https://sciencedivine.org/wp-content/uploads/2025/09/approach.jpg,https://sciencedivine.org/wp-content/uploads/2025/09/approach.jpg,WordPress REST API: media,,,UNVERIFIED,,,No,approach,,,image/jpeg,,,,,,,,,,,,,,NOT TESTED,SEO migration lead,Alt text missing/unverified | WP modified: 2025-09-29T13:22:59
https://sciencedivine.org/wp-content/uploads/2025/09/archana.webp,https://sciencedivine.org/wp-content/uploads/2025/09/archana.webp,WordPress REST API: media,,,UNVERIFIED,,,No,archana,,,image/webp,,,,,,,,,,,,,,NOT TESTED,SEO migration lead,Alt text missing/unverified | WP modified: 2025-09-29T19:54:35
https://sciencedivine.org/wp-content/uploads/2025/09/donation.webp,https://sciencedivine.org/wp-content/uploads/2025/09/donation.webp,WordPress REST API: media,,,UNVERIFIED,,,No,donation,,,image/webp,,,,,,,,,,,,,,NOT TESTED,SEO migration lead,Alt text missing/unverified | WP modified: 2025-09-29T12:00:32
https://sciencedivine.org/wp-content/uploads/2025/09/guruji-1.jpg,https://sciencedivine.org/wp-content/uploads/2025/09/guruji-1.jpg,WordPress REST API: media,,,UNVERIFIED,,,No,guruji,,,image/jpeg,,,,,,,,,,,,,,NOT TESTED,SEO migration lead,Alt text missing/unverified | WP modified: 2025-09-29T19:34:08
https://sciencedivine.org/wp-content/uploads/2025/09/guruji.jpg,https://sciencedivine.org/wp-content/uploads/2025/09/guruji.jpg,WordPress REST API: media,,,UNVERIFIED,,,No,guruji,,,image/jpeg,,,,,,,,,,,,,,NOT TESTED,SEO migration lead,Alt text missing/unverified | WP modified: 2025-09-26T20:47:48
https://sciencedivine.org/wp-content/uploads/2025/09/guruji.webp,https://sciencedivine.org/wp-content/uploads/2025/09/guruji.webp,WordPress REST API: media,,,UNVERIFIED,,,No,guruji,,,image/webp,,,,,,,,,,,,,,NOT TESTED,SEO migration lead,Alt text missing/unverified | WP modified: 2025-09-26T20:00:48
https://sciencedivine.org/wp-content/uploads/2025/09/khushi.png,https://sciencedivine.org/wp-content/uploads/2025/09/khushi.png,WordPress REST API: media,,,UNVERIFIED,,,No,khushi,,,image/png,,,,,,,,,,,,,,NOT TESTED,SEO migration lead,Alt text missing/unverified | WP modified: 2025-09-29T19:29:42
https://sciencedivine.org/wp-content/uploads/2025/09/leader-1.jpg,https://sciencedivine.org/wp-content/uploads/2025/09/leader-1.jpg,WordPress REST API: media,,,UNVERIFIED,,,No,leader-1,,,image/jpeg,,,,,,,,,,,,,,NOT TESTED,SEO migration lead,Alt text missing/unverified | WP modified: 2025-09-26T20:47:19
https://sciencedivine.org/wp-content/uploads/2025/09/leader-2.jpg,https://sciencedivine.org/wp-content/uploads/2025/09/leader-2.jpg,WordPress REST API: media,,,UNVERIFIED,,,No,leader-2,,,image/jpeg,,,,,,,,,,,,,,NOT TESTED,SEO migration lead,Alt text missing/unverified | WP modified: 2025-09-26T20:47:15
https://sciencedivine.org/wp-content/uploads/2025/09/leader-3.jpg,https://sciencedivine.org/wp-content/uploads/2025/09/leader-3.jpg,WordPress REST API: media,,,UNVERIFIED,,,No,leader-3,,,image/jpeg,,,,,,,,,,,,,,NOT TESTED,SEO migration lead,Alt text missing/unverified | WP modified: 2025-09-26T20:47:10
https://sciencedivine.org/wp-content/uploads/2025/09/leader-4.jpg,https://sciencedivine.org/wp-content/uploads/2025/09/leader-4.jpg,WordPress REST API: media,,,UNVERIFIED,,,No,leader-4,,,image/jpeg,,,,,,,,,,,,,,NOT TESTED,SEO migration lead,Alt text missing/unverified | WP modified: 2025-09-26T20:47:05
https://sciencedivine.org/wp-content/uploads/2025/09/leader-5-1.jpg,https://sciencedivine.org/wp-content/uploads/2025/09/leader-5-1.jpg,WordPress REST API: media,,,UNVERIFIED,,,No,leader-5,,,image/jpeg,,,,,,,,,,,,,,NOT TESTED,SEO migration lead,Alt text missing/unverified | WP modified: 2025-09-26T20:47:59
https://sciencedivine.org/wp-content/uploads/2025/09/leader-5.jpg,https://sciencedivine.org/wp-content/uploads/2025/09/leader-5.jpg,WordPress REST API: media,,,UNVERIFIED,,,No,leader-5,,,image/jpeg,,,,,,,,,,,,,,NOT TESTED,SEO migration lead,Alt text missing/unverified | WP modified: 2025-09-26T20:24:19
https://sciencedivine.org/wp-content/uploads/2025/09/media-1.jpg,https://sciencedivine.org/wp-content/uploads/2025/09/media-1.jpg,WordPress REST API: media,,,UNVERIFIED,,,No,media-1,,,image/jpeg,,,,,,,,,,,,,,NOT TESTED,SEO migration lead,Alt text missing/unverified | WP modified: 2025-09-26T20:47:53
https://sciencedivine.org/wp-content/uploads/2025/09/media-2.jpg,https://sciencedivine.org/wp-content/uploads/2025/09/media-2.jpg,WordPress REST API: media,,,UNVERIFIED,,,No,media-2,,,image/jpeg,,,,,,,,,,,,,,NOT TESTED,SEO migration lead,Alt text missing/unverified | WP modified: 2025-09-29T19:33:34
https://sciencedivine.org/wp-content/uploads/2025/09/ranjana.jpg,https://sciencedivine.org/wp-content/uploads/2025/09/ranjana.jpg,WordPress REST API: media,,,UNVERIFIED,,,No,ranjana,,,image/jpeg,,,,,,,,,,,,,,NOT TESTED,SEO migration lead,Alt text missing/unverified | WP modified: 2025-09-29T19:48:08
https://sciencedivine.org/wp-content/uploads/2025/09/sakshi-shree.webp,https://sciencedivine.org/wp-content/uploads/2025/09/sakshi-shree.webp,WordPress REST API: media,,,UNVERIFIED,,,No,sakshi-shree,,,image/webp,,,,,,,,,,,,,,NOT TESTED,SEO migration lead,Alt text missing/unverified | WP modified: 2025-09-29T12:03:31
https://sciencedivine.org/wp-content/uploads/2025/09/sneha.png,https://sciencedivine.org/wp-content/uploads/2025/09/sneha.png,WordPress REST API: media,,,UNVERIFIED,,,No,sneha,,,image/png,,,,,,,,,,,,,,NOT TESTED,SEO migration lead,Alt text missing/unverified | WP modified: 2025-09-29T18:13:43
https://sciencedivine.org/wp-content/uploads/2025/09/sprit.png,https://sciencedivine.org/wp-content/uploads/2025/09/sprit.png,WordPress REST API: media,,,UNVERIFIED,,,No,sprit,,,image/png,,,,,,,,,,,,,,NOT TESTED,SEO migration lead,Alt text missing/unverified | WP modified: 2025-09-26T18:51:29
https://sciencedivine.org/wp-content/uploads/2025/09/vision.jpg,https://sciencedivine.org/wp-content/uploads/2025/09/vision.jpg,WordPress REST API: media,,,UNVERIFIED,,,No,vision,,,image/jpeg,,,,,,,,,,,,,,NOT TESTED,SEO migration lead,Alt text missing/unverified | WP modified: 2025-09-29T13:23:13
https://sciencedivine.org/wp-content/uploads/2025/12/image-1.jpg,https://sciencedivine.org/wp-content/uploads/2025/12/image-1.jpg,WordPress REST API: media,,,UNVERIFIED,,,No,image 1,,,image/jpeg,,,,,,,,,,,,,,NOT TESTED,SEO migration lead,Alt text missing/unverified | WP modified: 2025-12-03T16:44:52
https://sciencedivine.org/wp-content/uploads/2025/12/image-2.jpg,https://sciencedivine.org/wp-content/uploads/2025/12/image-2.jpg,WordPress REST API: media,,,UNVERIFIED,,,No,image 2,,,image/jpeg,,,,,,,,,,,,,,NOT TESTED,SEO migration lead,Alt text missing/unverified | WP modified: 2025-12-03T16:44:57
https://sciencedivine.org/wp-content/uploads/2025/12/image-3.jpg,https://sciencedivine.org/wp-content/uploads/2025/12/image-3.jpg,WordPress REST API: media,,,UNVERIFIED,,,No,image 3,,,image/jpeg,,,,,,,,,,,,,,NOT TESTED,SEO migration lead,Alt text missing/unverified | WP modified: 2025-12-03T16:45:02
https://sciencedivine.org/wp-content/uploads/2025/12/image-4.jpg,https://sciencedivine.org/wp-content/uploads/2025/12/image-4.jpg,WordPress REST API: media,,,UNVERIFIED,,,No,image 4,,,image/jpeg,,,,,,,,,,,,,,NOT TESTED,SEO migration lead,Alt text missing/unverified | WP modified: 2025-12-03T16:45:06
https://sciencedivine.org/wp-content/uploads/2025/12/New_Year_Website-copy.jpg,https://sciencedivine.org/wp-content/uploads/2025/12/New_Year_Website-copy.jpg,WordPress REST API: media,,,UNVERIFIED,,,No,4 January,,,image/jpeg,,,,,,,,,,,,,,NOT TESTED,SEO migration lead,Alt text missing/unverified | WP modified: 2026-01-08T12:06:46
https://sciencedivine.org/wp-content/uploads/2025/12/Website-copy.jpg,https://sciencedivine.org/wp-content/uploads/2025/12/Website-copy.jpg,WordPress REST API: media,,,UNVERIFIED,,,No,14 December,,,image/jpeg,,,,,,,,,,,,,,NOT TESTED,SEO migration lead,Alt text missing/unverified | WP modified: 2026-01-08T12:06:23
https://sciencedivine.org/wp-content/uploads/2026/01/Vasant-Website-copy.jpg,https://sciencedivine.org/wp-content/uploads/2026/01/Vasant-Website-copy.jpg,WordPress REST API: media,,,UNVERIFIED,,,No,Vasant,,,image/jpeg,,,,,,,,,,,,,,NOT TESTED,SEO migration lead,Alt text missing/unverified | WP modified: 2026-01-08T11:46:07
https://sciencedivine.org/wp-content/uploads/2026/04/df727e7f-0189-41f9-9ded-907786aa7a04.jpg,https://sciencedivine.org/wp-content/uploads/2026/04/df727e7f-0189-41f9-9ded-907786aa7a04.jpg,WordPress REST API: media,,,UNVERIFIED,,,No,df727e7f-0189-41f9-9ded-907786aa7a04,,,image/jpeg,,,,,,,,,,,,,,NOT TESTED,SEO migration lead,Alt text missing/unverified | WP modified: 2026-04-25T15:56:18
https://sciencedivine.org/wp-content/uploads/2026/04/March.jpg,https://sciencedivine.org/wp-content/uploads/2026/04/March.jpg,WordPress REST API: media,,,UNVERIFIED,,,No,March,,,image/jpeg,,,,,,,,,,,,,,NOT TESTED,SEO migration lead,Alt text missing/unverified | WP modified: 2026-04-25T15:56:02
https://sciencedivine.org/wp-content/uploads/2026/04/Untitled-1.jpg.jpeg,https://sciencedivine.org/wp-content/uploads/2026/04/Untitled-1.jpg.jpeg,WordPress REST API: media,,,UNVERIFIED,,,No,Untitled-1.jpg,,,image/jpeg,,,,,,,,,,,,,,NOT TESTED,SEO migration lead,Alt text missing/unverified | WP modified: 2026-04-25T15:51:29
https://sciencedivine.org/wp-content/uploads/woocommerce-placeholder.png,https://sciencedivine.org/wp-content/uploads/woocommerce-placeholder.png,WordPress REST API: media,,,UNVERIFIED,,,No,woocommerce-placeholder,,,image/png,,,,,,,,,,,,,,NOT TESTED,SEO migration lead,Alt text missing/unverified | WP modified: 2023-09-21T07:16:54
https://sciencedivine.org/yoga-for-back-pain-relief/,https://sciencedivine.org/yoga-for-back-pain-relief/,WordPress REST API: posts | XML sitemap: https://sciencedivine.org/post-sitemap.xml,200,,Yes,https://sciencedivine.org/yoga-for-back-pain-relief/,"index, follow, max-snippet:-1, max-image-preview:large, max-video-preview:-1",Yes,Yoga for Back Pain Relief: Strengthen and Heal Your Spine Naturally,"Discover the transformative power of yoga for back pain relief. Learn gentle yet effective poses to strengthen and heal your spine, improve posture, and enhance overall well-being. Embark on a journey towards a pain-free life today!",,post,361,,,,,,,,,,,,,NOT TESTED,SEO migration lead,WP modified: 2024-04-03T11:21:09
https://sciencedivine.org/yoga-for-flexibility/,https://sciencedivine.org/yoga-for-flexibility/,WordPress REST API: posts | XML sitemap: https://sciencedivine.org/post-sitemap.xml,200,,Yes,https://sciencedivine.org/yoga-for-flexibility/,"index, follow, max-snippet:-1, max-image-preview:large, max-video-preview:-1",Yes,Yoga for Flexibility: Embrace Your Body's Potential for Movement,"Discover the transformative power of Yoga for flexibility. This guide provides essential tips, poses, and insights to unlock your body&#039;s potential and embrace a more flexible, healthy lifestyle.",,post,427,,,,,,,,,,,,,NOT TESTED,SEO migration lead,WP modified: 2024-04-03T10:18:46
https://sciencedivine.org/yoga-for-high-bp/,https://sciencedivine.org/yoga-for-high-bp/,WordPress REST API: posts | XML sitemap: https://sciencedivine.org/post-sitemap.xml,200,,Yes,https://sciencedivine.org/yoga-for-high-bp/,"index, follow, max-snippet:-1, max-image-preview:large, max-video-preview:-1",Yes,Yoga for High BP: Simple Steps to Lower Blood Pressure,Explore simple yoga for high bp control. Our simple guide shows you the best yoga for high blood pressure that you can start doing today for a healthier life.,,post,809,,,,,,,,,,,,,NOT TESTED,SEO migration lead,WP modified: 2024-04-03T11:18:33
https://sciencedivine.org/yoga-for-hypertension/,https://sciencedivine.org/yoga-for-hypertension/,WordPress REST API: posts | XML sitemap: https://sciencedivine.org/post-sitemap.xml,200,,Yes,https://sciencedivine.org/yoga-for-hypertension/,"index, follow, max-snippet:-1, max-image-preview:large, max-video-preview:-1",Yes,Benefits of Yoga for Hypertension Management,Try yoga for hypertension to feel better. This guide shows you simple yoga asanas for easing high BP. Learn simple pranayama & yoga moves to reduce hypertension.,,post,749,,,,,,,,,,,,,NOT TESTED,SEO migration lead,WP modified: 2024-03-30T06:51:16
https://sciencedivine.org/yoga-for-peace-of-mind/,https://sciencedivine.org/yoga-for-peace-of-mind/,WordPress REST API: posts | XML sitemap: https://sciencedivine.org/post-sitemap.xml,200,,Yes,https://sciencedivine.org/yoga-for-peace-of-mind/,"index, follow, max-snippet:-1, max-image-preview:large, max-video-preview:-1",Yes,Yoga Poses for Peace of Mind,"Looking for calmness? Our easy yoga for peace of mind guide is here to help. Learn simple steps to relax your mind with yoga. Breathe, stretch, and meditate your way to a peaceful day.",,post,1336,,,,,,,,,,,,,NOT TESTED,SEO migration lead,WP modified: 2024-04-03T10:35:18
https://sciencedivine.org/yoga-for-weight-loss/,https://sciencedivine.org/yoga-for-weight-loss/,WordPress REST API: posts | XML sitemap: https://sciencedivine.org/post-sitemap.xml,200,,Yes,https://sciencedivine.org/yoga-for-weight-loss/,"index, follow, max-snippet:-1, max-image-preview:large, max-video-preview:-1",Yes,Yoga for Weight Loss: The Ultimate Guide to Asanas and Holistic Health,Discover the secrets of yoga for weight loss and embrace a lifestyle of health and vitality. Our comprehensive guide explores powerful asanas and healthy living tips to transform your body and mind.,,post,446,,,,,,,,,,,,,NOT TESTED,SEO migration lead,WP modified: 2024-03-30T06:51:05
https://sciencedivine.org/yoga-nidra/,https://sciencedivine.org/yoga-nidra/,WordPress REST API: posts | XML sitemap: https://sciencedivine.org/post-sitemap.xml,200,,Yes,https://sciencedivine.org/yoga-nidra/,"index, follow, max-snippet:-1, max-image-preview:large, max-video-preview:-1",Yes,Yoga Nidra: Mastering the Art of Conscious Relaxation,"Explore the profound practice of Yoga Nidra and learn how to achieve conscious relaxation, reduce stress, and find inner peace. Dive into the art of ‘yogic sleep’ and transform your life.",,post,582,,,,,,,,,,,,,NOT TESTED,SEO migration lead,WP modified: 2024-05-07T10:08:34
https://sciencedivine.org/yoga/,https://sciencedivine.org/yoga/,WordPress REST API: pages | XML sitemap: https://sciencedivine.org/page-sitemap.xml,200,,Yes,https://sciencedivine.org/yoga/,"index, follow, max-snippet:-1, max-image-preview:large, max-video-preview:-1",Yes,Yoga,"Imagine Sarah, busy professional juggling work, family, and stress, feels like she's constantly on a treadmill. Her body's tense, her mind's racing, and she's craving peace. That's where yoga is helpful. Born in ancient India, it's like a timeless guide to finding balance. It's not just about touching your toes, it's about connecting mind, body, and spirit. With yoga, Sarah discovers a path to self-discovery and inner peace. Under the guidance of Sakshi Shree Ji, yoga becomes more than just poses—it's a journey of transformation, offering tools like meditation and breathwork to unlock her inner potential and cultivate wellness. So join us and take the first step towards a healthier, happier you.",,page,225,,,,,,,,,,,,,NOT TESTED,SEO migration lead,WP modified: 2025-05-29T16:46:37
https://us.sciencedivine.org/,https://us.sciencedivine.org/,known subdomain,200,,Yes,,,No,Unlock Divine Guidance | 1-on-1 Session with Sakshi Shree,,Beyond Astrology & Palmistry,,448,,,,,,,,,,,,P1,NOT TESTED,SEO migration lead,
