step,old_location,new_location,note
1-site-images,public/about-sakshi-shree-new.png,public/images/about-sakshi-shree-new.webp,compressed
1-site-images,public/about-sakshi-shree-user.png,public/images/about-sakshi-shree-user.webp,compressed
1-site-images,public/about-section-bg.png,public/images/about-section-bg.webp,compressed
1-site-images,public/about-self-realization.jpg,public/images/about-self-realization.webp,compressed
1-site-images,public/about-sound-body.jpg,public/images/about-sound-body.webp,compressed
1-site-images,public/about-sound-mind.jpg,public/images/about-sound-mind.webp,compressed
1-site-images,public/articles/conscious-mind-ai.webp,public/images/articles/conscious-mind-ai.webp,compressed
1-site-images,public/articles/conscious-mind.jpg,public/images/articles/conscious-mind.webp,compressed
1-site-images,public/articles/feel-calm-ai.webp,public/images/articles/feel-calm-ai.webp,compressed
1-site-images,public/articles/feel-calm.jpg,public/images/articles/feel-calm.webp,compressed
1-site-images,public/articles/meditation-seniors-ai.webp,public/images/articles/meditation-seniors-ai.webp,compressed
1-site-images,public/articles/meditation-seniors.jpg,public/images/articles/meditation-seniors.webp,compressed
1-site-images,public/articles/mental-health-ai.webp,public/images/articles/mental-health-ai.webp,compressed
1-site-images,public/articles/mental-health.jpg,public/images/articles/mental-health.webp,compressed
1-site-images,public/articles/mind-body-harmony-ai.webp,public/images/articles/mind-body-harmony-ai.webp,compressed
1-site-images,public/articles/mind-body-harmony.jpg,public/images/articles/mind-body-harmony.webp,compressed
1-site-images,public/articles/optimistic-mind-ai.webp,public/images/articles/optimistic-mind-ai.webp,compressed
1-site-images,public/articles/optimistic-mind.jpg,public/images/articles/optimistic-mind.webp,compressed
1-site-images,public/articles/yoga-hypertension-ai.webp,public/images/articles/yoga-hypertension-ai.webp,compressed
1-site-images,public/articles/yoga-hypertension.jpg,public/images/articles/yoga-hypertension.webp,compressed
1-site-images,public/articles/yoga-mindfulness-ai.webp,public/images/articles/yoga-mindfulness-ai.webp,compressed
1-site-images,public/articles/yoga-mindfulness.jpg,public/images/articles/yoga-mindfulness.webp,compressed
1-site-images,public/articles/yoga-nidra-ai.webp,public/images/articles/yoga-nidra-ai.webp,compressed
1-site-images,public/articles/yoga-nidra.jpg,public/images/articles/yoga-nidra.webp,compressed
1-site-images,public/blog/images/108-names-of-lord-ganesha-with-meaning.webp,public/images/blog/108-names-of-lord-ganesha-with-meaning.webp,compressed
1-site-images,public/blog/images/7-chakras-of-body/Benefits-of-Balanced-Chakras.jpg,public/images/blog/7-chakras-of-body/Benefits-of-Balanced-Chakras.webp,compressed
1-site-images,public/blog/images/7-chakras-of-body/Crown-Chakra.jpg,public/images/blog/7-chakras-of-body/Crown-Chakra.webp,compressed
1-site-images,public/blog/images/7-chakras-of-body/Heart-Chakra.png,public/images/blog/7-chakras-of-body/Heart-Chakra.webp,compressed
1-site-images,public/blog/images/7-chakras-of-body/How-to-Unblock-Chakras.jpg,public/images/blog/7-chakras-of-body/How-to-Unblock-Chakras.webp,compressed
1-site-images,public/blog/images/7-chakras-of-body/Root-Chakra.jpg,public/images/blog/7-chakras-of-body/Root-Chakra.webp,compressed
1-site-images,public/blog/images/7-chakras-of-body/Sacral-Chakra.jpg,public/images/blog/7-chakras-of-body/Sacral-Chakra.webp,compressed
1-site-images,public/blog/images/7-chakras-of-body/Solar-Plexus-Chakra.jpg,public/images/blog/7-chakras-of-body/Solar-Plexus-Chakra.webp,compressed
1-site-images,public/blog/images/7-chakras-of-body/Third-Eye-Chakra.jpg,public/images/blog/7-chakras-of-body/Third-Eye-Chakra.webp,compressed
1-site-images,public/blog/images/7-chakras-of-body/Throat-Chakra.jpg,public/images/blog/7-chakras-of-body/Throat-Chakra.webp,compressed
1-site-images,public/blog/images/aja-ekadashi-2026-date-time-parana-vrat-katha-puja-vidhi.webp,public/images/blog/aja-ekadashi-2026-date-time-parana-vrat-katha-puja-vidhi.webp,compressed
1-site-images,public/blog/images/ajna-chakra/6-chakra.jpg,public/images/blog/ajna-chakra/6-chakra.webp,compressed
1-site-images,public/blog/images/ajna-chakra/Ajna-Chakra-third-eye-meditation.jpg,public/images/blog/ajna-chakra/Ajna-Chakra-third-eye-meditation.webp,compressed
1-site-images,public/blog/images/ajna-chakra/khechari-mudra.jpg,public/images/blog/ajna-chakra/khechari-mudra.webp,compressed
1-site-images,public/blog/images/ajna-chakra/Third-Eye-Chakra.jpg,public/images/blog/ajna-chakra/Third-Eye-Chakra.webp,compressed
1-site-images,public/blog/images/anahata-chakra/4-chakra.jpg,public/images/blog/anahata-chakra/4-chakra.webp,compressed
1-site-images,public/blog/images/anahata-chakra/Anahata-Chakra-Mudra-and-Meditation.jpg,public/images/blog/anahata-chakra/Anahata-Chakra-Mudra-and-Meditation.webp,compressed
1-site-images,public/blog/images/anahata-chakra/Bhujangasana-Cobra-Pose.jpg,public/images/blog/anahata-chakra/Bhujangasana-Cobra-Pose.webp,compressed
1-site-images,public/blog/images/anahata-chakra/Breathing-Techniques-Pranayama-manipura-chakra.jpg,public/images/blog/anahata-chakra/Breathing-Techniques-Pranayama-manipura-chakra.webp,compressed
1-site-images,public/blog/images/anahata-chakra/Fish-Pose.jpg,public/images/blog/anahata-chakra/Fish-Pose.webp,compressed
1-site-images,public/blog/images/anahata-chakra/Heart-Chakra.png,public/images/blog/anahata-chakra/Heart-Chakra.webp,compressed
1-site-images,public/blog/images/anahata-chakra/Poses-Camel-scaled.jpg,public/images/blog/anahata-chakra/Poses-Camel-scaled.webp,compressed
1-site-images,public/blog/images/anant-chaturdashi-2026-date-time-puja-muhurat-vrat-katha.webp,public/images/blog/anant-chaturdashi-2026-date-time-puja-muhurat-vrat-katha.webp,compressed
1-site-images,public/blog/images/asana-for-high-blood-pressure/asana-for-high-blood-pressure-Baddha-Konasana-Butterfly-Pose.png,public/images/blog/asana-for-high-blood-pressure/asana-for-high-blood-pressure-Baddha-Konasana-Butterfly-Pose.webp,compressed
1-site-images,public/blog/images/asana-for-high-blood-pressure/asana-for-high-blood-pressure-cover.png,public/images/blog/asana-for-high-blood-pressure/asana-for-high-blood-pressure-cover.webp,compressed
1-site-images,public/blog/images/asana-for-high-blood-pressure/asana-for-high-blood-pressure-Janu-Sirsasana-Head-to-Knee-Forward-Bend.png,public/images/blog/asana-for-high-blood-pressure/asana-for-high-blood-pressure-Janu-Sirsa-415453.webp,compressed; name shortened
1-site-images,public/blog/images/asana-for-high-blood-pressure/asana-for-high-blood-pressure-Setu-Bandhasana-Bridge-Pose.png,public/images/blog/asana-for-high-blood-pressure/asana-for-high-blood-pressure-Setu-Bandhasana-Bridge-Pose.webp,compressed
1-site-images,public/blog/images/asana-for-high-blood-pressure/asana-for-high-blood-pressure-Shavasana-Corpse-Pose.png,public/images/blog/asana-for-high-blood-pressure/asana-for-high-blood-pressure-Shavasana-Corpse-Pose.webp,compressed
1-site-images,public/blog/images/asana-for-high-blood-pressure/asana-for-high-blood-pressure-Tree-Pose-Vrksasana.png,public/images/blog/asana-for-high-blood-pressure/asana-for-high-blood-pressure-Tree-Pose-Vrksasana.webp,compressed
1-site-images,public/blog/images/asana-for-high-blood-pressure/PVNc0PNxerdVRcu82tQjMO_35d8PslVM07k-Acr-KAonS6lflUdtAn3f8xwVFrt2EAonyJUmrRMZu2efrR6Q0dk9pNenrdPo3c5RMBYP58oaZyLLpQWYmASYWoCgfwQ7YZ5FaVKAQguBytT1k8sdTZQ.jpg,public/images/blog/asana-for-high-blood-pressure/PVNc0PNxerdVRcu82tQjMO_35d8PslVM07k-Acr-a88b6c.webp,compressed; name shortened
1-site-images,public/blog/images/basics-of-meditation/basics-of-meditation.png,public/images/blog/basics-of-meditation/basics-of-meditation.webp,compressed
1-site-images,public/blog/images/benefits-of-meditation/How-to-Do-Meditation-at-Home.png,public/images/blog/benefits-of-meditation/How-to-Do-Meditation-at-Home.webp,compressed
1-site-images,public/blog/images/benefits-of-meditation/Meditation-Benefits-for-Brain.png,public/images/blog/benefits-of-meditation/Meditation-Benefits-for-Brain.webp,compressed
1-site-images,public/blog/images/benefits-of-meditation/Meditation-cover.png,public/images/blog/benefits-of-meditation/Meditation-cover.webp,compressed
1-site-images,public/blog/images/benefits-of-meditation/Power-of-Meditation.png,public/images/blog/benefits-of-meditation/Power-of-Meditation.webp,compressed
1-site-images,public/blog/images/benefits-of-meditation/Types-of-Meditation.png,public/images/blog/benefits-of-meditation/Types-of-Meditation.webp,compressed
1-site-images,public/blog/images/bhagavad-gita-on-death-soul-after-death.webp,public/images/blog/bhagavad-gita-on-death-soul-after-death.webp,compressed
1-site-images,public/blog/images/build-mental-power/Build-Mental-Power-1.webp,public/images/blog/build-mental-power/Build-Mental-Power-1.webp,compressed
1-site-images,public/blog/images/build-mental-power/Build-Mental-Power-2.webp,public/images/blog/build-mental-power/Build-Mental-Power-2.webp,compressed
1-site-images,public/blog/images/build-mental-power/Build-Mental-Power-cover.webp,public/images/blog/build-mental-power/Build-Mental-Power-cover.webp,compressed
1-site-images,public/blog/images/can-women-perform-shraddha-pitru-paksha.webp,public/images/blog/can-women-perform-shraddha-pitru-paksha.webp,compressed
1-site-images,public/blog/images/chakras-in-human-body/7-healing-benefits-of-chakra-alignment-cover.jpeg,public/images/blog/chakras-in-human-body/7-healing-benefits-of-chakra-alignment-cover.webp,compressed
1-site-images,public/blog/images/chakras-in-human-body/Benefits-of-Balanced-Chakras.jpg,public/images/blog/chakras-in-human-body/Benefits-of-Balanced-Chakras.webp,compressed
1-site-images,public/blog/images/chakras-in-human-body/Crown-Chakra.jpg,public/images/blog/chakras-in-human-body/Crown-Chakra.webp,compressed
1-site-images,public/blog/images/chakras-in-human-body/Heart-Chakra.png,public/images/blog/chakras-in-human-body/Heart-Chakra.webp,compressed
1-site-images,public/blog/images/chakras-in-human-body/Root-Chakra.jpg,public/images/blog/chakras-in-human-body/Root-Chakra.webp,compressed
1-site-images,public/blog/images/chakras-in-human-body/Sacral-Chakra.jpg,public/images/blog/chakras-in-human-body/Sacral-Chakra.webp,compressed
1-site-images,public/blog/images/chakras-in-human-body/Solar-Plexus-Chakra.jpg,public/images/blog/chakras-in-human-body/Solar-Plexus-Chakra.webp,compressed
1-site-images,public/blog/images/chakras-in-human-body/Third-Eye-Chakra.jpg,public/images/blog/chakras-in-human-body/Third-Eye-Chakra.webp,compressed
1-site-images,public/blog/images/chakras-in-human-body/Throat-Chakra.jpg,public/images/blog/chakras-in-human-body/Throat-Chakra.webp,compressed
1-site-images,public/blog/images/change-your-destiny/Change-your-destiny.png,public/images/blog/change-your-destiny/Change-your-destiny.webp,compressed
1-site-images,public/blog/images/connect-with-the-divine-power/Connect-with-the-divine-power.jpeg,public/images/blog/connect-with-the-divine-power/Connect-with-the-divine-power.webp,compressed
1-site-images,public/blog/images/conscious/Conscious.png,public/images/blog/conscious/Conscious.webp,compressed
1-site-images,public/blog/images/conscious/How-to-Be-More-Conscious.png,public/images/blog/conscious/How-to-Be-More-Conscious.webp,compressed
1-site-images,public/blog/images/conscious/Self-Conscious.jpeg,public/images/blog/conscious/Self-Conscious.webp,compressed
1-site-images,public/blog/images/conscious-mind-and-subconscious-mind/Conscious-mind-and-Subconscious-mind.jpg,public/images/blog/conscious-mind-and-subconscious-mind/Conscious-mind-and-Subconscious-mind.webp,compressed
1-site-images,public/blog/images/conscious-mind-and-subconscious-mind/Difference-Between-Conscious-and-Subconscious-Mind.png,public/images/blog/conscious-mind-and-subconscious-mind/Difference-Between-Conscious-and-Subconscious-Mind.webp,compressed
1-site-images,public/blog/images/declutter-your-mind-and-cleanse-your-soul/decluter-thumbnail.jpg,public/images/blog/declutter-your-mind-and-cleanse-your-soul/decluter-thumbnail.webp,compressed
1-site-images,public/blog/images/deep-breathing-for-better-brain/deep-breathing-for-better-brain.png,public/images/blog/deep-breathing-for-better-brain/deep-breathing-for-better-brain.webp,compressed
1-site-images,public/blog/images/deep-connection-between-meditation-and-the-soul/Deep-Connection-Between-Meditation-and-the-Soul.webp,public/images/blog/deep-connection-between-meditation-and-the-soul/Deep-Connection-Between-Meditation-and-the-Soul.webp,compressed
1-site-images,public/blog/images/deepening-connection-in-marriage/Rekindling-Intimacy-and-Deepening-Connection-in-Marriage.jpg,public/images/blog/deepening-connection-in-marriage/Rekindling-Intimacy-and-Deepening-Connection-in-Marriage.webp,compressed
1-site-images,public/blog/images/embark-on-your-meditation-journey/Embark-on-Your-Meditation-Journey-1.png,public/images/blog/embark-on-your-meditation-journey/Embark-on-Your-Meditation-Journey-1.webp,compressed
1-site-images,public/blog/images/embark-on-your-meditation-journey/Embark-on-Your-Meditation-Journey-2.png,public/images/blog/embark-on-your-meditation-journey/Embark-on-Your-Meditation-Journey-2.webp,compressed
1-site-images,public/blog/images/feminine-energy/Feminine-Energy.png,public/images/blog/feminine-energy/Feminine-Energy.webp,compressed
1-site-images,public/blog/images/five-effective-yoga-poses/5-Effective-Yoga-Poses.png,public/images/blog/five-effective-yoga-poses/5-Effective-Yoga-Poses.webp,compressed
1-site-images,public/blog/images/ganesh-chaturthi-puja-vidhi-2026.webp,public/images/blog/ganesh-chaturthi-puja-vidhi-2026.webp,compressed
1-site-images,public/blog/images/ganpati-bappa-morya-status-2026-wishes-quotes-captions.webp,public/images/blog/ganpati-bappa-morya-status-2026-wishes-quotes-captions.webp,compressed
1-site-images,public/blog/images/gateway-to-nirvana/Gateway-to-Nirvana.webp,public/images/blog/gateway-to-nirvana/Gateway-to-Nirvana.webp,compressed
1-site-images,public/blog/images/gomti-chakra/Gomti-Chakra.png,public/images/blog/gomti-chakra/Gomti-Chakra.webp,compressed
1-site-images,public/blog/images/gomti-chakra/What-is-Gomti-Chakra.jpg,public/images/blog/gomti-chakra/What-is-Gomti-Chakra.webp,compressed
1-site-images,public/blog/images/habits-that-can-change-your-life/habits-that-can-change-your-life.jpeg,public/images/blog/habits-that-can-change-your-life/habits-that-can-change-your-life.webp,compressed
1-site-images,public/blog/images/harmonizing-mind-and-body/Harmonizing-Mind-and-Body-1.png,public/images/blog/harmonizing-mind-and-body/Harmonizing-Mind-and-Body-1.webp,compressed
1-site-images,public/blog/images/harmonizing-mind-and-body/Harmonizing-Mind-and-Body-2.png,public/images/blog/harmonizing-mind-and-body/Harmonizing-Mind-and-Body-2.webp,compressed
1-site-images,public/blog/images/hartalika-teej-2026-date-time-puja-muhurat-vidhi.webp,public/images/blog/hartalika-teej-2026-date-time-puja-muhurat-vidhi.webp,compressed
1-site-images,public/blog/images/hartalika-teej-2026-fasting-rules.webp,public/images/blog/hartalika-teej-2026-fasting-rules.webp,compressed
1-site-images,public/blog/images/hartalika-teej-puja-items-list-2026.webp,public/images/blog/hartalika-teej-puja-items-list-2026.webp,compressed
1-site-images,public/blog/images/hartalika-teej-story-parvati-tapasya-shiva.webp,public/images/blog/hartalika-teej-story-parvati-tapasya-shiva.webp,compressed
1-site-images,public/blog/images/healing-after-failed-love/healing-after-failed-love.jpeg,public/images/blog/healing-after-failed-love/healing-after-failed-love.webp,compressed
1-site-images,public/blog/images/how-energy-flow-shapes-your-physical/How-Energy-Flow-Shapes-Your-Physical.webp,public/images/blog/how-energy-flow-shapes-your-physical/How-Energy-Flow-Shapes-Your-Physical.webp,compressed
1-site-images,public/blog/images/how-to-control-anxiety-7-bhagavad-gita-ways-to-calm-your-mind-and-find-inner-peace.webp,public/images/blog/how-to-control-anxiety-7-bhagavad-gita-w-d1bf18.webp,compressed; name shortened
1-site-images,public/blog/images/how-to-do-vishwakarma-puja-in-office-2026.webp,public/images/blog/how-to-do-vishwakarma-puja-in-office-2026.webp,compressed
1-site-images,public/blog/images/how-to-make-life-a-game/how-to-make-life-a-game.jpeg,public/images/blog/how-to-make-life-a-game/how-to-make-life-a-game.webp,compressed
1-site-images,public/blog/images/how-to-reduce-stress-lord-ganesha-lessons.webp,public/images/blog/how-to-reduce-stress-lord-ganesha-lessons.webp,compressed
1-site-images,public/blog/images/how-to-stop-overthinking-bhagavad-gita.webp,public/images/blog/how-to-stop-overthinking-bhagavad-gita.webp,compressed
1-site-images,public/blog/images/impact-of-spirituality-on-academic-pursuits/Academic-Growth.png,public/images/blog/impact-of-spirituality-on-academic-pursuits/Academic-Growth.webp,compressed
1-site-images,public/blog/images/impact-of-spirituality-on-academic-pursuits/Creating-a-Balance.png,public/images/blog/impact-of-spirituality-on-academic-pursuits/Creating-a-Balance.webp,compressed
1-site-images,public/blog/images/impact-of-spirituality-on-academic-pursuits/Impact-of-Spirituality.png,public/images/blog/impact-of-spirituality-on-academic-pursuits/Impact-of-Spirituality.webp,compressed
1-site-images,public/blog/images/impact-of-spirituality-on-academic-pursuits/Increased-Creativity.png,public/images/blog/impact-of-spirituality-on-academic-pursuits/Increased-Creativity.webp,compressed
1-site-images,public/blog/images/impact-of-spirituality-on-academic-pursuits/Reducing-Anxiety.png,public/images/blog/impact-of-spirituality-on-academic-pursuits/Reducing-Anxiety.webp,compressed
1-site-images,public/blog/images/janmashtami-wishes-2026-family-friends.webp,public/images/blog/janmashtami-wishes-2026-family-friends.webp,compressed
1-site-images,public/blog/images/lord-ganesha-birth-story-ganesh-chaturthi.webp,public/images/blog/lord-ganesha-birth-story-ganesh-chaturthi.webp,compressed
1-site-images,public/blog/images/manipura-chakra/3-chakra.jpg,public/images/blog/manipura-chakra/3-chakra.webp,compressed
1-site-images,public/blog/images/manipura-chakra/Breathing-Techniques-Pranayama-manipura-chakra.jpg,public/images/blog/manipura-chakra/Breathing-Techniques-Pranayama-manipura-chakra.webp,compressed
1-site-images,public/blog/images/manipura-chakra/Manipura-Chakra-Bow-Pose.jpg,public/images/blog/manipura-chakra/Manipura-Chakra-Bow-Pose.webp,compressed
1-site-images,public/blog/images/manipura-chakra/Manipura-Chakra-Meditation.png,public/images/blog/manipura-chakra/Manipura-Chakra-Meditation.webp,compressed
1-site-images,public/blog/images/manipura-chakra/Manipura-Chakra-of-Plank-Pose.jpg,public/images/blog/manipura-chakra/Manipura-Chakra-of-Plank-Pose.webp,compressed
1-site-images,public/blog/images/manipura-chakra/Solar-Plexus-Chakra.jpg,public/images/blog/manipura-chakra/Solar-Plexus-Chakra.webp,compressed
1-site-images,public/blog/images/master-art-of-deep-relaxation/Master-the-Art-of-Deep-Relaxation-1.png,public/images/blog/master-art-of-deep-relaxation/Master-the-Art-of-Deep-Relaxation-1.webp,compressed
1-site-images,public/blog/images/master-art-of-deep-relaxation/Master-the-Art-of-Deep-Relaxation-2.png,public/images/blog/master-art-of-deep-relaxation/Master-the-Art-of-Deep-Relaxation-2.webp,compressed
1-site-images,public/blog/images/master-your-own-fate/master-your-own-fate.webp,public/images/blog/master-your-own-fate/master-your-own-fate.webp,compressed
1-site-images,public/blog/images/mastering-calm/Mastering-Calm-1.png,public/images/blog/mastering-calm/Mastering-Calm-1.webp,compressed
1-site-images,public/blog/images/mastering-calm/Mastering-Calm-2.png,public/images/blog/mastering-calm/Mastering-Calm-2.webp,compressed
1-site-images,public/blog/images/mastering-life-s-challenges/Mastering-Lifes-Challenges-1.png,public/images/blog/mastering-life-s-challenges/Mastering-Lifes-Challenges-1.webp,compressed
1-site-images,public/blog/images/mastering-life-s-challenges/Mastering-Lifes-Challenges-2.png,public/images/blog/mastering-life-s-challenges/Mastering-Lifes-Challenges-2.webp,compressed
1-site-images,public/blog/images/meditation-and-mental-health/Meditation-and-Mental-Health-1.png,public/images/blog/meditation-and-mental-health/Meditation-and-Mental-Health-1.webp,compressed
1-site-images,public/blog/images/meditation-and-mental-health/Meditation-and-Mental-Health-2.png,public/images/blog/meditation-and-mental-health/Meditation-and-Mental-Health-2.webp,compressed
1-site-images,public/blog/images/meditation-at-home/meditation-at-home.png,public/images/blog/meditation-at-home/meditation-at-home.webp,compressed
1-site-images,public/blog/images/meditation-for-kids/Meditation-for-Kids-1.png,public/images/blog/meditation-for-kids/Meditation-for-Kids-1.webp,compressed
1-site-images,public/blog/images/meditation-for-kids/Meditation-for-Kids-2.png,public/images/blog/meditation-for-kids/Meditation-for-Kids-2.webp,compressed
1-site-images,public/blog/images/meditation-for-kids/Meditation-for-Kids-3.png,public/images/blog/meditation-for-kids/Meditation-for-Kids-3.webp,compressed
1-site-images,public/blog/images/meditation-for-seniors/Meditation-for-Seniors-1.png,public/images/blog/meditation-for-seniors/Meditation-for-Seniors-1.webp,compressed
1-site-images,public/blog/images/meditation-for-seniors/Meditation-for-Seniors-2.png,public/images/blog/meditation-for-seniors/Meditation-for-Seniors-2.webp,compressed
1-site-images,public/blog/images/meditation-into-your-daily-routine/Meditation-into-Your-Daily-Routine-1.png,public/images/blog/meditation-into-your-daily-routine/Meditation-into-Your-Daily-Routine-1.webp,compressed
1-site-images,public/blog/images/meditation-into-your-daily-routine/Meditation-into-Your-Daily-Routine-2.png,public/images/blog/meditation-into-your-daily-routine/Meditation-into-Your-Daily-Routine-2.webp,compressed
1-site-images,public/blog/images/muladhara-chakra/1-chakra.jpg,public/images/blog/muladhara-chakra/1-chakra.webp,compressed
1-site-images,public/blog/images/muladhara-chakra/Jnana-Mudra-Mudra-of-Knowledge.png,public/images/blog/muladhara-chakra/Jnana-Mudra-Mudra-of-Knowledge.webp,compressed
1-site-images,public/blog/images/muladhara-chakra/Root-Chakra.jpg,public/images/blog/muladhara-chakra/Root-Chakra.webp,compressed
1-site-images,public/blog/images/navratri-2026-date-puja-timings-significance.webp,public/images/blog/navratri-2026-date-puja-timings-significance.webp,compressed
1-site-images,public/blog/images/navratri-vrat-rules-2026.webp,public/images/blog/navratri-vrat-rules-2026.webp,compressed
1-site-images,public/blog/images/negative-loop-of-mind/negative-loop-of-mind.jpeg,public/images/blog/negative-loop-of-mind/negative-loop-of-mind.webp,compressed
1-site-images,public/blog/images/negativity-within-family/Negativity-Within-Family-What-it-Looks-Like-and-How-to-Find-Peace.png,public/images/blog/negativity-within-family/Negativity-Within-Family-What-it-Looks-L-42dfcd.webp,compressed; name shortened
1-site-images,public/blog/images/optimistic-mind/7-Ways-to-Foster-an-Optimistic-Mind.jpg,public/images/blog/optimistic-mind/7-Ways-to-Foster-an-Optimistic-Mind.webp,compressed
1-site-images,public/blog/images/parsva-ekadashi-2026-date-time-parana-vrat-katha-puja-vidhi.webp,public/images/blog/parsva-ekadashi-2026-date-time-parana-vrat-katha-puja-vidhi.webp,compressed
1-site-images,public/blog/images/parsva-ekadashi-2026-vrat-katha-puja-vidhi.webp,public/images/blog/parsva-ekadashi-2026-vrat-katha-puja-vidhi.webp,compressed
1-site-images,public/blog/images/pitru-paksha-2026-meaning-significance-science-of-gratitude.webp,public/images/blog/pitru-paksha-2026-meaning-significance-science-of-gratitude.webp,compressed
1-site-images,public/blog/images/power-of-law-of-attraction/3-300x159.png,public/images/blog/power-of-law-of-attraction/3-300x159.webp,compressed
1-site-images,public/blog/images/power-of-law-of-attraction/Power-of-law-of-attraction.png,public/images/blog/power-of-law-of-attraction/Power-of-law-of-attraction.webp,compressed
1-site-images,public/blog/images/power-of-manifestaion/silence1.jpg,public/images/blog/power-of-manifestaion/silence1.webp,compressed
1-site-images,public/blog/images/power-of-manifestation-for-your-dream-life/Power-of-Manifestation-For-Your-Dream-Life.jpeg,public/images/blog/power-of-manifestation-for-your-dream-life/Power-of-Manifestation-For-Your-Dream-Life.webp,compressed
1-site-images,public/blog/images/power-of-spirituality-in-self-discovery/Power_Of_Spirituality_In_Self_Discovery.png,public/images/blog/power-of-spirituality-in-self-discovery/Power_Of_Spirituality_In_Self_Discovery.webp,compressed
1-site-images,public/blog/images/prana-energy-or-soul-energy/key-to-better-life.jpeg,public/images/blog/prana-energy-or-soul-energy/key-to-better-life.webp,compressed
1-site-images,public/blog/images/pranayama-for-high-blood-pressure/pranayama-for-high-blood-pressure-Anulom-Vilom-Pranayam-for-High-Blood-Pressure.jpg,public/images/blog/pranayama-for-high-blood-pressure/pranayama-for-high-blood-pressure-Anulom-1a2202.webp,compressed; name shortened
1-site-images,public/blog/images/pranayama-for-high-blood-pressure/pranayama-for-high-blood-pressure-Bhramari-Pranayam.jpg,public/images/blog/pranayama-for-high-blood-pressure/pranayama-for-high-blood-pressure-Bhramari-Pranayam.webp,compressed
1-site-images,public/blog/images/pranayama-for-high-blood-pressure/pranayama-for-high-blood-pressure-cover-scaled.jpg,public/images/blog/pranayama-for-high-blood-pressure/pranayama-for-high-blood-pressure-cover-scaled.webp,compressed
1-site-images,public/blog/images/pranayama-for-high-blood-pressure/pranayama-for-high-blood-pressure-Sheetali-Pranayam.jpg,public/images/blog/pranayama-for-high-blood-pressure/pranayama-for-high-blood-pressure-Sheetali-Pranayam.webp,compressed
1-site-images,public/blog/images/pranayama-for-high-blood-pressure/pranayama-for-high-blood-pressure-Ujjayi-Pranayama.jpg,public/images/blog/pranayama-for-high-blood-pressure/pranayama-for-high-blood-pressure-Ujjayi-Pranayama.webp,compressed
1-site-images,public/blog/images/radha-ashtami-significance-meaning-story.webp,public/images/blog/radha-ashtami-significance-meaning-story.webp,compressed
1-site-images,public/blog/images/radha-ashtami-wishes-2026.webp,public/images/blog/radha-ashtami-wishes-2026.webp,compressed
1-site-images,public/blog/images/radha-krishna-love-story-spiritual-meaning-eternal-love.webp,public/images/blog/radha-krishna-love-story-spiritual-meaning-eternal-love.webp,compressed
1-site-images,public/blog/images/radha-krishna-marriage-story.webp,public/images/blog/radha-krishna-marriage-story.webp,compressed
1-site-images,public/blog/images/sahasrara-chakra/7th_chakra.jpg,public/images/blog/sahasrara-chakra/7th_chakra.webp,compressed
1-site-images,public/blog/images/sahasrara-chakra/Crown-Chakra.jpg,public/images/blog/sahasrara-chakra/Crown-Chakra.webp,compressed
1-site-images,public/blog/images/sahasrara-chakra/Sahasrara-Chakra-Meditation.jpg,public/images/blog/sahasrara-chakra/Sahasrara-Chakra-Meditation.webp,compressed
1-site-images,public/blog/images/seven-chakras/1-chakra.jpg,public/images/blog/seven-chakras/1-chakra.webp,compressed
1-site-images,public/blog/images/seven-chakras/2nd_chakra.jpg,public/images/blog/seven-chakras/2nd_chakra.webp,compressed
1-site-images,public/blog/images/seven-chakras/3-chakra.jpg,public/images/blog/seven-chakras/3-chakra.webp,compressed
1-site-images,public/blog/images/seven-chakras/4-chakra.jpg,public/images/blog/seven-chakras/4-chakra.webp,compressed
1-site-images,public/blog/images/seven-chakras/5th_chakra.jpg,public/images/blog/seven-chakras/5th_chakra.webp,compressed
1-site-images,public/blog/images/seven-chakras/6-chakra.jpg,public/images/blog/seven-chakras/6-chakra.webp,compressed
1-site-images,public/blog/images/seven-chakras/7th_chakra.jpg,public/images/blog/seven-chakras/7th_chakra.webp,compressed
1-site-images,public/blog/images/seven-chakras/Crown-Chakra.jpg,public/images/blog/seven-chakras/Crown-Chakra.webp,compressed
1-site-images,public/blog/images/seven-chakras/Heart-Chakra.png,public/images/blog/seven-chakras/Heart-Chakra.webp,compressed
1-site-images,public/blog/images/seven-chakras/Root-Chakra.jpg,public/images/blog/seven-chakras/Root-Chakra.webp,compressed
1-site-images,public/blog/images/seven-chakras/Sacral-Chakra.jpg,public/images/blog/seven-chakras/Sacral-Chakra.webp,compressed
1-site-images,public/blog/images/seven-chakras/Solar-Plexus-Chakra.jpg,public/images/blog/seven-chakras/Solar-Plexus-Chakra.webp,compressed
1-site-images,public/blog/images/seven-chakras/The-Seven-Chakras.jpg,public/images/blog/seven-chakras/The-Seven-Chakras.webp,compressed
1-site-images,public/blog/images/seven-chakras/Third-Eye-Chakra.jpg,public/images/blog/seven-chakras/Third-Eye-Chakra.webp,compressed
1-site-images,public/blog/images/seven-chakras/Throat-Chakra.jpg,public/images/blog/seven-chakras/Throat-Chakra.webp,compressed
1-site-images,public/blog/images/shradh-puja-at-home-pitru-paksha-vidhi.webp,public/images/blog/shradh-puja-at-home-pitru-paksha-vidhi.webp,compressed
1-site-images,public/blog/images/shradh-puja-vidhi-at-home.webp,public/images/blog/shradh-puja-vidhi-at-home.webp,compressed
1-site-images,public/blog/images/silence-isnt-empty-its-full/silence2.jpg,public/images/blog/silence-isnt-empty-its-full/silence2.webp,compressed
1-site-images,public/blog/images/silence-isnt-empty-its-full-2/silence3.jpg,public/images/blog/silence-isnt-empty-its-full-2/silence3.webp,compressed
1-site-images,public/blog/images/silent-retreats-unveiled/Silent-Retreats-Unveiled.png,public/images/blog/silent-retreats-unveiled/Silent-Retreats-Unveiled.webp,compressed
1-site-images,public/blog/images/spiritual-practises-to-tackle-loneliness/Spiritual-Practises.jpg,public/images/blog/spiritual-practises-to-tackle-loneliness/Spiritual-Practises.webp,compressed
1-site-images,public/blog/images/spirituality-and-materialism/Spirituality-and-materialism.png,public/images/blog/spirituality-and-materialism/Spirituality-and-materialism.webp,compressed
1-site-images,public/blog/images/spiritualitys-role-in-healing-childhood-trauma/Spiritualitys-Role-in-Healing.png,public/images/blog/spiritualitys-role-in-healing-childhood-trauma/Spiritualitys-Role-in-Healing.webp,compressed
1-site-images,public/blog/images/stop-negative-thinking/10-Ways-to-Overcome-Negative-Thoughts.jpg,public/images/blog/stop-negative-thinking/10-Ways-to-Overcome-Negative-Thoughts.webp,compressed
1-site-images,public/blog/images/stress-reduction/Stress-Reduction-e1707217709944.png,public/images/blog/stress-reduction/Stress-Reduction-e1707217709944.webp,compressed
1-site-images,public/blog/images/svadhisthana-chakra/2nd_chakra.jpg,public/images/blog/svadhisthana-chakra/2nd_chakra.webp,compressed
1-site-images,public/blog/images/svadhisthana-chakra/Baddha-Konasana-Butterfly-Pose.jpg,public/images/blog/svadhisthana-chakra/Baddha-Konasana-Butterfly-Pose.webp,compressed
1-site-images,public/blog/images/svadhisthana-chakra/Bhujangasana-Cobra-Pose.jpg,public/images/blog/svadhisthana-chakra/Bhujangasana-Cobra-Pose.webp,compressed
1-site-images,public/blog/images/svadhisthana-chakra/Dhyani-Mudra-Meditation-Mudra.png,public/images/blog/svadhisthana-chakra/Dhyani-Mudra-Meditation-Mudra.webp,compressed
1-site-images,public/blog/images/svadhisthana-chakra/Sacral-Chakra.jpg,public/images/blog/svadhisthana-chakra/Sacral-Chakra.webp,compressed
1-site-images,public/blog/images/svadhisthana-chakra/Supta-Baddha-Konasana-Reclining-Bound-Angle-Pose.jpg,public/images/blog/svadhisthana-chakra/Supta-Baddha-Konasana-Reclining-Bound-Angle-Pose.webp,compressed
1-site-images,public/blog/images/the-art-of-observation/The-Art-of-Observation.webp,public/images/blog/the-art-of-observation/The-Art-of-Observation.webp,compressed
1-site-images,public/blog/images/the-science-of-breathing/2-300x159.png,public/images/blog/the-science-of-breathing/2-300x159.webp,compressed
1-site-images,public/blog/images/the-science-of-breathing/2.png,public/images/blog/the-science-of-breathing/2.webp,compressed
1-site-images,public/blog/images/unlock-a-productive-day/Unlock-a-Productive-Day-1.png,public/images/blog/unlock-a-productive-day/Unlock-a-Productive-Day-1.webp,compressed
1-site-images,public/blog/images/unlock-a-productive-day/Unlock-a-Productive-Day-2.png,public/images/blog/unlock-a-productive-day/Unlock-a-Productive-Day-2.webp,compressed
1-site-images,public/blog/images/unlock-a-productive-day/Unlock-a-Productive-Day-3.png,public/images/blog/unlock-a-productive-day/Unlock-a-Productive-Day-3.webp,compressed
1-site-images,public/blog/images/unlock-restful-nights/Unlock-Restful-Nights.png,public/images/blog/unlock-restful-nights/Unlock-Restful-Nights.webp,compressed
1-site-images,public/blog/images/unlock-the-power-of-guided-meditation/Unlock-the-Power-of-Guided-Meditation-1.png,public/images/blog/unlock-the-power-of-guided-meditation/Unlock-the-Power-of-Guided-Meditation-1.webp,compressed
1-site-images,public/blog/images/unlock-the-power-of-guided-meditation/Unlock-the-Power-of-Guided-Meditation-2.png,public/images/blog/unlock-the-power-of-guided-meditation/Unlock-the-Power-of-Guided-Meditation-2.webp,compressed
1-site-images,public/blog/images/unlock-the-power-of-your-mind/Unlock-the-Power-of-Your-Mind-1.png,public/images/blog/unlock-the-power-of-your-mind/Unlock-the-Power-of-Your-Mind-1.webp,compressed
1-site-images,public/blog/images/unlock-the-power-of-your-mind/Unlock-the-Power-of-Your-Mind-2.png,public/images/blog/unlock-the-power-of-your-mind/Unlock-the-Power-of-Your-Mind-2.webp,compressed
1-site-images,public/blog/images/unlock-the-power-of-your-mind/Unlock-the-Power-of-Your-Mind-3.png,public/images/blog/unlock-the-power-of-your-mind/Unlock-the-Power-of-Your-Mind-3.webp,compressed
1-site-images,public/blog/images/unlock-your-inner-harmony/Unlock-Your-Inner-Harmony-1.png,public/images/blog/unlock-your-inner-harmony/Unlock-Your-Inner-Harmony-1.webp,compressed
1-site-images,public/blog/images/unlock-your-inner-harmony/Unlock-Your-Inner-Harmony-2.png,public/images/blog/unlock-your-inner-harmony/Unlock-Your-Inner-Harmony-2.webp,compressed
1-site-images,public/blog/images/unlocking-creative-genius/Unlocking-Creative-Genius.png,public/images/blog/unlocking-creative-genius/Unlocking-Creative-Genius.webp,compressed
1-site-images,public/blog/images/unlocking-harmony/Unlocking-Harmony.png,public/images/blog/unlocking-harmony/Unlocking-Harmony.webp,compressed
1-site-images,public/blog/images/unlocking-wellness/Unlocking-Wellness-1.png,public/images/blog/unlocking-wellness/Unlocking-Wellness-1.webp,compressed
1-site-images,public/blog/images/unravelling-the-power-of-meditation/Unravelling-the-Power-of-Meditation-1.png,public/images/blog/unravelling-the-power-of-meditation/Unravelling-the-Power-of-Meditation-1.webp,compressed
1-site-images,public/blog/images/unravelling-the-power-of-meditation/Unravelling-the-Power-of-Meditation-2.png,public/images/blog/unravelling-the-power-of-meditation/Unravelling-the-Power-of-Meditation-2.webp,compressed
1-site-images,public/blog/images/unravelling-the-power-of-meditation/Unravelling-the-Power-of-Meditation-3.png,public/images/blog/unravelling-the-power-of-meditation/Unravelling-the-Power-of-Meditation-3.webp,compressed
1-site-images,public/blog/images/unveiling-the-harmony/Unveiling-the-Harmony.png,public/images/blog/unveiling-the-harmony/Unveiling-the-Harmony.webp,compressed
1-site-images,public/blog/images/vishuddha-chakra/Fish-Pose.jpg,public/images/blog/vishuddha-chakra/Fish-Pose.webp,compressed
1-site-images,public/blog/images/vishuddha-chakra/Granthita-Mudra-throat-chakra.png,public/images/blog/vishuddha-chakra/Granthita-Mudra-throat-chakra.webp,compressed
1-site-images,public/blog/images/vishuddha-chakra/Shoulder-Stand-Sarvangasana.jpg,public/images/blog/vishuddha-chakra/Shoulder-Stand-Sarvangasana.webp,compressed
1-site-images,public/blog/images/vishuddha-chakra/Throat-Chakra.jpg,public/images/blog/vishuddha-chakra/Throat-Chakra.webp,compressed
1-site-images,public/blog/images/vishuddha-chakra/Vishuddha-Chakra-Location.jpg,public/images/blog/vishuddha-chakra/Vishuddha-Chakra-Location.webp,compressed
1-site-images,public/blog/images/vishwakarma-puja-2026-muhurat-best-puja-time-date-and-vidhi.webp,public/images/blog/vishwakarma-puja-2026-muhurat-best-puja-time-date-and-vidhi.webp,compressed
1-site-images,public/blog/images/vishwakarma-puja-mantra.webp,public/images/blog/vishwakarma-puja-mantra.webp,compressed
1-site-images,public/blog/images/what-is-brahma-muhurta/Brahma-Muhurta-Benefits.png,public/images/blog/what-is-brahma-muhurta/Brahma-Muhurta-Benefits.webp,compressed
1-site-images,public/blog/images/what-is-brahma-muhurta/Brahma-Muhurta.jpg,public/images/blog/what-is-brahma-muhurta/Brahma-Muhurta.webp,compressed
1-site-images,public/blog/images/what-is-brahma-muhurta/what-is-brahma-muhurta.jpg,public/images/blog/what-is-brahma-muhurta/what-is-brahma-muhurta.webp,compressed
1-site-images,public/blog/images/what-is-conscious-mind/Conscious-Mind.png,public/images/blog/what-is-conscious-mind/Conscious-Mind.webp,compressed
1-site-images,public/blog/images/what-is-conscious-mind/Power-of-Conscious-Mind.png,public/images/blog/what-is-conscious-mind/Power-of-Conscious-Mind.webp,compressed
1-site-images,public/blog/images/what-is-conscious-mind/what-is-Conscious-Mind.jpg,public/images/blog/what-is-conscious-mind/what-is-Conscious-Mind.webp,compressed
1-site-images,public/blog/images/what-is-consciousness/Benefits-of-Higher-Consciousness.png,public/images/blog/what-is-consciousness/Benefits-of-Higher-Consciousness.webp,compressed
1-site-images,public/blog/images/what-is-consciousness/Spiritual-Consciousness.jpg,public/images/blog/what-is-consciousness/Spiritual-Consciousness.webp,compressed
1-site-images,public/blog/images/what-is-consciousness/What-is-Consciousness.jpeg,public/images/blog/what-is-consciousness/What-is-Consciousness.webp,compressed
1-site-images,public/blog/images/what-is-manifestation/How-Manifestation-Works.png,public/images/blog/what-is-manifestation/How-Manifestation-Works.webp,compressed
1-site-images,public/blog/images/what-is-manifestation/Manifestation-Cover.jpg,public/images/blog/what-is-manifestation/Manifestation-Cover.webp,compressed
1-site-images,public/blog/images/what-is-manifestation/What-is-Manifestation.png,public/images/blog/what-is-manifestation/What-is-Manifestation.webp,compressed
1-site-images,public/blog/images/what-is-manifestation/Why-is-My-Manifestation-not-Working.png,public/images/blog/what-is-manifestation/Why-is-My-Manifestation-not-Working.webp,compressed
1-site-images,public/blog/images/what-is-mental-health/Mental-Health.jpg,public/images/blog/what-is-mental-health/Mental-Health.webp,compressed
1-site-images,public/blog/images/what-is-mental-health/Types-of-Mental-Health-Disorders.png,public/images/blog/what-is-mental-health/Types-of-Mental-Health-Disorders.webp,compressed
1-site-images,public/blog/images/what-is-mental-health/Understand-the-Concept-of-Mental-Health.jpg,public/images/blog/what-is-mental-health/Understand-the-Concept-of-Mental-Health.webp,compressed
1-site-images,public/blog/images/what-is-mental-health/What-Is-Mental-Health.png,public/images/blog/what-is-mental-health/What-Is-Mental-Health.webp,compressed
1-site-images,public/blog/images/what-is-mental-health/Yoga-for-Mental-Health.jpg,public/images/blog/what-is-mental-health/Yoga-for-Mental-Health.webp,compressed
1-site-images,public/blog/images/what-is-non-dual-awareness.webp,public/images/blog/what-is-non-dual-awareness.webp,compressed
1-site-images,public/blog/images/what-is-peace-of-mind/Peace-of-Mind.jpg,public/images/blog/what-is-peace-of-mind/Peace-of-Mind.webp,compressed
1-site-images,public/blog/images/what-is-peace-of-mind/tStG1WUKzLlWzALbrIZdZIlzNghmpt01IupVPjoPmsLbXidDx1ODuGWPPNto8SagvsHmZz1h1tBDahRxLJbM8qqNrfKHU_aqJ8s8njnB8NOjg2u9Khy7RYSfGss4fiTqo_KO-EI9cnASMyLVhXVVuLM.png,public/images/blog/what-is-peace-of-mind/tStG1WUKzLlWzALbrIZdZIlzNghmpt01IupVPjoP-1bd69c.webp,compressed; name shortened
1-site-images,public/blog/images/what-is-positive-thinking/h-zg4NsCXZwhRqj_Q59xjCh4qAj0phqpc08T8qkgoTSxrlpFQAUsLshJNrTUyAP6S4-IzKOc-7zZjz7VFlPj-t1Lx9LeZgHEslCFvBM7_kB7rL5xzO-hxzGtyfH2isDnA1femPUdU993YmzHFr1rmSo.png,public/images/blog/what-is-positive-thinking/h-zg4NsCXZwhRqj_Q59xjCh4qAj0phqpc08T8qkg-7feed6.webp,compressed; name shortened
1-site-images,public/blog/images/what-is-positive-thinking/What-Is-Positive-Thinking.png,public/images/blog/what-is-positive-thinking/What-Is-Positive-Thinking.webp,compressed
1-site-images,public/blog/images/what-is-spiritual/How-to-become-a-spiritual-person.jpg,public/images/blog/what-is-spiritual/How-to-become-a-spiritual-person.webp,compressed
1-site-images,public/blog/images/what-is-spiritual/What-is-Spirituality.png,public/images/blog/what-is-spiritual/What-is-Spirituality.webp,compressed
1-site-images,public/blog/images/what-is-spiritual-healing/Spiritual-Healing.png,public/images/blog/what-is-spiritual-healing/Spiritual-Healing.webp,compressed
1-site-images,public/blog/images/what-is-spiritual-healing/What-is-Spiritual-Healing.jpg,public/images/blog/what-is-spiritual-healing/What-is-Spiritual-Healing.webp,compressed
1-site-images,public/blog/images/what-is-spirituality/What-is-Spirituality.jpg,public/images/blog/what-is-spirituality/What-is-Spirituality.webp,compressed
1-site-images,public/blog/images/why-14-knots-tied-anant-sutra-anant-chaturdashi.webp,public/images/blog/why-14-knots-tied-anant-sutra-anant-chaturdashi.webp,compressed
1-site-images,public/blog/images/why-do-we-fast-during-navratri.webp,public/images/blog/why-do-we-fast-during-navratri.webp,compressed
1-site-images,public/blog/images/why-durva-is-offered-to-ganesha.webp,public/images/blog/why-durva-is-offered-to-ganesha.webp,compressed
1-site-images,public/blog/images/why-ganesh-visarjan-is-done-spiritual-meaning.webp,public/images/blog/why-ganesh-visarjan-is-done-spiritual-meaning.webp,compressed
1-site-images,public/blog/images/why-modak-is-ganeshas-favourite-sweet.webp,public/images/blog/why-modak-is-ganeshas-favourite-sweet.webp,compressed
1-site-images,public/blog/images/why-no-one-understands-you/silence4.jpg,public/images/blog/why-no-one-understands-you/silence4.webp,compressed
1-site-images,public/blog/images/yoga-for-back-pain-relief/Yoga-for-Back-Pain-Relief.png,public/images/blog/yoga-for-back-pain-relief/Yoga-for-Back-Pain-Relief.webp,compressed
1-site-images,public/blog/images/yoga-for-flexibility/Yoga-for-Flexibility.png,public/images/blog/yoga-for-flexibility/Yoga-for-Flexibility.webp,compressed
1-site-images,public/blog/images/yoga-for-high-bp/8vW7z6ej9u1aVTE-mLlC_WZZBbMP6acFEsoutUqotQFD-s-ex4FOlFxS2e6aH3ZjKivmpy3G3Y19ykarJGXfnri4qVbdV05mAy_zWSHSj0rJxrMvS6qiH7ylTbAa3U_LW-e95O5YeNmgLoCj4dxvSnc.jpg,public/images/blog/yoga-for-high-bp/8vW7z6ej9u1aVTE-mLlC_WZZBbMP6acFEsoutUqo-2f0021.webp,compressed; name shortened
1-site-images,public/blog/images/yoga-for-high-bp/iBU4RjKJPHkVhSv1voOuNndGuGWE3cHN48Mi-ScQfXQyEQ92xkRmWIX1SUXbPj2UkgW8cevs45FNse42Oq_uIAB4EkvuAsO9aPnxj_Mjmm5r5V7Ccs1pL8i9O9VEdTIIMAkDOo5vgWP80CPp1XyFIAk.jpg,public/images/blog/yoga-for-high-bp/iBU4RjKJPHkVhSv1voOuNndGuGWE3cHN48Mi-ScQ-7830b3.webp,compressed; name shortened
1-site-images,public/blog/images/yoga-for-high-bp/PVNc0PNxerdVRcu82tQjMO_35d8PslVM07k-Acr-KAonS6lflUdtAn3f8xwVFrt2EAonyJUmrRMZu2efrR6Q0dk9pNenrdPo3c5RMBYP58oaZyLLpQWYmASYWoCgfwQ7YZ5FaVKAQguBytT1k8sdTZQ.jpg,public/images/blog/yoga-for-high-bp/PVNc0PNxerdVRcu82tQjMO_35d8PslVM07k-Acr-a88b6c.webp,compressed; name shortened
1-site-images,public/blog/images/yoga-for-high-bp/uXPA_bYosFwcO7717VLpktyynxCIrAMijAfan7OPNDAOcP5K0asHkvwuVqRGxrLqtSaTGjfljSywW4R3KfctSHXU1hWhsL04hjnTgI44xuQnikTrfpraNQBRPEdH6p_4DRTC0fC7l2EW7kCoYTvtux8.jpg,public/images/blog/yoga-for-high-bp/uXPA_bYosFwcO7717VLpktyynxCIrAMijAfan7OP-23d67d.webp,compressed; name shortened
1-site-images,public/blog/images/yoga-for-high-bp/yoga-for-high-bp-Child-pose-balasana.jpg,public/images/blog/yoga-for-high-bp/yoga-for-high-bp-Child-pose-balasana.webp,compressed
1-site-images,public/blog/images/yoga-for-high-bp/yoga-for-high-bp-Cover-scaled.jpg,public/images/blog/yoga-for-high-bp/yoga-for-high-bp-Cover-scaled.webp,compressed
1-site-images,public/blog/images/yoga-for-hypertension/yoga-for-hypertension-Ardha-Matsyendrasana-Half-Spinal-Twist.jpg,public/images/blog/yoga-for-hypertension/yoga-for-hypertension-Ardha-Matsyendrasana-Half-Spinal-Twist.webp,compressed
1-site-images,public/blog/images/yoga-for-hypertension/yoga-for-hypertension-cover.jpg,public/images/blog/yoga-for-hypertension/yoga-for-hypertension-cover.webp,compressed
1-site-images,public/blog/images/yoga-for-hypertension/yoga-for-hypertension-Paschimottanasana-Seated-Forward-Bend.jpeg,public/images/blog/yoga-for-hypertension/yoga-for-hypertension-Paschimottanasana-Seated-Forward-Bend.webp,compressed
1-site-images,public/blog/images/yoga-for-hypertension/yoga-for-hypertension-Virasana-Hero-Pose.jpg,public/images/blog/yoga-for-hypertension/yoga-for-hypertension-Virasana-Hero-Pose.webp,compressed
1-site-images,public/blog/images/yoga-for-peace-of-mind/Adhi-Mudra.jpg,public/images/blog/yoga-for-peace-of-mind/Adhi-Mudra.webp,compressed
1-site-images,public/blog/images/yoga-for-peace-of-mind/Apana-Mudra.jpg,public/images/blog/yoga-for-peace-of-mind/Apana-Mudra.webp,compressed
1-site-images,public/blog/images/yoga-for-peace-of-mind/Atmanjali-Mudra-Namaste-Mudra.jpg,public/images/blog/yoga-for-peace-of-mind/Atmanjali-Mudra-Namaste-Mudra.webp,compressed
1-site-images,public/blog/images/yoga-for-peace-of-mind/Benefits-of-Meditation-for-Peace-of-Mind.png,public/images/blog/yoga-for-peace-of-mind/Benefits-of-Meditation-for-Peace-of-Mind.webp,compressed
1-site-images,public/blog/images/yoga-for-peace-of-mind/Dhyani-Mudra-Meditation-Mudra.png,public/images/blog/yoga-for-peace-of-mind/Dhyani-Mudra-Meditation-Mudra.webp,compressed
1-site-images,public/blog/images/yoga-for-peace-of-mind/Hridaya-Mudra.png,public/images/blog/yoga-for-peace-of-mind/Hridaya-Mudra.webp,compressed
1-site-images,public/blog/images/yoga-for-peace-of-mind/Jnana-Mudra-Mudra-of-Knowledge.png,public/images/blog/yoga-for-peace-of-mind/Jnana-Mudra-Mudra-of-Knowledge.webp,compressed
1-site-images,public/blog/images/yoga-for-peace-of-mind/Lotus-Mudra-scaled.jpeg,public/images/blog/yoga-for-peace-of-mind/Lotus-Mudra-scaled.webp,compressed
1-site-images,public/blog/images/yoga-for-peace-of-mind/Prithivi-Mudra-Earth-Mudra.png,public/images/blog/yoga-for-peace-of-mind/Prithivi-Mudra-Earth-Mudra.webp,compressed
1-site-images,public/blog/images/yoga-for-peace-of-mind/What-is-Peace-of-Mind-Meditation.png,public/images/blog/yoga-for-peace-of-mind/What-is-Peace-of-Mind-Meditation.webp,compressed
1-site-images,public/blog/images/yoga-for-peace-of-mind/Yoga-Poses-for-Peace-of-Mind.png,public/images/blog/yoga-for-peace-of-mind/Yoga-Poses-for-Peace-of-Mind.webp,compressed
1-site-images,public/blog/images/yoga-for-weight-loss/Yoga-for-Weight-Loss.png,public/images/blog/yoga-for-weight-loss/Yoga-for-Weight-Loss.webp,compressed
1-site-images,public/blog/images/yoga-nidra/Yoga-Nidra.png,public/images/blog/yoga-nidra/Yoga-Nidra.webp,compressed
1-site-images,public/category-icons/child-150x150.webp,public/images/category-icons/child-150x150.webp,compressed
1-site-images,public/category-icons/couple-150x150.webp,public/images/category-icons/couple-150x150.webp,compressed
1-site-images,public/category-icons/family-150x150.webp,public/images/category-icons/family-150x150.webp,compressed
1-site-images,public/category-icons/headache-150x150.webp,public/images/category-icons/headache-150x150.webp,compressed
1-site-images,public/category-icons/overthinking-150x150.webp,public/images/category-icons/overthinking-150x150.webp,compressed
1-site-images,public/category-icons/sleeping-150x150.webp,public/images/category-icons/sleeping-150x150.webp,compressed
1-site-images,public/category-icons/yoga-150x150.webp,public/images/category-icons/yoga-150x150.webp,compressed
1-site-images,public/clean-golden-bg.png,public/images/clean-golden-bg.webp,compressed
1-site-images,public/contact-left-woman-cropped.png,public/images/contact-left-woman-cropped.webp,compressed
1-site-images,public/exclusive-content-user-img.png,public/images/exclusive-content-user-img.webp,compressed
1-site-images,public/exclusive-meditation-woman.png,public/images/exclusive-meditation-woman.webp,compressed
1-site-images,public/feature-cards/self-realization.png,public/images/feature-cards/self-realization.webp,compressed
1-site-images,public/feature-cards/sound-body.png,public/images/feature-cards/sound-body.webp,compressed
1-site-images,public/feature-cards/sound-mind.png,public/images/feature-cards/sound-mind.webp,compressed
1-site-images,public/feature-self-realization.png,public/images/feature-self-realization.webp,compressed
1-site-images,public/feature-sound-body.png,public/images/feature-sound-body.webp,compressed
1-site-images,public/feature-sound-mind.png,public/images/feature-sound-mind.webp,compressed
1-site-images,public/guruji-hero-chakra-new.jpg,public/images/guruji-hero-chakra-new.webp,compressed
1-site-images,public/guruji-meditation-hd.png,public/images/guruji-meditation-hd.webp,compressed
1-site-images,public/guruji-namaste-new.png,public/images/guruji-namaste-new.webp,compressed
1-site-images,public/guruji_sunrise_bg.jpg,public/images/guruji_sunrise_bg.webp,compressed
1-site-images,public/hero-amazing-bg.jpg,public/images/hero-amazing-bg.webp,compressed
1-site-images,public/hero-bg.jpg,public/images/hero-bg.webp,compressed
1-site-images,public/hero-slider/banner-1.webp,public/images/hero-slider/banner-1.webp,compressed
1-site-images,public/hero-slider/banner-2.webp,public/images/hero-slider/banner-2.webp,compressed
1-site-images,public/hero-slider/banner-3.webp,public/images/hero-slider/banner-3.webp,compressed
1-site-images,public/hero-slider/banner-4.webp,public/images/hero-slider/banner-4.webp,compressed
1-site-images,public/hero-slider/new-year-dhyan.jpg,public/images/hero-slider/new-year-dhyan.webp,compressed
1-site-images,public/hero-slider/sd-main-banner.jpg,public/images/hero-slider/sd-main-banner.webp,compressed
1-site-images,public/hero-slider/vasant-mahotsav.jpg,public/images/hero-slider/vasant-mahotsav.webp,compressed
1-site-images,public/hero-sunrise-mountains.png,public/images/hero-sunrise-mountains.webp,compressed
1-site-images,public/initiatives/annapurna-sewa.jpeg,public/images/initiatives/annapurna-sewa.jpeg,compressed
1-site-images,public/initiatives/dhyan-sewa.jpg,public/images/initiatives/dhyan-sewa.jpg,compressed
1-site-images,public/initiatives/gallery-children.webp,public/images/initiatives/gallery-children.webp,compressed
1-site-images,public/initiatives/gallery-gathering.png,public/images/initiatives/gallery-gathering.png,compressed
1-site-images,public/initiatives/gallery-kitchen.png,public/images/initiatives/gallery-kitchen.png,compressed
1-site-images,public/initiatives/gallery-meditation.webp,public/images/initiatives/gallery-meditation.webp,compressed
1-site-images,public/initiatives/nirman-sewa.jpg,public/images/initiatives/nirman-sewa.jpg,compressed
1-site-images,public/initiatives/shiksha-sewa.jpeg,public/images/initiatives/shiksha-sewa.jpeg,compressed
1-site-images,public/initiatives.png,public/images/initiatives.webp,compressed
1-site-images,public/law-of-attraction.png,public/images/law-of-attraction.webp,compressed
1-site-images,public/maha-mantras-book-left.png,public/images/maha-mantras-book-left.webp,compressed
1-site-images,public/master-your-own-fate.jpg,public/images/master-your-own-fate.webp,compressed
1-site-images,public/media/dainik-bhaskar-guru-purnima.png,public/images/media/dainik-bhaskar-guru-purnima.webp,compressed
1-site-images,public/media/dainik-bhaskar-shiksha-seva.png,public/images/media/dainik-bhaskar-shiksha-seva.webp,compressed
1-site-images,public/media/news-guru-purnima-event.png,public/images/media/news-guru-purnima-event.webp,compressed
1-site-images,public/media/news-meditation-workshop.png,public/images/media/news-meditation-workshop.webp,compressed
1-site-images,public/media/page3-news.png,public/images/media/page3-news.webp,compressed
1-site-images,public/navvarsh-dhyan-real.jpg,public/images/navvarsh-dhyan-real.webp,compressed
1-site-images,public/premium-heroes/anxiety-hero.png,public/images/premium-heroes/anxiety-hero.webp,compressed
1-site-images,public/premium-heroes/depression-hero.png,public/images/premium-heroes/depression-hero.webp,compressed
1-site-images,public/premium-heroes/overthinking-hero.png,public/images/premium-heroes/overthinking-hero.webp,compressed
1-site-images,public/premium-heroes/parenting-hero.png,public/images/premium-heroes/parenting-hero.webp,compressed
1-site-images,public/premium-heroes/relationships-hero.png,public/images/premium-heroes/relationships-hero.webp,compressed
1-site-images,public/premium-heroes/sleeping-disorder-hero.png,public/images/premium-heroes/sleeping-disorder-hero.webp,compressed
1-site-images,public/premium-heroes/wellness-hero.png,public/images/premium-heroes/wellness-hero.webp,compressed
1-site-images,public/purpose-cards/our-approach.png,public/images/purpose-cards/our-approach.webp,compressed
1-site-images,public/purpose-cards/our-goal.png,public/images/purpose-cards/our-goal.webp,compressed
1-site-images,public/purpose-cards/our-vision.png,public/images/purpose-cards/our-vision.webp,compressed
1-site-images,public/sakshi-shree-hero-portrait.png,public/images/sakshi-shree-hero-portrait.webp,compressed
1-site-images,public/self_realization.png,public/images/self_realization.webp,compressed
1-site-images,public/signature.png,public/images/signature.webp,compressed
1-site-images,public/sound_body.png,public/images/sound_body.webp,compressed
1-site-images,public/sound_mind.png,public/images/sound_mind.webp,compressed
1-site-images,public/spirituality-self-discovery.png,public/images/spirituality-self-discovery.webp,compressed
1-site-images,public/vasant-mahotsav-real.jpg,public/images/vasant-mahotsav-real.webp,compressed
1-site-images,public/wellbeing-practices-ai.png,public/images/wellbeing-practices-ai.webp,compressed
1-site-images,public/words-of-divine-wisdom.png,public/images/words-of-divine-wisdom.webp,compressed
2-wordpress-export,output/custom/e-landing-page/elementor-landing-page-9454/images/onedayshvir.jpg,public/images/old-site/custom/e-landing-page/elementor-landing-page-9454/onedayshvir.webp,copy; original kept in git a0d6a32 (output/ deleted)
2-wordpress-export,output/custom/e-landing-page/elementor-landing-page-9454/images/ussciencedivinelogo-qo6uu2kitd4nslv5mzp7jjueyi0xx8lsuyupmwuilc.png,public/images/old-site/custom/e-landing-page/elementor-landing-page-9454/ussciencedivinelogo-qo6uu2kitd4nslv5mzp7-15645a.webp,copy; original kept in git a0d6a32 (output/ deleted)
2-wordpress-export,output/custom/elementor-hf/personal-session-footer/images/powered_by_razorpay.png,public/images/old-site/custom/elementor-hf/personal-session-footer/powered_by_razorpay.webp,copy; original kept in git a0d6a32 (output/ deleted)
2-wordpress-export,output/custom/elementor_library/course-testimonials/images/reema-singh.png,public/images/old-site/custom/elementor_library/course-testimonials/reema-singh.webp,copy; original kept in git a0d6a32 (output/ deleted)
2-wordpress-export,output/custom/elementor_library/course-testimonials/images/Screen-Shot-2024-04-28-at-11.57.39-PM.png,public/images/old-site/custom/elementor_library/course-testimonials/Screen-Shot-2024-04-28-at-11.57.39-PM.webp,copy; original kept in git a0d6a32 (output/ deleted)
2-wordpress-export,output/custom/elementor_library/course-testimonials/images/Screen-Shot-2024-04-28-at-11.57.53-PM.png,public/images/old-site/custom/elementor_library/course-testimonials/Screen-Shot-2024-04-28-at-11.57.53-PM.webp,copy; original kept in git a0d6a32 (output/ deleted)
2-wordpress-export,output/custom/elementor_library/course-testimonials/images/shikha-yadav.png,public/images/old-site/custom/elementor_library/course-testimonials/shikha-yadav.webp,copy; original kept in git a0d6a32 (output/ deleted)
2-wordpress-export,output/custom/elementor_library/course-testimonials/images/som-bansal.png,public/images/old-site/custom/elementor_library/course-testimonials/som-bansal.webp,copy; original kept in git a0d6a32 (output/ deleted)
2-wordpress-export,output/custom/elementor_library/delux-stay-image-slider/images/Gurudham_deluxe_room_pic-r36ik3cdboa7qr2f7v55tn1prvt04cpaputjdftu48.jpg,public/images/old-site/custom/elementor_library/delux-stay-image-slider/Gurudham_deluxe_room_pic-r36ik3cdboa7qr2-281bdc.webp,copy; original kept in git a0d6a32 (output/ deleted)
2-wordpress-export,output/custom/elementor_library/delux-stay-image-slider/images/oyo-3773-hotel-city-square-r36ijewkdzcrcw1x6kkv0t7qbv5gk809yhuww8u2m0.jpg,public/images/old-site/custom/elementor_library/delux-stay-image-slider/oyo-3773-hotel-city-square-r36ijewkdzcrc-6b4f6f.webp,copy; original kept in git a0d6a32 (output/ deleted)
2-wordpress-export,output/custom/elementor_library/delux-stay-image-slider/images/pic1-r36ikhfy66tikwhxxj8kd1hmonvibt99rsltkl8xiw.jpg,public/images/old-site/custom/elementor_library/delux-stay-image-slider/pic1-r36ikhfy66tikwhxxj8kd1hmonvibt99rsltkl8xiw.webp,copy; original kept in git a0d6a32 (output/ deleted)
2-wordpress-export,output/custom/elementor_library/education-1-from-har-ghar-shiksha/images/WhatsApp-Image-2025-04-04-at-1.02.45-PM.jpeg,public/images/old-site/custom/elementor_library/education-1-from-har-ghar-shiksha/WhatsApp-Image-2025-04-04-at-1.02.45-PM.webp,copy; original kept in git a0d6a32 (output/ deleted)
2-wordpress-export,output/custom/elementor_library/elementor-landing-page-9093/images/Akums-Drugs-Pharmaceuticals-Ltd-150x150.png,public/images/old-site/custom/elementor_library/elementor-landing-page-9093/Akums-Drugs-Pharmaceuticals-Ltd-150x150.webp,copy; original kept in git a0d6a32 (output/ deleted)
2-wordpress-export,output/custom/elementor_library/elementor-landing-page-9093/images/HRIT-Group-of-Institutions-150x150.png,public/images/old-site/custom/elementor_library/elementor-landing-page-9093/HRIT-Group-of-Institutions-150x150.webp,copy; original kept in git a0d6a32 (output/ deleted)
2-wordpress-export,output/custom/elementor_library/elementor-landing-page-9093/images/Indian-Pharmacopoeia-Commission-150x150.png,public/images/old-site/custom/elementor_library/elementor-landing-page-9093/Indian-Pharmacopoeia-Commission-150x150.webp,copy; original kept in git a0d6a32 (output/ deleted)
2-wordpress-export,output/custom/elementor_library/elementor-landing-page-9093/images/Institute-of-Technology-Science-ITS-Ghaziabad-150x150.png,public/images/old-site/custom/elementor_library/elementor-landing-page-9093/Institute-of-Technology-Science-ITS-Ghaziabad-150x150.webp,copy; original kept in git a0d6a32 (output/ deleted)
2-wordpress-export,output/custom/elementor_library/elementor-landing-page-9093/images/Jind-Institute-of-Engineering-Technology-150x150.png,public/images/old-site/custom/elementor_library/elementor-landing-page-9093/Jind-Institute-of-Engineering-Technology-150x150.webp,copy; original kept in git a0d6a32 (output/ deleted)
2-wordpress-export,output/custom/elementor_library/elementor-landing-page-9093/images/Mewar-Group-of-Institutions-150x150.gif,public/images/old-site/custom/elementor_library/elementor-landing-page-9093/Mewar-Group-of-Institutions-150x150.gif,copy; original kept in git a0d6a32 (output/ deleted)
2-wordpress-export,output/custom/elementor_library/elementor-landing-page-9093/images/National-Dope-Testing-Laboratory-New-Delhi-150x150.png,public/images/old-site/custom/elementor_library/elementor-landing-page-9093/National-Dope-Testing-Laboratory-New-Delhi-150x150.webp,copy; original kept in git a0d6a32 (output/ deleted)
2-wordpress-export,output/custom/elementor_library/elementor-landing-page-9093/images/Pharmacopoeia-Commission-for-Indian-Medicine-Homoeopathy-150x150.png,public/images/old-site/custom/elementor_library/elementor-landing-page-9093/Pharmacopoeia-Commission-for-Indian-Medi-c50bfd.webp,copy; original kept in git a0d6a32 (output/ deleted)
2-wordpress-export,output/custom/elementor_library/elementor-landing-page-9093/images/Raj-Kumar-Goel-Institute-of-Technology-150x150.png,public/images/old-site/custom/elementor_library/elementor-landing-page-9093/Raj-Kumar-Goel-Institute-of-Technology-150x150.webp,copy; original kept in git a0d6a32 (output/ deleted)
2-wordpress-export,output/custom/elementor_library/elementor-landing-page-9093/images/Sanskar-Educational-Group.png,public/images/old-site/custom/elementor_library/elementor-landing-page-9093/Sanskar-Educational-Group.webp,copy; original kept in git a0d6a32 (output/ deleted)
2-wordpress-export,output/custom/elementor_library/elementor-single-product-4846/images/1f308.svg,public/images/old-site/custom/elementor_library/elementor-single-product-4846/1f308.svg,copy; original kept in git a0d6a32 (output/ deleted)
2-wordpress-export,output/custom/elementor_library/elementor-single-product-4846/images/1f319.svg,public/images/old-site/custom/elementor_library/elementor-single-product-4846/1f319.svg,copy; original kept in git a0d6a32 (output/ deleted)
2-wordpress-export,output/custom/elementor_library/elementor-single-product-4846/images/1f31f.svg,public/images/old-site/custom/elementor_library/elementor-single-product-4846/1f31f.svg,copy; original kept in git a0d6a32 (output/ deleted)
2-wordpress-export,output/custom/elementor_library/elementor-single-product-4846/images/1f4ad.svg,public/images/old-site/custom/elementor_library/elementor-single-product-4846/1f4ad.svg,copy; original kept in git a0d6a32 (output/ deleted)
2-wordpress-export,output/custom/elementor_library/elementor-single-product-4846/images/1f4d6.svg,public/images/old-site/custom/elementor_library/elementor-single-product-4846/1f4d6.svg,copy; original kept in git a0d6a32 (output/ deleted)
2-wordpress-export,output/custom/elementor_library/elementor-single-product-4846/images/1f52e.svg,public/images/old-site/custom/elementor_library/elementor-single-product-4846/1f52e.svg,copy; original kept in git a0d6a32 (output/ deleted)
2-wordpress-export,output/custom/elementor_library/elementor-single-product-4846/images/1f680.svg,public/images/old-site/custom/elementor_library/elementor-single-product-4846/1f680.svg,copy; original kept in git a0d6a32 (output/ deleted)
2-wordpress-export,output/custom/elementor_library/elementor-single-product-4846/images/349228-5.png,public/images/old-site/custom/elementor_library/elementor-single-product-4846/349228-5.webp,copy; original kept in git a0d6a32 (output/ deleted)
2-wordpress-export,output/custom/elementor_library/elementor-single-product-4846/images/3a782bfd8e0090ff680d41f5c7c4257a.png,public/images/old-site/custom/elementor_library/elementor-single-product-4846/3a782bfd8e0090ff680d41f5c7c4257a.webp,copy; original kept in git a0d6a32 (output/ deleted)
2-wordpress-export,output/custom/elementor_library/elementor-single-product-4846/images/AES256_x42_27816341-5fcc-4f3e-b453-bf5d639ded42-5.png,public/images/old-site/custom/elementor_library/elementor-single-product-4846/AES256_x42_27816341-5fcc-4f3e-b453-bf5d639ded42-5.webp,copy; original kept in git a0d6a32 (output/ deleted)
2-wordpress-export,output/custom/elementor_library/elementor-single-product-4846/images/brotherhood-qd2e7quxn50j3fpexvqo52l6la9f265h5qteug4z1w.png,public/images/old-site/custom/elementor_library/elementor-single-product-4846/brotherhood-qd2e7quxn50j3fpexvqo52l6la9f265h5qteug4z1w.webp,copy; original kept in git a0d6a32 (output/ deleted)
2-wordpress-export,output/custom/elementor_library/elementor-single-product-4846/images/brotherhood.png,public/images/old-site/custom/elementor_library/elementor-single-product-4846/brotherhood.webp,copy; original kept in git a0d6a32 (output/ deleted)
2-wordpress-export,output/custom/elementor_library/elementor-single-product-4846/images/calendar-1-4.png,public/images/old-site/custom/elementor_library/elementor-single-product-4846/calendar-1-4.webp,copy; original kept in git a0d6a32 (output/ deleted)
2-wordpress-export,output/custom/elementor_library/elementor-single-product-4846/images/clean-3.png,public/images/old-site/custom/elementor_library/elementor-single-product-4846/clean-3.webp,copy; original kept in git a0d6a32 (output/ deleted)
2-wordpress-export,output/custom/elementor_library/elementor-single-product-4846/images/download-12.jpeg,public/images/old-site/custom/elementor_library/elementor-single-product-4846/download-12.webp,copy; original kept in git a0d6a32 (output/ deleted)
2-wordpress-export,output/custom/elementor_library/elementor-single-product-4846/images/download-63-5.png,public/images/old-site/custom/elementor_library/elementor-single-product-4846/download-63-5.webp,copy; original kept in git a0d6a32 (output/ deleted)
2-wordpress-export,output/custom/elementor_library/elementor-single-product-4846/images/expectation-qd2e7whys58913h80y6fk15y5lhmccrv6iqbq3wm0k.png,public/images/old-site/custom/elementor_library/elementor-single-product-4846/expectation-qd2e7whys58913h80y6fk15y5lhmccrv6iqbq3wm0k.webp,copy; original kept in git a0d6a32 (output/ deleted)
2-wordpress-export,output/custom/elementor_library/elementor-single-product-4846/images/expectation.png,public/images/old-site/custom/elementor_library/elementor-single-product-4846/expectation.webp,copy; original kept in git a0d6a32 (output/ deleted)
2-wordpress-export,output/custom/elementor_library/elementor-single-product-4846/images/feather-1-4.png,public/images/old-site/custom/elementor_library/elementor-single-product-4846/feather-1-4.webp,copy; original kept in git a0d6a32 (output/ deleted)
2-wordpress-export,output/custom/elementor_library/elementor-single-product-4846/images/gold-4.png,public/images/old-site/custom/elementor_library/elementor-single-product-4846/gold-4.webp,copy; original kept in git a0d6a32 (output/ deleted)
2-wordpress-export,output/custom/elementor_library/elementor-single-product-4846/images/Mastercard-1320568127572298248-5.png,public/images/old-site/custom/elementor_library/elementor-single-product-4846/Mastercard-1320568127572298248-5.webp,copy; original kept in git a0d6a32 (output/ deleted)
2-wordpress-export,output/custom/elementor_library/elementor-single-product-4846/images/philosophy-qd2e7o1f2mwo4ltiecisflast4nbf2ua5cuyem95kk.png,public/images/old-site/custom/elementor_library/elementor-single-product-4846/philosophy-qd2e7o1f2mwo4ltiecisflast4nbf2ua5cuyem95kk.webp,copy; original kept in git a0d6a32 (output/ deleted)
2-wordpress-export,output/custom/elementor_library/elementor-single-product-4846/images/philosophy.png,public/images/old-site/custom/elementor_library/elementor-single-product-4846/philosophy.webp,copy; original kept in git a0d6a32 (output/ deleted)
2-wordpress-export,output/custom/elementor_library/elementor-single-product-4846/images/subconscious-qd2e7px3gaz8rtqs3dc1kktpzwe1uh1qtm5xd66d84.png,public/images/old-site/custom/elementor_library/elementor-single-product-4846/subconscious-qd2e7px3gaz8rtqs3dc1kktpzwe1uh1qtm5xd66d84.webp,copy; original kept in git a0d6a32 (output/ deleted)
2-wordpress-export,output/custom/elementor_library/elementor-single-product-4846/images/subconscious.png,public/images/old-site/custom/elementor_library/elementor-single-product-4846/subconscious.webp,copy; original kept in git a0d6a32 (output/ deleted)
2-wordpress-export,output/custom/elementor_library/elementor-single-product-4846/images/upi-ar21-5.png,public/images/old-site/custom/elementor_library/elementor-single-product-4846/upi-ar21-5.webp,copy; original kept in git a0d6a32 (output/ deleted)
2-wordpress-export,output/custom/elementor_library/elementor-single-product-4846/images/Visa_Inc._logo-5.png,public/images/old-site/custom/elementor_library/elementor-single-product-4846/Visa_Inc._logo-5.webp,copy; original kept in git a0d6a32 (output/ deleted)
2-wordpress-export,output/custom/elementor_library/empowering-testimonials/images/reema-singh.png,public/images/old-site/custom/elementor_library/empowering-testimonials/reema-singh.webp,copy; original kept in git a0d6a32 (output/ deleted)
2-wordpress-export,output/custom/elementor_library/empowering-testimonials/images/Screen-Shot-2023-09-28-at-11.30.38-AM.png,public/images/old-site/custom/elementor_library/empowering-testimonials/Screen-Shot-2023-09-28-at-11.30.38-AM.webp,copy; original kept in git a0d6a32 (output/ deleted)
2-wordpress-export,output/custom/elementor_library/empowering-testimonials/images/Screen-Shot-2024-04-28-at-11.57.53-PM.png,public/images/old-site/custom/elementor_library/empowering-testimonials/Screen-Shot-2024-04-28-at-11.57.53-PM.webp,copy; original kept in git a0d6a32 (output/ deleted)
2-wordpress-export,output/custom/elementor_library/empowering-testimonials/images/shikha-yadav.png,public/images/old-site/custom/elementor_library/empowering-testimonials/shikha-yadav.webp,copy; original kept in git a0d6a32 (output/ deleted)
2-wordpress-export,output/custom/elementor_library/empowering-testimonials/images/som-bansal.png,public/images/old-site/custom/elementor_library/empowering-testimonials/som-bansal.webp,copy; original kept in git a0d6a32 (output/ deleted)
2-wordpress-export,output/custom/elementor_library/events-gallery/images/16-june-session-1.00_05_02_21.Still001.jpg,public/images/old-site/custom/elementor_library/events-gallery/16-june-session-1.00_05_02_21.Still001.webp,copy; original kept in git a0d6a32 (output/ deleted)
2-wordpress-export,output/custom/elementor_library/events-gallery/images/16-june-session-1.00_08_56_05.Still002.jpg,public/images/old-site/custom/elementor_library/events-gallery/16-june-session-1.00_08_56_05.Still002.webp,copy; original kept in git a0d6a32 (output/ deleted)
2-wordpress-export,output/custom/elementor_library/events-gallery/images/17-june-session-2.08_40_59_09.Still001.jpg,public/images/old-site/custom/elementor_library/events-gallery/17-june-session-2.08_40_59_09.Still001.webp,copy; original kept in git a0d6a32 (output/ deleted)
2-wordpress-export,output/custom/elementor_library/events-gallery/images/17-june-session-2.08_47_27_23.Still002.jpg,public/images/old-site/custom/elementor_library/events-gallery/17-june-session-2.08_47_27_23.Still002.webp,copy; original kept in git a0d6a32 (output/ deleted)
2-wordpress-export,output/custom/elementor_library/events-gallery/images/18-june-session1.00_39_38_21.Still004.jpg,public/images/old-site/custom/elementor_library/events-gallery/18-june-session1.00_39_38_21.Still004.webp,copy; original kept in git a0d6a32 (output/ deleted)
2-wordpress-export,output/custom/elementor_library/events-gallery/images/18-june-session1.00_40_30_12.Still005.jpg,public/images/old-site/custom/elementor_library/events-gallery/18-june-session1.00_40_30_12.Still005.webp,copy; original kept in git a0d6a32 (output/ deleted)
2-wordpress-export,output/custom/elementor_library/events-gallery/images/18-june-session1.01_38_43_12.Still006.jpg,public/images/old-site/custom/elementor_library/events-gallery/18-june-session1.01_38_43_12.Still006.webp,copy; original kept in git a0d6a32 (output/ deleted)
2-wordpress-export,output/custom/elementor_library/events-gallery/images/18-june-session1.02_13_10_13.Still007.jpg,public/images/old-site/custom/elementor_library/events-gallery/18-june-session1.02_13_10_13.Still007.webp,copy; original kept in git a0d6a32 (output/ deleted)
2-wordpress-export,output/custom/elementor_library/events-gallery/images/18-june-session1.02_13_17_22.Still009.jpg,public/images/old-site/custom/elementor_library/events-gallery/18-june-session1.02_13_17_22.Still009.webp,copy; original kept in git a0d6a32 (output/ deleted)
2-wordpress-export,output/custom/elementor_library/events-gallery/images/18-june-session1.02_13_50_19.Still008.jpg,public/images/old-site/custom/elementor_library/events-gallery/18-june-session1.02_13_50_19.Still008.webp,copy; original kept in git a0d6a32 (output/ deleted)
2-wordpress-export,output/custom/elementor_library/events-gallery/images/18-june-session1.02_14_07_24.Still011.jpg,public/images/old-site/custom/elementor_library/events-gallery/18-june-session1.02_14_07_24.Still011.webp,copy; original kept in git a0d6a32 (output/ deleted)
2-wordpress-export,output/custom/elementor_library/events-gallery/images/18-june-session1.02_14_10_24.Still010.jpg,public/images/old-site/custom/elementor_library/events-gallery/18-june-session1.02_14_10_24.Still010.webp,copy; original kept in git a0d6a32 (output/ deleted)
2-wordpress-export,output/custom/elementor_library/events-gallery/images/DJI_0513-scaled.jpg,public/images/old-site/custom/elementor_library/events-gallery/DJI_0513-scaled.webp,copy; original kept in git a0d6a32 (output/ deleted)
2-wordpress-export,output/custom/elementor_library/events-gallery/images/DJI_0554.jpg,public/images/old-site/custom/elementor_library/events-gallery/DJI_0554.webp,copy; original kept in git a0d6a32 (output/ deleted)
2-wordpress-export,output/custom/elementor_library/events-gallery/images/DJI_0589-scaled.jpg,public/images/old-site/custom/elementor_library/events-gallery/DJI_0589-scaled.webp,copy; original kept in git a0d6a32 (output/ deleted)
2-wordpress-export,output/custom/elementor_library/events-gallery/images/DJI_0619.jpg,public/images/old-site/custom/elementor_library/events-gallery/DJI_0619.webp,copy; original kept in git a0d6a32 (output/ deleted)
2-wordpress-export,output/custom/elementor_library/events-gallery/images/DJI_0640-scaled.jpg,public/images/old-site/custom/elementor_library/events-gallery/DJI_0640-scaled.webp,copy; original kept in git a0d6a32 (output/ deleted)
2-wordpress-export,output/custom/elementor_library/events-gallery/images/DJI_0651.jpg,public/images/old-site/custom/elementor_library/events-gallery/DJI_0651.webp,copy; original kept in git a0d6a32 (output/ deleted)
2-wordpress-export,output/custom/elementor_library/events-gallery/images/DJI_0689-scaled.jpg,public/images/old-site/custom/elementor_library/events-gallery/DJI_0689-scaled.webp,copy; original kept in git a0d6a32 (output/ deleted)
2-wordpress-export,output/custom/elementor_library/events-gallery/images/DJI_0897.jpg,public/images/old-site/custom/elementor_library/events-gallery/DJI_0897.webp,copy; original kept in git a0d6a32 (output/ deleted)
2-wordpress-export,output/custom/elementor_library/events-gallery/images/DJI_0928-scaled.jpg,public/images/old-site/custom/elementor_library/events-gallery/DJI_0928-scaled.webp,copy; original kept in git a0d6a32 (output/ deleted)
2-wordpress-export,output/custom/elementor_library/events-gallery/images/DJI_0942.jpg,public/images/old-site/custom/elementor_library/events-gallery/DJI_0942.webp,copy; original kept in git a0d6a32 (output/ deleted)
2-wordpress-export,output/custom/elementor_library/events-gallery/images/DJI_0949.jpg,public/images/old-site/custom/elementor_library/events-gallery/DJI_0949.webp,copy; original kept in git a0d6a32 (output/ deleted)
2-wordpress-export,output/custom/elementor_library/events-gallery/images/DJI_0961.jpg,public/images/old-site/custom/elementor_library/events-gallery/DJI_0961.webp,copy; original kept in git a0d6a32 (output/ deleted)
2-wordpress-export,output/custom/elementor_library/events-gallery/images/IMG_0136-scaled.jpg,public/images/old-site/custom/elementor_library/events-gallery/IMG_0136-scaled.webp,copy; original kept in git a0d6a32 (output/ deleted)
2-wordpress-export,output/custom/elementor_library/events-gallery/images/IMG_0183-scaled.jpg,public/images/old-site/custom/elementor_library/events-gallery/IMG_0183-scaled.webp,copy; original kept in git a0d6a32 (output/ deleted)
2-wordpress-export,output/custom/elementor_library/events-gallery/images/IMG_0329-scaled.jpg,public/images/old-site/custom/elementor_library/events-gallery/IMG_0329-scaled.webp,copy; original kept in git a0d6a32 (output/ deleted)
2-wordpress-export,output/custom/elementor_library/events-gallery/images/IMG_0334.jpg,public/images/old-site/custom/elementor_library/events-gallery/IMG_0334.webp,copy; original kept in git a0d6a32 (output/ deleted)
2-wordpress-export,output/custom/elementor_library/events-gallery/images/IMG_0398-scaled.jpg,public/images/old-site/custom/elementor_library/events-gallery/IMG_0398-scaled.webp,copy; original kept in git a0d6a32 (output/ deleted)
2-wordpress-export,output/custom/elementor_library/events-gallery/images/Sequence-20.00_14_26_14.Still001.jpg,public/images/old-site/custom/elementor_library/events-gallery/Sequence-20.00_14_26_14.Still001.webp,copy; original kept in git a0d6a32 (output/ deleted)
2-wordpress-export,output/custom/elementor_library/events-gallery/images/Sequence-20.00_27_16_08.Still002.jpg,public/images/old-site/custom/elementor_library/events-gallery/Sequence-20.00_27_16_08.Still002.webp,copy; original kept in git a0d6a32 (output/ deleted)
2-wordpress-export,output/custom/elementor_library/events-gallery/images/Sequence-20.00_38_57_17.Still003.jpg,public/images/old-site/custom/elementor_library/events-gallery/Sequence-20.00_38_57_17.Still003.webp,copy; original kept in git a0d6a32 (output/ deleted)
2-wordpress-export,output/custom/elementor_library/events-gallery/images/Sequence-20.00_40_14_23.Still004.jpg,public/images/old-site/custom/elementor_library/events-gallery/Sequence-20.00_40_14_23.Still004.webp,copy; original kept in git a0d6a32 (output/ deleted)
2-wordpress-export,output/custom/elementor_library/events-gallery/images/Sequence-20.00_41_56_21.Still005.jpg,public/images/old-site/custom/elementor_library/events-gallery/Sequence-20.00_41_56_21.Still005.webp,copy; original kept in git a0d6a32 (output/ deleted)
2-wordpress-export,output/custom/elementor_library/footer-3/images/image-15.png,public/images/old-site/custom/elementor_library/footer-3/image-15.webp,copy; original kept in git a0d6a32 (output/ deleted)
2-wordpress-export,output/custom/elementor_library/footer-3/images/image-16.png,public/images/old-site/custom/elementor_library/footer-3/image-16.webp,copy; original kept in git a0d6a32 (output/ deleted)
2-wordpress-export,output/custom/elementor_library/footer/images/cropped-SD_logo.png,public/images/old-site/custom/elementor_library/footer/cropped-SD_logo.webp,copy; original kept in git a0d6a32 (output/ deleted)
2-wordpress-export,output/custom/elementor_library/header-landing/images/us-celefornia-sciencedivinelogo.png,public/images/old-site/custom/elementor_library/header-landing/us-celefornia-sciencedivinelogo.webp,copy; original kept in git a0d6a32 (output/ deleted)
2-wordpress-export,output/custom/elementor_library/header-landing/images/ussciencedivinelogo-qo6uu2kitd4nslv5mzp7jjueyi0xx8lsuyupmwuilc.png,public/images/old-site/custom/elementor_library/header-landing/ussciencedivinelogo-qo6uu2kitd4nslv5mzp7-15645a.webp,copy; original kept in git a0d6a32 (output/ deleted)
2-wordpress-export,output/custom/elementor_library/header-landing/images/ussciencedivinelogo.png,public/images/old-site/custom/elementor_library/header-landing/ussciencedivinelogo.webp,copy; original kept in git a0d6a32 (output/ deleted)
2-wordpress-export,output/custom/elementor_library/header/images/cropped-SD_logo.png,public/images/old-site/custom/elementor_library/header/cropped-SD_logo.webp,copy; original kept in git a0d6a32 (output/ deleted)
2-wordpress-export,output/custom/elementor_library/header/images/sdf-logo-monochrome-1.png,public/images/old-site/custom/elementor_library/header/sdf-logo-monochrome-1.webp,copy; original kept in git a0d6a32 (output/ deleted)
2-wordpress-export,output/custom/elementor_library/header/images/sdf-logo-monochrome.png,public/images/old-site/custom/elementor_library/header/sdf-logo-monochrome.webp,copy; original kept in git a0d6a32 (output/ deleted)
2-wordpress-export,output/custom/elementor_library/includesample1-2/images/nightwing1218__geometric_logo_in_the_center_is_a_silhouette_of__c3ddaa01-49be-43c7-b069-de9b901a3e5b-removebg-preview.png,public/images/old-site/custom/elementor_library/includesample1-2/nightwing1218__geometric_logo_in_the_cen-321af7.webp,copy; original kept in git a0d6a32 (output/ deleted)
2-wordpress-export,output/custom/elementor_library/includesample1-3/images/sandrahe2024_create_an_abstract_logo_for_a_start-up_in_the_food_94081d1e-79cb-4031-a7a7-dba7f1e1f1d4-removebg-preview.png,public/images/old-site/custom/elementor_library/includesample1-3/sandrahe2024_create_an_abstract_logo_for-32e5a4.webp,copy; original kept in git a0d6a32 (output/ deleted)
2-wordpress-export,output/custom/elementor_library/includesample1-4/images/krislalev_A_minimalist_spiritual_logo_design_featuring_two_wome_64633a50-7aab-423d-b59b-74bf27510649-removebg-preview.png,public/images/old-site/custom/elementor_library/includesample1-4/krislalev_A_minimalist_spiritual_logo_de-730795.webp,copy; original kept in git a0d6a32 (output/ deleted)
2-wordpress-export,output/custom/elementor_library/includesample1/images/krislalev_A_minimalist_spiritual_logo_design_featuring_two_wome_64633a50-7aab-423d-b59b-74bf27510649-removebg-preview.png,public/images/old-site/custom/elementor_library/includesample1/krislalev_A_minimalist_spiritual_logo_de-730795.webp,copy; original kept in git a0d6a32 (output/ deleted)
2-wordpress-export,output/custom/elementor_library/includesample4/images/mikael7656_a_simple_icon_for_a_tribe_of_breathwork_instructors__0919651b-9103-4307-a6c5-052f5c262ce1-removebg-preview.png,public/images/old-site/custom/elementor_library/includesample4/mikael7656_a_simple_icon_for_a_tribe_of-3f0871.webp,copy; original kept in git a0d6a32 (output/ deleted)
2-wordpress-export,output/custom/elementor_library/landing-tab-content-copy-2/images/Anxiety-Quote-1.jpg,public/images/old-site/custom/elementor_library/landing-tab-content-copy-2/Anxiety-Quote-1.webp,copy; original kept in git a0d6a32 (output/ deleted)
2-wordpress-export,output/custom/elementor_library/landing-tab-content-copy-2/images/Anxiety-Quote-2.jpg,public/images/old-site/custom/elementor_library/landing-tab-content-copy-2/Anxiety-Quote-2.webp,copy; original kept in git a0d6a32 (output/ deleted)
2-wordpress-export,output/custom/elementor_library/landing-tab-content-copy-2/images/Anxiety-Quote-3.jpg,public/images/old-site/custom/elementor_library/landing-tab-content-copy-2/Anxiety-Quote-3.webp,copy; original kept in git a0d6a32 (output/ deleted)
2-wordpress-export,output/custom/elementor_library/landing-tab-content-copy-2/images/Anxiety-Quote-4.jpg,public/images/old-site/custom/elementor_library/landing-tab-content-copy-2/Anxiety-Quote-4.webp,copy; original kept in git a0d6a32 (output/ deleted)
2-wordpress-export,output/custom/elementor_library/landing-tab-content-copy-2/images/Anxiety-Quote-5.jpg,public/images/old-site/custom/elementor_library/landing-tab-content-copy-2/Anxiety-Quote-5.webp,copy; original kept in git a0d6a32 (output/ deleted)
2-wordpress-export,output/custom/elementor_library/landing-tab-content-copy-2/images/Anxiety-Quote-6.jpg,public/images/old-site/custom/elementor_library/landing-tab-content-copy-2/Anxiety-Quote-6.webp,copy; original kept in git a0d6a32 (output/ deleted)
2-wordpress-export,output/custom/elementor_library/landing-tab-content-copy-2/images/Anxiety-Quote-7.jpg,public/images/old-site/custom/elementor_library/landing-tab-content-copy-2/Anxiety-Quote-7.webp,copy; original kept in git a0d6a32 (output/ deleted)
2-wordpress-export,output/custom/elementor_library/landing-tab-content-copy-2/images/Anxiety-Quote-8.jpg,public/images/old-site/custom/elementor_library/landing-tab-content-copy-2/Anxiety-Quote-8.webp,copy; original kept in git a0d6a32 (output/ deleted)
2-wordpress-export,output/custom/elementor_library/landing-tab-content-copy-2/images/Anxiety-Quote-9.jpg,public/images/old-site/custom/elementor_library/landing-tab-content-copy-2/Anxiety-Quote-9.webp,copy; original kept in git a0d6a32 (output/ deleted)
2-wordpress-export,output/custom/elementor_library/leaders-testimonial-block/images/Ajay-Bhatt-scaled.webp,public/images/old-site/custom/elementor_library/leaders-testimonial-block/Ajay-Bhatt-scaled.webp,copy; original kept in git a0d6a32 (output/ deleted)
2-wordpress-export,output/custom/elementor_library/leaders-testimonial-block/images/Anil-Bachoo-scaled.webp,public/images/old-site/custom/elementor_library/leaders-testimonial-block/Anil-Bachoo-scaled.webp,copy; original kept in git a0d6a32 (output/ deleted)
2-wordpress-export,output/custom/elementor_library/leaders-testimonial-block/images/Anil-Gupta-scaled.webp,public/images/old-site/custom/elementor_library/leaders-testimonial-block/Anil-Gupta-scaled.webp,copy; original kept in git a0d6a32 (output/ deleted)
2-wordpress-export,output/custom/elementor_library/leaders-testimonial-block/images/H-H-Chandrikapersad-Chan-Santokhi-scaled.webp,public/images/old-site/custom/elementor_library/leaders-testimonial-block/H-H-Chandrikapersad-Chan-Santokhi-scaled.webp,copy; original kept in git a0d6a32 (output/ deleted)
2-wordpress-export,output/custom/elementor_library/leaders-testimonial-block/images/Kailash-chaudhary-scaled.webp,public/images/old-site/custom/elementor_library/leaders-testimonial-block/Kailash-chaudhary-scaled.webp,copy; original kept in git a0d6a32 (output/ deleted)
2-wordpress-export,output/custom/elementor_library/leaders-testimonial-block/images/Mr-DC-Jain-scaled.webp,public/images/old-site/custom/elementor_library/leaders-testimonial-block/Mr-DC-Jain-scaled.webp,copy; original kept in git a0d6a32 (output/ deleted)
2-wordpress-export,output/custom/elementor_library/leaders-testimonial-block/images/Rajnath-Singh-With-Sakshi-Shree-1-scaled.webp,public/images/old-site/custom/elementor_library/leaders-testimonial-block/Rajnath-Singh-With-Sakshi-Shree-1-scaled.webp,copy; original kept in git a0d6a32 (output/ deleted)
2-wordpress-export,output/custom/elementor_library/leaders-testimonial-block/images/Vikram-Sampat-scaled.webp,public/images/old-site/custom/elementor_library/leaders-testimonial-block/Vikram-Sampat-scaled.webp,copy; original kept in git a0d6a32 (output/ deleted)
2-wordpress-export,output/custom/elementor_library/meditation-har-ghar-shiksha/images/IMG_6954-1-1024x409.webp,public/images/old-site/custom/elementor_library/meditation-har-ghar-shiksha/IMG_6954-1-1024x409.webp,copy; original kept in git a0d6a32 (output/ deleted)
2-wordpress-export,output/custom/elementor_library/podcast-all-copy-2/images/Rectangle-294.png,public/images/old-site/custom/elementor_library/podcast-all-copy-2/Rectangle-294.webp,copy; original kept in git a0d6a32 (output/ deleted)
2-wordpress-export,output/custom/elementor_library/podcast-all/images/Recording.png,public/images/old-site/custom/elementor_library/podcast-all/Recording.webp,copy; original kept in git a0d6a32 (output/ deleted)
2-wordpress-export,output/custom/elementor_library/sample1/images/hyeonuji8432_Create_a_minimalist_logo_of_a_person_meditating_si_0ae6b67d-ecee-4781-9a7b-2855a2a408ee-removebg-preview.png,public/images/old-site/custom/elementor_library/sample1/hyeonuji8432_Create_a_minimalist_logo_of-e12eda.webp,copy; original kept in git a0d6a32 (output/ deleted)
2-wordpress-export,output/custom/elementor_library/sample1/images/u4497537447_logo_for_breath_business_called_Soma_Yama_Breath_-_db321283-c528-4110-a753-ee6e700d29b1-removebg-preview.png,public/images/old-site/custom/elementor_library/sample1/u4497537447_logo_for_breath_business_cal-f626c0.webp,copy; original kept in git a0d6a32 (output/ deleted)
2-wordpress-export,output/custom/elementor_library/sample1/images/xaltro._Logo_for_a_YouTube_meditation_channel_minimalist_design_537dfaf8-2c33-4988-a8d7-7e2f4ccc016e-removebg-preview.png,public/images/old-site/custom/elementor_library/sample1/xaltro._Logo_for_a_YouTube_meditation_ch-6c42b7.webp,copy; original kept in git a0d6a32 (output/ deleted)
2-wordpress-export,output/custom/elementor_library/sample2/images/danidelast_34402_logo_for_mental_health_podcast_minimalistic_el_db1329ce-cc04-43e4-81b2-ec7e6367a0e8-removebg-preview.png,public/images/old-site/custom/elementor_library/sample2/danidelast_34402_logo_for_mental_health-2bbefa.webp,copy; original kept in git a0d6a32 (output/ deleted)
2-wordpress-export,output/custom/elementor_library/sample2/images/mikael7656_a_simple_icon_for_a_tribe_of_breathwork_instructors__0919651b-9103-4307-a6c5-052f5c262ce1-removebg-preview.png,public/images/old-site/custom/elementor_library/sample2/mikael7656_a_simple_icon_for_a_tribe_of-3f0871.webp,copy; original kept in git a0d6a32 (output/ deleted)
2-wordpress-export,output/custom/elementor_library/sample2/images/nightwing1218__geometric_logo_in_the_center_is_a_silhouette_of__c3ddaa01-49be-43c7-b069-de9b901a3e5b-removebg-preview.png,public/images/old-site/custom/elementor_library/sample2/nightwing1218__geometric_logo_in_the_cen-321af7.webp,copy; original kept in git a0d6a32 (output/ deleted)
2-wordpress-export,output/custom/elementor_library/sample3/images/connerkees_fibonacci_phi_interval_brain_silhouette_of_person_me_3c210082-80be-4dd7-9b95-e2aced61b8d8-removebg-preview.png,public/images/old-site/custom/elementor_library/sample3/connerkees_fibonacci_phi_interval_brain-83923d.webp,copy; original kept in git a0d6a32 (output/ deleted)
2-wordpress-export,output/custom/elementor_library/sample3/images/dejudicibus_a_simple_logo_on_transparent_background_that_repres_097ef60b-6093-4965-bde6-8cd4d88611fe-removebg-preview.png,public/images/old-site/custom/elementor_library/sample3/dejudicibus_a_simple_logo_on_transparent-b324c9.webp,copy; original kept in git a0d6a32 (output/ deleted)
2-wordpress-export,output/custom/elementor_library/super-delux-stay-images-slider/images/78c0555f-b416-4473-bab1-d24c73e42576-1-1-r36iksq0g78yg81k3o436yn5tabww6i1tcfnbws7g8.jpg,public/images/old-site/custom/elementor_library/super-delux-stay-images-slider/78c0555f-b416-4473-bab1-d24c73e42576-1-1-091c77.webp,copy; original kept in git a0d6a32 (output/ deleted)
2-wordpress-export,output/custom/elementor_library/super-delux-stay-images-slider/images/WhatsApp-Image-2024-10-22-at-5.33.48-PM-2-r36ii5sb9xmzvlvgi12rp4lltdbuar15sajluyoywo.webp,public/images/old-site/custom/elementor_library/super-delux-stay-images-slider/WhatsApp-Image-2024-10-22-at-5.33.48-PM-e29346.webp,copy; original kept in git a0d6a32 (output/ deleted)
2-wordpress-export,output/custom/elementor_library/super-delux-stay-images-slider/images/WhatsApp-Image-2024-10-22-at-5.33.48-PM-r36igryv7pqss9vtkxjjiz66by5dysjdxfyvfaqu2g.webp,public/images/old-site/custom/elementor_library/super-delux-stay-images-slider/WhatsApp-Image-2024-10-22-at-5.33.48-PM-49af39.webp,copy; original kept in git a0d6a32 (output/ deleted)
2-wordpress-export,output/custom/elementor_library/testimonial-block-for-home-page/images/1-scaled.webp,public/images/old-site/custom/elementor_library/testimonial-block-for-home-page/1-scaled.webp,copy; original kept in git a0d6a32 (output/ deleted)
2-wordpress-export,output/custom/elementor_library/testimonial-block-for-home-page/images/2-scaled.webp,public/images/old-site/custom/elementor_library/testimonial-block-for-home-page/2-scaled.webp,copy; original kept in git a0d6a32 (output/ deleted)
2-wordpress-export,output/custom/elementor_library/testimonial-block-for-home-page/images/3-scaled.webp,public/images/old-site/custom/elementor_library/testimonial-block-for-home-page/3-scaled.webp,copy; original kept in git a0d6a32 (output/ deleted)
2-wordpress-export,output/custom/elementor_library/testimonial-block-for-home-page/images/4-scaled.webp,public/images/old-site/custom/elementor_library/testimonial-block-for-home-page/4-scaled.webp,copy; original kept in git a0d6a32 (output/ deleted)
2-wordpress-export,output/custom/elementor_library/thankyou-message/images/5138237.jpg,public/images/old-site/custom/elementor_library/thankyou-message/5138237.webp,copy; original kept in git a0d6a32 (output/ deleted)
2-wordpress-export,output/custom/elementor_library/vocation-har-ghar-shiksha/images/IMG_1319-1-1-1-1024x448.webp,public/images/old-site/custom/elementor_library/vocation-har-ghar-shiksha/IMG_1319-1-1-1-1024x448.webp,copy; original kept in git a0d6a32 (output/ deleted)
2-wordpress-export,output/custom/elementor_library/volunteer-information/images/voluteer-form-banner.jpg,public/images/old-site/custom/elementor_library/volunteer-information/voluteer-form-banner.webp,copy; original kept in git a0d6a32 (output/ deleted)
2-wordpress-export,output/custom/elementor_library/what-youll-learn-1/images/png-transparent-person-sitting-on-chair-illustration-computer-icons-depression-depressed-miscellaneous-text-hand-removebg-preview.png,public/images/old-site/custom/elementor_library/what-youll-learn-1/png-transparent-person-sitting-on-chair-30e996.webp,copy; original kept in git a0d6a32 (output/ deleted)
2-wordpress-export,output/custom/elementor_library/what-youll-learn-1/images/pngegg-8-1300x1536-1.png,public/images/old-site/custom/elementor_library/what-youll-learn-1/pngegg-8-1300x1536-1.webp,copy; original kept in git a0d6a32 (output/ deleted)
2-wordpress-export,output/custom/elementor_library/what-youll-learn-1/images/pngegg-9.png,public/images/old-site/custom/elementor_library/what-youll-learn-1/pngegg-9.webp,copy; original kept in git a0d6a32 (output/ deleted)
2-wordpress-export,output/custom/elementor_library/what-youll-learn-2/images/png-transparent-person-sitting-on-chair-illustration-computer-icons-depression-depressed-miscellaneous-text-hand-removebg-preview.png,public/images/old-site/custom/elementor_library/what-youll-learn-2/png-transparent-person-sitting-on-chair-30e996.webp,copy; original kept in git a0d6a32 (output/ deleted)
2-wordpress-export,output/custom/elementor_library/what-youll-learn-2/images/pngegg-8-1300x1536-1.png,public/images/old-site/custom/elementor_library/what-youll-learn-2/pngegg-8-1300x1536-1.webp,copy; original kept in git a0d6a32 (output/ deleted)
2-wordpress-export,output/custom/elementor_library/what-youll-learn-2/images/pngegg-9.png,public/images/old-site/custom/elementor_library/what-youll-learn-2/pngegg-9.webp,copy; original kept in git a0d6a32 (output/ deleted)
2-wordpress-export,output/custom/elementor_library/what-youll-learn-3/images/png-transparent-person-sitting-on-chair-illustration-computer-icons-depression-depressed-miscellaneous-text-hand-removebg-preview.png,public/images/old-site/custom/elementor_library/what-youll-learn-3/png-transparent-person-sitting-on-chair-30e996.webp,copy; original kept in git a0d6a32 (output/ deleted)
2-wordpress-export,output/custom/elementor_library/what-youll-learn-3/images/pngegg-8-1300x1536-1.png,public/images/old-site/custom/elementor_library/what-youll-learn-3/pngegg-8-1300x1536-1.webp,copy; original kept in git a0d6a32 (output/ deleted)
2-wordpress-export,output/custom/elementor_library/what-youll-learn-3/images/pngegg-9.png,public/images/old-site/custom/elementor_library/what-youll-learn-3/pngegg-9.webp,copy; original kept in git a0d6a32 (output/ deleted)
2-wordpress-export,output/custom/popup/book-offer-popup/images/df727e7f-0189-41f9-9ded-907786aa7a04.jpg,public/images/old-site/custom/popup/book-offer-popup/df727e7f-0189-41f9-9ded-907786aa7a04.webp,copy; original kept in git a0d6a32 (output/ deleted)
2-wordpress-export,output/custom/popup/book-offer-popup/images/maha-mantras-hero-ClQXnKFp.png,public/images/old-site/custom/popup/book-offer-popup/maha-mantras-hero-ClQXnKFp.webp,copy; original kept in git a0d6a32 (output/ deleted)
2-wordpress-export,output/custom/popup/book-offer-popup/images/March.jpg,public/images/old-site/custom/popup/book-offer-popup/March.webp,copy; original kept in git a0d6a32 (output/ deleted)
2-wordpress-export,output/custom/popup/book-offer-popup/images/Untitled-1.jpg.jpeg,public/images/old-site/custom/popup/book-offer-popup/Untitled-1.jpg.webp,copy; original kept in git a0d6a32 (output/ deleted)
2-wordpress-export,output/custom/product/science-divine-diamond-diary/images/Daimond-Dairy-New-1-scaled.jpg,public/images/old-site/custom/product/science-divine-diamond-diary/Daimond-Dairy-New-1-scaled.webp,copy; original kept in git a0d6a32 (output/ deleted)
2-wordpress-export,output/custom/product/science-divine-diamond-diary/images/Daimond-Dairy-New-2-scaled.jpg,public/images/old-site/custom/product/science-divine-diamond-diary/Daimond-Dairy-New-2-scaled.webp,copy; original kept in git a0d6a32 (output/ deleted)
2-wordpress-export,output/custom/product/science-divine-diamond-diary/images/Daimond-Dairy-New-3-scaled.jpg,public/images/old-site/custom/product/science-divine-diamond-diary/Daimond-Dairy-New-3-scaled.webp,copy; original kept in git a0d6a32 (output/ deleted)
2-wordpress-export,output/custom/product/science-divine-diamond-diary/images/Daimond-Dairy-New-4-scaled.jpg,public/images/old-site/custom/product/science-divine-diamond-diary/Daimond-Dairy-New-4-scaled.webp,copy; original kept in git a0d6a32 (output/ deleted)
2-wordpress-export,output/custom/product/science-divine-diamond-diary/images/Daimond-Dairy-New-5-scaled.jpg,public/images/old-site/custom/product/science-divine-diamond-diary/Daimond-Dairy-New-5-scaled.webp,copy; original kept in git a0d6a32 (output/ deleted)
2-wordpress-export,output/custom/product/science-divine-diamond-diary/images/Daimond-Dairy-New-Cover-scaled.jpg,public/images/old-site/custom/product/science-divine-diamond-diary/Daimond-Dairy-New-Cover-scaled.webp,copy; original kept in git a0d6a32 (output/ deleted)
2-wordpress-export,output/pages/3days-workshop/images/332415132-1.jpg,public/images/old-site/pages/3days-workshop/332415132-1.webp,copy; original kept in git a0d6a32 (output/ deleted)
2-wordpress-export,output/pages/3days-workshop/images/78c0555f-b416-4473-bab1-d24c73e42576-1-1-r3wn78qziodsyuya7ebvqe4bh4ncrf27svynruljnc.jpg,public/images/old-site/pages/3days-workshop/78c0555f-b416-4473-bab1-d24c73e42576-1-1-3730fc.webp,copy; original kept in git a0d6a32 (output/ deleted)
2-wordpress-export,output/pages/3days-workshop/images/78c0555f-b416-4473-bab1-d24c73e42576-1-1.jpg,public/images/old-site/pages/3days-workshop/78c0555f-b416-4473-bab1-d24c73e42576-1-1.webp,copy; original kept in git a0d6a32 (output/ deleted)
2-wordpress-export,output/pages/3days-workshop/images/DJI_0010-2.webp,public/images/old-site/pages/3days-workshop/DJI_0010-2.webp,copy; original kept in git a0d6a32 (output/ deleted)
2-wordpress-export,output/pages/3days-workshop/images/DJI_0473.webp,public/images/old-site/pages/3days-workshop/DJI_0473.webp,copy; original kept in git a0d6a32 (output/ deleted)
2-wordpress-export,output/pages/3days-workshop/images/Gurudham_deluxe_room_pic-r36ik3cdboa7qr2f7v55tn1prvt04cpaputjdftu48.jpg,public/images/old-site/pages/3days-workshop/Gurudham_deluxe_room_pic-r36ik3cdboa7qr2-281bdc.webp,copy; original kept in git a0d6a32 (output/ deleted)
2-wordpress-export,output/pages/3days-workshop/images/Gurudham_deluxe_room_pic.jpg,public/images/old-site/pages/3days-workshop/Gurudham_deluxe_room_pic.webp,copy; original kept in git a0d6a32 (output/ deleted)
2-wordpress-export,output/pages/3days-workshop/images/image-10.png,public/images/old-site/pages/3days-workshop/image-10.webp,copy; original kept in git a0d6a32 (output/ deleted)
2-wordpress-export,output/pages/3days-workshop/images/image-10.webp,public/images/old-site/pages/3days-workshop/image-10-webp.webp,copy; original kept in git a0d6a32 (output/ deleted)
2-wordpress-export,output/pages/3days-workshop/images/image-32.png,public/images/old-site/pages/3days-workshop/image-32.webp,copy; original kept in git a0d6a32 (output/ deleted)
2-wordpress-export,output/pages/3days-workshop/images/image-33.png,public/images/old-site/pages/3days-workshop/image-33.webp,copy; original kept in git a0d6a32 (output/ deleted)
2-wordpress-export,output/pages/3days-workshop/images/image-34.png,public/images/old-site/pages/3days-workshop/image-34.webp,copy; original kept in git a0d6a32 (output/ deleted)
2-wordpress-export,output/pages/3days-workshop/images/image-35-1.png,public/images/old-site/pages/3days-workshop/image-35-1.webp,copy; original kept in git a0d6a32 (output/ deleted)
2-wordpress-export,output/pages/3days-workshop/images/image-39.png,public/images/old-site/pages/3days-workshop/image-39.webp,copy; original kept in git a0d6a32 (output/ deleted)
2-wordpress-export,output/pages/3days-workshop/images/image-40.png,public/images/old-site/pages/3days-workshop/image-40.webp,copy; original kept in git a0d6a32 (output/ deleted)
2-wordpress-export,output/pages/3days-workshop/images/image-41.png,public/images/old-site/pages/3days-workshop/image-41.webp,copy; original kept in git a0d6a32 (output/ deleted)
2-wordpress-export,output/pages/3days-workshop/images/image-9-2.png,public/images/old-site/pages/3days-workshop/image-9-2.webp,copy; original kept in git a0d6a32 (output/ deleted)
2-wordpress-export,output/pages/3days-workshop/images/image-_10_.webp,public/images/old-site/pages/3days-workshop/image-_10_.webp,copy; original kept in git a0d6a32 (output/ deleted)
2-wordpress-export,output/pages/3days-workshop/images/image-_6_.webp,public/images/old-site/pages/3days-workshop/image-_6_.webp,copy; original kept in git a0d6a32 (output/ deleted)
2-wordpress-export,output/pages/3days-workshop/images/image-_7_.webp,public/images/old-site/pages/3days-workshop/image-_7_.webp,copy; original kept in git a0d6a32 (output/ deleted)
2-wordpress-export,output/pages/3days-workshop/images/image-_8_.webp,public/images/old-site/pages/3days-workshop/image-_8_.webp,copy; original kept in git a0d6a32 (output/ deleted)
2-wordpress-export,output/pages/3days-workshop/images/image-_9_.webp,public/images/old-site/pages/3days-workshop/image-_9_.webp,copy; original kept in git a0d6a32 (output/ deleted)
2-wordpress-export,output/pages/3days-workshop/images/IMG_0899.webp,public/images/old-site/pages/3days-workshop/IMG_0899.webp,copy; original kept in git a0d6a32 (output/ deleted)
2-wordpress-export,output/pages/3days-workshop/images/IMG_6994-copy.webp,public/images/old-site/pages/3days-workshop/IMG_6994-copy.webp,copy; original kept in git a0d6a32 (output/ deleted)
2-wordpress-export,output/pages/3days-workshop/images/IMG_7001-copy.webp,public/images/old-site/pages/3days-workshop/IMG_7001-copy.webp,copy; original kept in git a0d6a32 (output/ deleted)
2-wordpress-export,output/pages/3days-workshop/images/IMG_7002-copy.webp,public/images/old-site/pages/3days-workshop/IMG_7002-copy.webp,copy; original kept in git a0d6a32 (output/ deleted)
2-wordpress-export,output/pages/3days-workshop/images/IMG_9938-copy.webp,public/images/old-site/pages/3days-workshop/IMG_9938-copy.webp,copy; original kept in git a0d6a32 (output/ deleted)
2-wordpress-export,output/pages/3days-workshop/images/Mask-group-5.png,public/images/old-site/pages/3days-workshop/Mask-group-5.webp,copy; original kept in git a0d6a32 (output/ deleted)
2-wordpress-export,output/pages/3days-workshop/images/Mask-group-6.png,public/images/old-site/pages/3days-workshop/Mask-group-6.webp,copy; original kept in git a0d6a32 (output/ deleted)
2-wordpress-export,output/pages/3days-workshop/images/Mask-group-7.png,public/images/old-site/pages/3days-workshop/Mask-group-7.webp,copy; original kept in git a0d6a32 (output/ deleted)
2-wordpress-export,output/pages/3days-workshop/images/Mask-group-_1_-_1_-scaled-1.webp,public/images/old-site/pages/3days-workshop/Mask-group-_1_-_1_-scaled-1.webp,copy; original kept in git a0d6a32 (output/ deleted)
2-wordpress-export,output/pages/3days-workshop/images/oyo-3773-hotel-city-square-r36ijewkdzcrcw1x6kkv0t7qbv5gk809yhuww8u2m0.jpg,public/images/old-site/pages/3days-workshop/oyo-3773-hotel-city-square-r36ijewkdzcrc-6b4f6f.webp,copy; original kept in git a0d6a32 (output/ deleted)
2-wordpress-export,output/pages/3days-workshop/images/oyo-3773-hotel-city-square.jpg,public/images/old-site/pages/3days-workshop/oyo-3773-hotel-city-square.webp,copy; original kept in git a0d6a32 (output/ deleted)
2-wordpress-export,output/pages/3days-workshop/images/pic1-r36ikhfy66tikwhxxj8kd1hmonvibt99rsltkl8xiw.jpg,public/images/old-site/pages/3days-workshop/pic1-r36ikhfy66tikwhxxj8kd1hmonvibt99rsltkl8xiw.webp,copy; original kept in git a0d6a32 (output/ deleted)
2-wordpress-export,output/pages/3days-workshop/images/pic1.jpg,public/images/old-site/pages/3days-workshop/pic1.webp,copy; original kept in git a0d6a32 (output/ deleted)
2-wordpress-export,output/pages/3days-workshop/images/png-transparent-person-sitting-on-chair-illustration-computer-icons-depression-depressed-miscellaneous-text-hand-removebg-preview.png,public/images/old-site/pages/3days-workshop/png-transparent-person-sitting-on-chair-30e996.webp,copy; original kept in git a0d6a32 (output/ deleted)
2-wordpress-export,output/pages/3days-workshop/images/pngegg-8-1300x1536-1.png,public/images/old-site/pages/3days-workshop/pngegg-8-1300x1536-1.webp,copy; original kept in git a0d6a32 (output/ deleted)
2-wordpress-export,output/pages/3days-workshop/images/pngegg-9.png,public/images/old-site/pages/3days-workshop/pngegg-9.webp,copy; original kept in git a0d6a32 (output/ deleted)
2-wordpress-export,output/pages/3days-workshop/images/WhatsApp-Image-2024-10-22-at-5.33.48-PM-2-r36ii5sb9xmzvlvgi12rp4lltdbuar15sajluyoywo.webp,public/images/old-site/pages/3days-workshop/WhatsApp-Image-2024-10-22-at-5.33.48-PM-e29346.webp,copy; original kept in git a0d6a32 (output/ deleted)
2-wordpress-export,output/pages/3days-workshop/images/WhatsApp-Image-2024-10-22-at-5.33.48-PM-2.webp,public/images/old-site/pages/3days-workshop/WhatsApp-Image-2024-10-22-at-5.33.48-PM-2.webp,copy; original kept in git a0d6a32 (output/ deleted)
2-wordpress-export,output/pages/3days-workshop/images/WhatsApp-Image-2024-10-22-at-5.33.48-PM-r36igryv7pqss9vtkxjjiz66by5dysjdxfyvfaqu2g.webp,public/images/old-site/pages/3days-workshop/WhatsApp-Image-2024-10-22-at-5.33.48-PM-49af39.webp,copy; original kept in git a0d6a32 (output/ deleted)
2-wordpress-export,output/pages/3days-workshop/images/WhatsApp-Image-2024-10-22-at-5.33.48-PM.webp,public/images/old-site/pages/3days-workshop/WhatsApp-Image-2024-10-22-at-5.33.48-PM.webp,copy; original kept in git a0d6a32 (output/ deleted)
2-wordpress-export,output/pages/_drafts/id-21942/images/2-March-thumbnails-Hindi-design-min.webp,public/images/old-site/pages/_drafts/id-21942/2-March-thumbnails-Hindi-design-min.webp,copy; original kept in git a0d6a32 (output/ deleted)
2-wordpress-export,output/pages/_drafts/id-21942/images/3d-render-female-yoga-pose-against-sunset-sky-scaled.webp,public/images/old-site/pages/_drafts/id-21942/3d-render-female-yoga-pose-against-sunset-sky-scaled.webp,copy; original kept in git a0d6a32 (output/ deleted)
2-wordpress-export,output/pages/_drafts/id-21942/images/AAP_0178-1-1-1-647x1024.webp,public/images/old-site/pages/_drafts/id-21942/AAP_0178-1-1-1-647x1024.webp,copy; original kept in git a0d6a32 (output/ deleted)
2-wordpress-export,output/pages/_drafts/id-21942/images/back-view-woman-meditating-space-scaled.webp,public/images/old-site/pages/_drafts/id-21942/back-view-woman-meditating-space-scaled.webp,copy; original kept in git a0d6a32 (output/ deleted)
2-wordpress-export,output/pages/_drafts/id-21942/images/dhyan-with-happy-face-copy-1-1-896x1024.webp,public/images/old-site/pages/_drafts/id-21942/dhyan-with-happy-face-copy-1-1-896x1024.webp,copy; original kept in git a0d6a32 (output/ deleted)
2-wordpress-export,output/pages/_drafts/id-21942/images/full-shot-woman-meditating-outdoors-1-scaled.webp,public/images/old-site/pages/_drafts/id-21942/full-shot-woman-meditating-outdoors-1-scaled.webp,copy; original kept in git a0d6a32 (output/ deleted)
2-wordpress-export,output/pages/_drafts/id-21942/images/full-shot-woman-meditating-outdoors-scaled.webp,public/images/old-site/pages/_drafts/id-21942/full-shot-woman-meditating-outdoors-scaled.webp,copy; original kept in git a0d6a32 (output/ deleted)
2-wordpress-export,output/pages/_drafts/id-21942/images/group-five-yogi-females-sitting-sukhasana-683x1024.webp,public/images/old-site/pages/_drafts/id-21942/group-five-yogi-females-sitting-sukhasana-683x1024.webp,copy; original kept in git a0d6a32 (output/ deleted)
2-wordpress-export,output/pages/_drafts/id-21942/images/group-five-yogi-females-sitting-sukhasana-scaled.webp,public/images/old-site/pages/_drafts/id-21942/group-five-yogi-females-sitting-sukhasana-scaled.webp,copy; original kept in git a0d6a32 (output/ deleted)
2-wordpress-export,output/pages/_drafts/id-21942/images/Mask-group-6.png,public/images/old-site/pages/_drafts/id-21942/Mask-group-6.webp,copy; original kept in git a0d6a32 (output/ deleted)
2-wordpress-export,output/pages/_drafts/id-21942/images/Mask-group-7.png,public/images/old-site/pages/_drafts/id-21942/Mask-group-7.webp,copy; original kept in git a0d6a32 (output/ deleted)
2-wordpress-export,output/pages/_drafts/id-21942/images/mother-son-doing-exercise-balcony-city-sunrise-sunset-concept-healthy-lifestyle-scaled.webp,public/images/old-site/pages/_drafts/id-21942/mother-son-doing-exercise-balcony-city-s-b0aaf4.webp,copy; original kept in git a0d6a32 (output/ deleted)
2-wordpress-export,output/pages/_drafts/id-21942/images/person-practicing-yoga-meditation-nature-sunset-sunrise-scaled.webp,public/images/old-site/pages/_drafts/id-21942/person-practicing-yoga-meditation-nature-a4d062.webp,copy; original kept in git a0d6a32 (output/ deleted)
2-wordpress-export,output/pages/_drafts/id-21942/images/side-view-man-woman-meditating-outdoors-scaled.webp,public/images/old-site/pages/_drafts/id-21942/side-view-man-woman-meditating-outdoors-scaled.webp,copy; original kept in git a0d6a32 (output/ deleted)
2-wordpress-export,output/pages/_drafts/id-21942/images/silhouette-yoga-man-sunset-background-scaled.webp,public/images/old-site/pages/_drafts/id-21942/silhouette-yoga-man-sunset-background-scaled.webp,copy; original kept in git a0d6a32 (output/ deleted)
2-wordpress-export,output/pages/_drafts/id-21942/images/Thumbnail-Testmonial-02-1.webp,public/images/old-site/pages/_drafts/id-21942/Thumbnail-Testmonial-02-1.webp,copy; original kept in git a0d6a32 (output/ deleted)
2-wordpress-export,output/pages/_drafts/id-21942/images/Thumbnail-Testmonial-03-1.webp,public/images/old-site/pages/_drafts/id-21942/Thumbnail-Testmonial-03-1.webp,copy; original kept in git a0d6a32 (output/ deleted)
2-wordpress-export,output/pages/_drafts/id-21942/images/Thumbnail-Testmonial-copy-1.webp,public/images/old-site/pages/_drafts/id-21942/Thumbnail-Testmonial-copy-1.webp,copy; original kept in git a0d6a32 (output/ deleted)
2-wordpress-export,output/pages/_drafts/id-21942/images/two-goodlooking-women-are-doing-yoga-park-mats-practising-asanas-breathing-fresh-air-individual-practice-professional-teacher-nature-concept-scaled.webp,public/images/old-site/pages/_drafts/id-21942/two-goodlooking-women-are-doing-yoga-par-349299.webp,copy; original kept in git a0d6a32 (output/ deleted)
2-wordpress-export,output/pages/_drafts/id-21942/images/Untitled-design-2.webp,public/images/old-site/pages/_drafts/id-21942/Untitled-design-2.webp,copy; original kept in git a0d6a32 (output/ deleted)
2-wordpress-export,output/pages/_drafts/id-21942/images/Untitled-design-3-1.png,public/images/old-site/pages/_drafts/id-21942/Untitled-design-3-1.webp,copy; original kept in git a0d6a32 (output/ deleted)
2-wordpress-export,output/pages/_drafts/id-21942/images/Untitled-design-3.png,public/images/old-site/pages/_drafts/id-21942/Untitled-design-3.webp,copy; original kept in git a0d6a32 (output/ deleted)
2-wordpress-export,output/pages/_drafts/id-21942/images/Untitled-design-3.webp,public/images/old-site/pages/_drafts/id-21942/Untitled-design-3-webp.webp,copy; original kept in git a0d6a32 (output/ deleted)
2-wordpress-export,output/pages/_drafts/id-21942/images/Untitled-design-5-1.webp,public/images/old-site/pages/_drafts/id-21942/Untitled-design-5-1.webp,copy; original kept in git a0d6a32 (output/ deleted)
2-wordpress-export,output/pages/_drafts/id-21942/images/Untitled-design-5.webp,public/images/old-site/pages/_drafts/id-21942/Untitled-design-5.webp,copy; original kept in git a0d6a32 (output/ deleted)
2-wordpress-export,output/pages/_drafts/id-21942/images/WhatsApp-Image-2025-02-05-at-6.37.16-PM.jpeg,public/images/old-site/pages/_drafts/id-21942/WhatsApp-Image-2025-02-05-at-6.37.16-PM.webp,copy; original kept in git a0d6a32 (output/ deleted)
2-wordpress-export,output/pages/_drafts/id-21942/images/WhatsApp-Image-2025-03-10-at-5.14.59-PM.jpeg,public/images/old-site/pages/_drafts/id-21942/WhatsApp-Image-2025-03-10-at-5.14.59-PM.webp,copy; original kept in git a0d6a32 (output/ deleted)
2-wordpress-export,output/pages/_drafts/id-21942/images/WhatsApp-Image-2025-03-27-at-3.21.31-PM-1-1024x576.jpeg,public/images/old-site/pages/_drafts/id-21942/WhatsApp-Image-2025-03-27-at-3.21.31-PM-1-1024x576.webp,copy; original kept in git a0d6a32 (output/ deleted)
2-wordpress-export,output/pages/_drafts/id-21942/images/WhatsApp-Image-2025-03-27-at-3.21.31-PM-1.jpeg,public/images/old-site/pages/_drafts/id-21942/WhatsApp-Image-2025-03-27-at-3.21.31-PM-1.webp,copy; original kept in git a0d6a32 (output/ deleted)
2-wordpress-export,output/pages/_drafts/id-21942/images/woman-doing-yoga-holding-rosary-scaled.webp,public/images/old-site/pages/_drafts/id-21942/woman-doing-yoga-holding-rosary-scaled.webp,copy; original kept in git a0d6a32 (output/ deleted)
2-wordpress-export,output/pages/_drafts/id-21942/images/woman-practicing-yoga-by-lake-1-scaled.webp,public/images/old-site/pages/_drafts/id-21942/woman-practicing-yoga-by-lake-1-scaled.webp,copy; original kept in git a0d6a32 (output/ deleted)
2-wordpress-export,output/pages/_drafts/id-21942/images/woman-practicing-yoga-by-lake-scaled.webp,public/images/old-site/pages/_drafts/id-21942/woman-practicing-yoga-by-lake-scaled.webp,copy; original kept in git a0d6a32 (output/ deleted)
2-wordpress-export,output/pages/_drafts/id-21942/images/woman-practicing-yoga-outdoor-beautiful-girl-practice-asana-online-class-calmness-relax-scaled.webp,public/images/old-site/pages/_drafts/id-21942/woman-practicing-yoga-outdoor-beautiful-153b00.webp,copy; original kept in git a0d6a32 (output/ deleted)
2-wordpress-export,output/pages/_drafts/id-21942/images/woman-practicing-yoga-sunset-light-scaled-e1737463787664.webp,public/images/old-site/pages/_drafts/id-21942/woman-practicing-yoga-sunset-light-scaled-e1737463787664.webp,copy; original kept in git a0d6a32 (output/ deleted)
2-wordpress-export,output/pages/_drafts/id-21942/images/yoga-man-young-man-doing-yoga-loft-sunrise-scaled.webp,public/images/old-site/pages/_drafts/id-21942/yoga-man-young-man-doing-yoga-loft-sunrise-scaled.webp,copy; original kept in git a0d6a32 (output/ deleted)
2-wordpress-export,output/pages/_drafts/sakshi-shree-profile/images/9962c14d778e62208cdc8b3a029e3e9c.png,public/images/old-site/pages/_drafts/sakshi-shree-profile/9962c14d778e62208cdc8b3a029e3e9c.webp,copy; original kept in git a0d6a32 (output/ deleted)
2-wordpress-export,output/pages/_drafts/sakshi-shree-profile/images/Ajay-Bhatt-scaled.webp,public/images/old-site/pages/_drafts/sakshi-shree-profile/Ajay-Bhatt-scaled.webp,copy; original kept in git a0d6a32 (output/ deleted)
2-wordpress-export,output/pages/_drafts/sakshi-shree-profile/images/Anil-Bachoo-scaled.webp,public/images/old-site/pages/_drafts/sakshi-shree-profile/Anil-Bachoo-scaled.webp,copy; original kept in git a0d6a32 (output/ deleted)
2-wordpress-export,output/pages/_drafts/sakshi-shree-profile/images/Dheeraj-testiii.png,public/images/old-site/pages/_drafts/sakshi-shree-profile/Dheeraj-testiii.webp,copy; original kept in git a0d6a32 (output/ deleted)
2-wordpress-export,output/pages/_drafts/sakshi-shree-profile/images/Kailash-chaudhary-scaled.webp,public/images/old-site/pages/_drafts/sakshi-shree-profile/Kailash-chaudhary-scaled.webp,copy; original kept in git a0d6a32 (output/ deleted)
2-wordpress-export,output/pages/_drafts/sakshi-shree-profile/images/Mr-DC-Jain-scaled.webp,public/images/old-site/pages/_drafts/sakshi-shree-profile/Mr-DC-Jain-scaled.webp,copy; original kept in git a0d6a32 (output/ deleted)
2-wordpress-export,output/pages/_drafts/sakshi-shree-profile/images/Rajnath-Singh-With-Sakshi-Shree-1-scaled.webp,public/images/old-site/pages/_drafts/sakshi-shree-profile/Rajnath-Singh-With-Sakshi-Shree-1-scaled.webp,copy; original kept in git a0d6a32 (output/ deleted)
2-wordpress-export,output/pages/_drafts/sakshi-shree-profile/images/Sakshi-shree-profile-meeting-banner-scaled.webp,public/images/old-site/pages/_drafts/sakshi-shree-profile/Sakshi-shree-profile-meeting-banner-scaled.webp,copy; original kept in git a0d6a32 (output/ deleted)
2-wordpress-export,output/pages/_drafts/sakshi-shree-profile/images/Vikram-Sampat-scaled.webp,public/images/old-site/pages/_drafts/sakshi-shree-profile/Vikram-Sampat-scaled.webp,copy; original kept in git a0d6a32 (output/ deleted)
2-wordpress-export,output/pages/about-sakshi-shree/images/aboutsakshishree.jpg,public/images/old-site/pages/about-sakshi-shree/aboutsakshishree.webp,copy; original kept in git a0d6a32 (output/ deleted)
2-wordpress-export,output/pages/about-sakshi-shree/images/DJI_0169-scaled.jpg,public/images/old-site/pages/about-sakshi-shree/DJI_0169-scaled.webp,copy; original kept in git a0d6a32 (output/ deleted)
2-wordpress-export,output/pages/about-sakshi-shree/images/download-10.jpeg,public/images/old-site/pages/about-sakshi-shree/download-10.webp,copy; original kept in git a0d6a32 (output/ deleted)
2-wordpress-export,output/pages/about-sakshi-shree/images/download-2023-08-10T224443.595.png,public/images/old-site/pages/about-sakshi-shree/download-2023-08-10T224443.595.webp,copy; original kept in git a0d6a32 (output/ deleted)
2-wordpress-export,output/pages/about-sakshi-shree/images/download-7.jpeg,public/images/old-site/pages/about-sakshi-shree/download-7.webp,copy; original kept in git a0d6a32 (output/ deleted)
2-wordpress-export,output/pages/about-sakshi-shree/images/dpsru-278x300-1.png,public/images/old-site/pages/about-sakshi-shree/dpsru-278x300-1.webp,copy; original kept in git a0d6a32 (output/ deleted)
2-wordpress-export,output/pages/about-sakshi-shree/images/IMG_3407-scaled.jpg,public/images/old-site/pages/about-sakshi-shree/IMG_3407-scaled.webp,copy; original kept in git a0d6a32 (output/ deleted)
2-wordpress-export,output/pages/about-sakshi-shree/images/mzlvjnkn-1-scaled.webp,public/images/old-site/pages/about-sakshi-shree/mzlvjnkn-1-scaled.webp,copy; original kept in git a0d6a32 (output/ deleted)
2-wordpress-export,output/pages/about-sakshi-shree/images/Rectangle-240.png,public/images/old-site/pages/about-sakshi-shree/Rectangle-240.webp,copy; original kept in git a0d6a32 (output/ deleted)
2-wordpress-export,output/pages/about-sakshi-shree/images/Rectangle-241.png,public/images/old-site/pages/about-sakshi-shree/Rectangle-241.webp,copy; original kept in git a0d6a32 (output/ deleted)
2-wordpress-export,output/pages/about-sakshi-shree/images/Rectangle-243.png,public/images/old-site/pages/about-sakshi-shree/Rectangle-243.webp,copy; original kept in git a0d6a32 (output/ deleted)
2-wordpress-export,output/pages/about-sakshi-shree/images/Rectangle-247.png,public/images/old-site/pages/about-sakshi-shree/Rectangle-247.webp,copy; original kept in git a0d6a32 (output/ deleted)
2-wordpress-export,output/pages/about-sakshi-shree/images/Screen-Shot-2023-08-27-at-9.14.50-PM.png,public/images/old-site/pages/about-sakshi-shree/Screen-Shot-2023-08-27-at-9.14.50-PM.webp,copy; original kept in git a0d6a32 (output/ deleted)
2-wordpress-export,output/pages/about-science-divine-movement/images/aboutsakshishree.jpg,public/images/old-site/pages/about-science-divine-movement/aboutsakshishree.webp,copy; original kept in git a0d6a32 (output/ deleted)
2-wordpress-export,output/pages/about-science-divine-movement/images/ae5f1ff55ee7b4b72ccc004af3f146af.jpeg,public/images/old-site/pages/about-science-divine-movement/ae5f1ff55ee7b4b72ccc004af3f146af.webp,copy; original kept in git a0d6a32 (output/ deleted)
2-wordpress-export,output/pages/about-science-divine-movement/images/digital-composite-image-businessman-writing-vision-text-office-1-scaled.webp,public/images/old-site/pages/about-science-divine-movement/digital-composite-image-businessman-writ-11fb58.webp,copy; original kept in git a0d6a32 (output/ deleted)
2-wordpress-export,output/pages/about-science-divine-movement/images/download.jpeg,public/images/old-site/pages/about-science-divine-movement/download.webp,copy; original kept in git a0d6a32 (output/ deleted)
2-wordpress-export,output/pages/about-science-divine-movement/images/DSC0496-1-1-scaled.jpg,public/images/old-site/pages/about-science-divine-movement/DSC0496-1-1-scaled.webp,copy; original kept in git a0d6a32 (output/ deleted)
2-wordpress-export,output/pages/about-science-divine-movement/images/DSC0496-1-scaled.jpg,public/images/old-site/pages/about-science-divine-movement/DSC0496-1-scaled.webp,copy; original kept in git a0d6a32 (output/ deleted)
2-wordpress-export,output/pages/about-science-divine-movement/images/IMG_20220126_103646-scaled.jpg,public/images/old-site/pages/about-science-divine-movement/IMG_20220126_103646-scaled.webp,copy; original kept in git a0d6a32 (output/ deleted)
2-wordpress-export,output/pages/about-science-divine-movement/images/Rectangle-1238.png,public/images/old-site/pages/about-science-divine-movement/Rectangle-1238.webp,copy; original kept in git a0d6a32 (output/ deleted)
2-wordpress-export,output/pages/about-science-divine-movement/images/Rectangle-1239.png,public/images/old-site/pages/about-science-divine-movement/Rectangle-1239.webp,copy; original kept in git a0d6a32 (output/ deleted)
2-wordpress-export,output/pages/about-science-divine-movement/images/Rectangle-1268.png,public/images/old-site/pages/about-science-divine-movement/Rectangle-1268.webp,copy; original kept in git a0d6a32 (output/ deleted)
2-wordpress-export,output/pages/about-science-divine-movement/images/Rectangle-1269.png,public/images/old-site/pages/about-science-divine-movement/Rectangle-1269.webp,copy; original kept in git a0d6a32 (output/ deleted)
2-wordpress-export,output/pages/about-science-divine-movement/images/Screen-Shot-2024-04-18-at-9.16.56-AM.png,public/images/old-site/pages/about-science-divine-movement/Screen-Shot-2024-04-18-at-9.16.56-AM.webp,copy; original kept in git a0d6a32 (output/ deleted)
2-wordpress-export,output/pages/about-science-divine-movement/images/Screen-Shot-2024-04-29-at-12.16.25-AM.png,public/images/old-site/pages/about-science-divine-movement/Screen-Shot-2024-04-29-at-12.16.25-AM.webp,copy; original kept in git a0d6a32 (output/ deleted)
2-wordpress-export,output/pages/about-science-divine-movement/images/WhatsApp-Image-2025-03-13-at-4.54.26-PM-1-scaled.jpeg,public/images/old-site/pages/about-science-divine-movement/WhatsApp-Image-2025-03-13-at-4.54.26-PM-1-scaled.webp,copy; original kept in git a0d6a32 (output/ deleted)
2-wordpress-export,output/pages/about-science-divine-movement/images/WhatsApp-Image-2025-03-13-at-4.54.33-PM.jpeg,public/images/old-site/pages/about-science-divine-movement/WhatsApp-Image-2025-03-13-at-4.54.33-PM.webp,copy; original kept in git a0d6a32 (output/ deleted)
2-wordpress-export,output/pages/about-science-divine-movement/images/WhatsApp-Image-2025-03-13-at-4.54.33-PM.jpg,public/images/old-site/pages/about-science-divine-movement/WhatsApp-Image-2025-03-13-at-4.54.33-PM-jpg.webp,copy; original kept in git a0d6a32 (output/ deleted)
2-wordpress-export,output/pages/addictions/images/Addictions-scaled.jpg,public/images/old-site/pages/addictions/Addictions-scaled.webp,copy; original kept in git a0d6a32 (output/ deleted)
2-wordpress-export,output/pages/addictions/images/Anxiety-Quote-1.jpg,public/images/old-site/pages/addictions/Anxiety-Quote-1.webp,copy; original kept in git a0d6a32 (output/ deleted)
2-wordpress-export,output/pages/addictions/images/Anxiety-Quote-2.jpg,public/images/old-site/pages/addictions/Anxiety-Quote-2.webp,copy; original kept in git a0d6a32 (output/ deleted)
2-wordpress-export,output/pages/addictions/images/Anxiety-Quote-3.jpg,public/images/old-site/pages/addictions/Anxiety-Quote-3.webp,copy; original kept in git a0d6a32 (output/ deleted)
2-wordpress-export,output/pages/addictions/images/Anxiety-Quote-4.jpg,public/images/old-site/pages/addictions/Anxiety-Quote-4.webp,copy; original kept in git a0d6a32 (output/ deleted)
2-wordpress-export,output/pages/addictions/images/Anxiety-Quote-5.jpg,public/images/old-site/pages/addictions/Anxiety-Quote-5.webp,copy; original kept in git a0d6a32 (output/ deleted)
2-wordpress-export,output/pages/addictions/images/Anxiety-Quote-6.jpg,public/images/old-site/pages/addictions/Anxiety-Quote-6.webp,copy; original kept in git a0d6a32 (output/ deleted)
2-wordpress-export,output/pages/addictions/images/Anxiety-Quote-7.jpg,public/images/old-site/pages/addictions/Anxiety-Quote-7.webp,copy; original kept in git a0d6a32 (output/ deleted)
2-wordpress-export,output/pages/addictions/images/Anxiety-Quote-8.jpg,public/images/old-site/pages/addictions/Anxiety-Quote-8.webp,copy; original kept in git a0d6a32 (output/ deleted)
2-wordpress-export,output/pages/addictions/images/Anxiety-Quote-9.jpg,public/images/old-site/pages/addictions/Anxiety-Quote-9.webp,copy; original kept in git a0d6a32 (output/ deleted)
2-wordpress-export,output/pages/anxiety/images/Anxiety-Quote-1.jpg,public/images/old-site/pages/anxiety/Anxiety-Quote-1.webp,copy; original kept in git a0d6a32 (output/ deleted)
2-wordpress-export,output/pages/anxiety/images/Anxiety-Quote-2.jpg,public/images/old-site/pages/anxiety/Anxiety-Quote-2.webp,copy; original kept in git a0d6a32 (output/ deleted)
2-wordpress-export,output/pages/anxiety/images/Anxiety-Quote-3.jpg,public/images/old-site/pages/anxiety/Anxiety-Quote-3.webp,copy; original kept in git a0d6a32 (output/ deleted)
2-wordpress-export,output/pages/anxiety/images/Anxiety-Quote-4.jpg,public/images/old-site/pages/anxiety/Anxiety-Quote-4.webp,copy; original kept in git a0d6a32 (output/ deleted)
2-wordpress-export,output/pages/anxiety/images/Anxiety-Quote-5.jpg,public/images/old-site/pages/anxiety/Anxiety-Quote-5.webp,copy; original kept in git a0d6a32 (output/ deleted)
2-wordpress-export,output/pages/anxiety/images/Anxiety-Quote-6.jpg,public/images/old-site/pages/anxiety/Anxiety-Quote-6.webp,copy; original kept in git a0d6a32 (output/ deleted)
2-wordpress-export,output/pages/anxiety/images/Anxiety-Quote-7.jpg,public/images/old-site/pages/anxiety/Anxiety-Quote-7.webp,copy; original kept in git a0d6a32 (output/ deleted)
2-wordpress-export,output/pages/anxiety/images/Anxiety-Quote-8.jpg,public/images/old-site/pages/anxiety/Anxiety-Quote-8.webp,copy; original kept in git a0d6a32 (output/ deleted)
2-wordpress-export,output/pages/anxiety/images/Anxiety-Quote-9.jpg,public/images/old-site/pages/anxiety/Anxiety-Quote-9.webp,copy; original kept in git a0d6a32 (output/ deleted)
2-wordpress-export,output/pages/anxiety/images/Anxiety-scaled.jpg,public/images/old-site/pages/anxiety/Anxiety-scaled.webp,copy; original kept in git a0d6a32 (output/ deleted)
2-wordpress-export,output/pages/become-a-member/images/member-link-e1695794521624.png,public/images/old-site/pages/become-a-member/member-link-e1695794521624.webp,copy; original kept in git a0d6a32 (output/ deleted)
2-wordpress-export,output/pages/become-a-member/images/Rectangle-1202.png,public/images/old-site/pages/become-a-member/Rectangle-1202.webp,copy; original kept in git a0d6a32 (output/ deleted)
2-wordpress-export,output/pages/become-a-member/images/Untitled-design.png,public/images/old-site/pages/become-a-member/Untitled-design.webp,copy; original kept in git a0d6a32 (output/ deleted)
2-wordpress-export,output/pages/birthday-event/images/1-1024x542.webp,public/images/old-site/pages/birthday-event/1-1024x542.webp,copy; original kept in git a0d6a32 (output/ deleted)
2-wordpress-export,output/pages/birthday-event/images/2-1024x542.webp,public/images/old-site/pages/birthday-event/2-1024x542.webp,copy; original kept in git a0d6a32 (output/ deleted)
2-wordpress-export,output/pages/birthday-event/images/AAP_0044-1-1.webp,public/images/old-site/pages/birthday-event/AAP_0044-1-1.webp,copy; original kept in git a0d6a32 (output/ deleted)
2-wordpress-export,output/pages/birthday-event/images/image-1.jpg,public/images/old-site/pages/birthday-event/image-1.webp,copy; original kept in git a0d6a32 (output/ deleted)
2-wordpress-export,output/pages/birthday-event/images/image-2.jpg,public/images/old-site/pages/birthday-event/image-2.webp,copy; original kept in git a0d6a32 (output/ deleted)
2-wordpress-export,output/pages/birthday-event/images/image-3.jpg,public/images/old-site/pages/birthday-event/image-3.webp,copy; original kept in git a0d6a32 (output/ deleted)
2-wordpress-export,output/pages/birthday-event/images/image-4.jpg,public/images/old-site/pages/birthday-event/image-4.webp,copy; original kept in git a0d6a32 (output/ deleted)
2-wordpress-export,output/pages/birthday-event/images/Untitled-design-2-1.webp,public/images/old-site/pages/birthday-event/Untitled-design-2-1.webp,copy; original kept in git a0d6a32 (output/ deleted)
2-wordpress-export,output/pages/courses/images/Mind-Power-Meditation-Cover-Course-book-now-scaled.webp,public/images/old-site/pages/courses/Mind-Power-Meditation-Cover-Course-book-now-scaled.webp,copy; original kept in git a0d6a32 (output/ deleted)
2-wordpress-export,output/pages/courses/images/pexels-noelle-otto-906097-1-1.png,public/images/old-site/pages/courses/pexels-noelle-otto-906097-1-1.webp,copy; original kept in git a0d6a32 (output/ deleted)
2-wordpress-export,output/pages/depression/images/Anxiety-Quote-1.jpg,public/images/old-site/pages/depression/Anxiety-Quote-1.webp,copy; original kept in git a0d6a32 (output/ deleted)
2-wordpress-export,output/pages/depression/images/Anxiety-Quote-2.jpg,public/images/old-site/pages/depression/Anxiety-Quote-2.webp,copy; original kept in git a0d6a32 (output/ deleted)
2-wordpress-export,output/pages/depression/images/Anxiety-Quote-3.jpg,public/images/old-site/pages/depression/Anxiety-Quote-3.webp,copy; original kept in git a0d6a32 (output/ deleted)
2-wordpress-export,output/pages/depression/images/Anxiety-Quote-4.jpg,public/images/old-site/pages/depression/Anxiety-Quote-4.webp,copy; original kept in git a0d6a32 (output/ deleted)
2-wordpress-export,output/pages/depression/images/Anxiety-Quote-5.jpg,public/images/old-site/pages/depression/Anxiety-Quote-5.webp,copy; original kept in git a0d6a32 (output/ deleted)
2-wordpress-export,output/pages/depression/images/Anxiety-Quote-6.jpg,public/images/old-site/pages/depression/Anxiety-Quote-6.webp,copy; original kept in git a0d6a32 (output/ deleted)
2-wordpress-export,output/pages/depression/images/Anxiety-Quote-7.jpg,public/images/old-site/pages/depression/Anxiety-Quote-7.webp,copy; original kept in git a0d6a32 (output/ deleted)
2-wordpress-export,output/pages/depression/images/Anxiety-Quote-8.jpg,public/images/old-site/pages/depression/Anxiety-Quote-8.webp,copy; original kept in git a0d6a32 (output/ deleted)
2-wordpress-export,output/pages/depression/images/Anxiety-Quote-9.jpg,public/images/old-site/pages/depression/Anxiety-Quote-9.webp,copy; original kept in git a0d6a32 (output/ deleted)
2-wordpress-export,output/pages/depression/images/Depression.jpg,public/images/old-site/pages/depression/Depression.webp,copy; original kept in git a0d6a32 (output/ deleted)
2-wordpress-export,output/pages/design-your-destiny-2/images/1633764534655.jpeg,public/images/old-site/pages/design-your-destiny-2/1633764534655.webp,copy; original kept in git a0d6a32 (output/ deleted)
2-wordpress-export,output/pages/design-your-destiny-2/images/1693895898-research-shows-five-1-1.png,public/images/old-site/pages/design-your-destiny-2/1693895898-research-shows-five-1-1.webp,copy; original kept in git a0d6a32 (output/ deleted)
2-wordpress-export,output/pages/design-your-destiny-2/images/1693895901-research-shows-three-1.png,public/images/old-site/pages/design-your-destiny-2/1693895901-research-shows-three-1.webp,copy; original kept in git a0d6a32 (output/ deleted)
2-wordpress-export,output/pages/design-your-destiny-2/images/1693895903-research-shows-four-1.png,public/images/old-site/pages/design-your-destiny-2/1693895903-research-shows-four-1.webp,copy; original kept in git a0d6a32 (output/ deleted)
2-wordpress-export,output/pages/design-your-destiny-2/images/1693895906-research-shows-two-1-1.png,public/images/old-site/pages/design-your-destiny-2/1693895906-research-shows-two-1-1.webp,copy; original kept in git a0d6a32 (output/ deleted)
2-wordpress-export,output/pages/design-your-destiny-2/images/1693895910-research-shows-one-1.png,public/images/old-site/pages/design-your-destiny-2/1693895910-research-shows-one-1.webp,copy; original kept in git a0d6a32 (output/ deleted)
2-wordpress-export,output/pages/design-your-destiny-2/images/27k.png,public/images/old-site/pages/design-your-destiny-2/27k.webp,copy; original kept in git a0d6a32 (output/ deleted)
2-wordpress-export,output/pages/design-your-destiny-2/images/651fc89a25635db7a0e5309b_Frame-2-1.png,public/images/old-site/pages/design-your-destiny-2/651fc89a25635db7a0e5309b_Frame-2-1.webp,copy; original kept in git a0d6a32 (output/ deleted)
2-wordpress-export,output/pages/design-your-destiny-2/images/651fc915c87a9d5daaa98adb_Icon-3-1.png,public/images/old-site/pages/design-your-destiny-2/651fc915c87a9d5daaa98adb_Icon-3-1.webp,copy; original kept in git a0d6a32 (output/ deleted)
2-wordpress-export,output/pages/design-your-destiny-2/images/651fc93c262ba8e696be1107_icon1-1.png,public/images/old-site/pages/design-your-destiny-2/651fc93c262ba8e696be1107_icon1-1.webp,copy; original kept in git a0d6a32 (output/ deleted)
2-wordpress-export,output/pages/design-your-destiny-2/images/651fc9f32693b049340e24ae_icon-4-1.png,public/images/old-site/pages/design-your-destiny-2/651fc9f32693b049340e24ae_icon-4-1.webp,copy; original kept in git a0d6a32 (output/ deleted)
2-wordpress-export,output/pages/design-your-destiny-2/images/available-on-the-app-store-1-1.png,public/images/old-site/pages/design-your-destiny-2/available-on-the-app-store-1-1.webp,copy; original kept in git a0d6a32 (output/ deleted)
2-wordpress-export,output/pages/design-your-destiny-2/images/college-girl-working-with-laptop-after-lessons-1024x683.webp,public/images/old-site/pages/design-your-destiny-2/college-girl-working-with-laptop-after-lessons-1024x683.webp,copy; original kept in git a0d6a32 (output/ deleted)
2-wordpress-export,output/pages/design-your-destiny-2/images/college-girl-working-with-laptop-after-lessons-scaled.webp,public/images/old-site/pages/design-your-destiny-2/college-girl-working-with-laptop-after-lessons-scaled.webp,copy; original kept in git a0d6a32 (output/ deleted)
2-wordpress-export,output/pages/design-your-destiny-2/images/dhyan-with-happy-face-copy-1-1-896x1024.webp,public/images/old-site/pages/design-your-destiny-2/dhyan-with-happy-face-copy-1-1-896x1024.webp,copy; original kept in git a0d6a32 (output/ deleted)
2-wordpress-export,output/pages/design-your-destiny-2/images/Group-25.png,public/images/old-site/pages/design-your-destiny-2/Group-25.webp,copy; original kept in git a0d6a32 (output/ deleted)
2-wordpress-export,output/pages/design-your-destiny-2/images/Group-26.png,public/images/old-site/pages/design-your-destiny-2/Group-26.webp,copy; original kept in git a0d6a32 (output/ deleted)
2-wordpress-export,output/pages/design-your-destiny-2/images/Group-2611.png,public/images/old-site/pages/design-your-destiny-2/Group-2611.webp,copy; original kept in git a0d6a32 (output/ deleted)
2-wordpress-export,output/pages/design-your-destiny-2/images/Group-2622.png,public/images/old-site/pages/design-your-destiny-2/Group-2622.webp,copy; original kept in git a0d6a32 (output/ deleted)
2-wordpress-export,output/pages/design-your-destiny-2/images/portrait-happy-attractive-man-woman-smart-clothes-1024x683.webp,public/images/old-site/pages/design-your-destiny-2/portrait-happy-attractive-man-woman-smart-clothes-1024x683.webp,copy; original kept in git a0d6a32 (output/ deleted)
2-wordpress-export,output/pages/design-your-destiny-2/images/portrait-happy-attractive-man-woman-smart-clothes-scaled.webp,public/images/old-site/pages/design-your-destiny-2/portrait-happy-attractive-man-woman-smart-clothes-scaled.webp,copy; original kept in git a0d6a32 (output/ deleted)
2-wordpress-export,output/pages/design-your-destiny-2/images/Rectangle-23-2.png,public/images/old-site/pages/design-your-destiny-2/Rectangle-23-2.webp,copy; original kept in git a0d6a32 (output/ deleted)
2-wordpress-export,output/pages/design-your-destiny-2/images/Rectangle-78.png,public/images/old-site/pages/design-your-destiny-2/Rectangle-78.webp,copy; original kept in git a0d6a32 (output/ deleted)
2-wordpress-export,output/pages/design-your-destiny-2/images/Tsunami_by_hokusai_19th_century-scaled.jpeg,public/images/old-site/pages/design-your-destiny-2/Tsunami_by_hokusai_19th_century-scaled.webp,copy; original kept in git a0d6a32 (output/ deleted)
2-wordpress-export,output/pages/design-your-destiny-2/images/young-man-sitting-desk-doing-paperwork-1024x683.webp,public/images/old-site/pages/design-your-destiny-2/young-man-sitting-desk-doing-paperwork-1024x683.webp,copy; original kept in git a0d6a32 (output/ deleted)
2-wordpress-export,output/pages/design-your-destiny-2/images/young-man-sitting-desk-doing-paperwork-scaled.webp,public/images/old-site/pages/design-your-destiny-2/young-man-sitting-desk-doing-paperwork-scaled.webp,copy; original kept in git a0d6a32 (output/ deleted)
2-wordpress-export,output/pages/design-your-destiny-2/images/young-travelers-with-backpacks-smiling-looking-route-map-1024x683.webp,public/images/old-site/pages/design-your-destiny-2/young-travelers-with-backpacks-smiling-l-93892e.webp,copy; original kept in git a0d6a32 (output/ deleted)
2-wordpress-export,output/pages/design-your-destiny-2/images/young-travelers-with-backpacks-smiling-looking-route-map-scaled.webp,public/images/old-site/pages/design-your-destiny-2/young-travelers-with-backpacks-smiling-l-4aa15d.webp,copy; original kept in git a0d6a32 (output/ deleted)
2-wordpress-export,output/pages/design-your-destiny-event-landing-page/images/13-2.png,public/images/old-site/pages/design-your-destiny-event-landing-page/13-2.webp,copy; original kept in git a0d6a32 (output/ deleted)
2-wordpress-export,output/pages/design-your-destiny-event-landing-page/images/2e63568a50d1412b121b9171ad5a57ac.png,public/images/old-site/pages/design-your-destiny-event-landing-page/2e63568a50d1412b121b9171ad5a57ac.webp,copy; original kept in git a0d6a32 (output/ deleted)
2-wordpress-export,output/pages/design-your-destiny-event-landing-page/images/8d65893a1e12f7952b864918371bb882-1.png,public/images/old-site/pages/design-your-destiny-event-landing-page/8d65893a1e12f7952b864918371bb882-1.webp,copy; original kept in git a0d6a32 (output/ deleted)
2-wordpress-export,output/pages/design-your-destiny-event-landing-page/images/8d65893a1e12f7952b864918371bb882.png,public/images/old-site/pages/design-your-destiny-event-landing-page/8d65893a1e12f7952b864918371bb882.webp,copy; original kept in git a0d6a32 (output/ deleted)
2-wordpress-export,output/pages/design-your-destiny-event-landing-page/images/a2580a89fea54040e0f76535ac2d27fc.png,public/images/old-site/pages/design-your-destiny-event-landing-page/a2580a89fea54040e0f76535ac2d27fc.webp,copy; original kept in git a0d6a32 (output/ deleted)
2-wordpress-export,output/pages/design-your-destiny-event-landing-page/images/destiny-back-scaled.jpg,public/images/old-site/pages/design-your-destiny-event-landing-page/destiny-back-scaled.webp,copy; original kept in git a0d6a32 (output/ deleted)
2-wordpress-export,output/pages/design-your-destiny-event-landing-page/images/discover-back-scaled.jpg,public/images/old-site/pages/design-your-destiny-event-landing-page/discover-back-scaled.webp,copy; original kept in git a0d6a32 (output/ deleted)
2-wordpress-export,output/pages/design-your-destiny-event-landing-page/images/Ellipse-38.png,public/images/old-site/pages/design-your-destiny-event-landing-page/Ellipse-38.webp,copy; original kept in git a0d6a32 (output/ deleted)
2-wordpress-export,output/pages/design-your-destiny-event-landing-page/images/image-12.png,public/images/old-site/pages/design-your-destiny-event-landing-page/image-12.webp,copy; original kept in git a0d6a32 (output/ deleted)
2-wordpress-export,output/pages/design-your-destiny-event-landing-page/images/image-13.png,public/images/old-site/pages/design-your-destiny-event-landing-page/image-13.webp,copy; original kept in git a0d6a32 (output/ deleted)
2-wordpress-export,output/pages/design-your-destiny-event-landing-page/images/Layer-1.png,public/images/old-site/pages/design-your-destiny-event-landing-page/Layer-1.webp,copy; original kept in git a0d6a32 (output/ deleted)
2-wordpress-export,output/pages/design-your-destiny-event-landing-page/images/Layer-2.png,public/images/old-site/pages/design-your-destiny-event-landing-page/Layer-2.webp,copy; original kept in git a0d6a32 (output/ deleted)
2-wordpress-export,output/pages/design-your-destiny-event-landing-page/images/Layer-21.png,public/images/old-site/pages/design-your-destiny-event-landing-page/Layer-21.webp,copy; original kept in git a0d6a32 (output/ deleted)
2-wordpress-export,output/pages/design-your-destiny-event-landing-page/images/Layer-22.png,public/images/old-site/pages/design-your-destiny-event-landing-page/Layer-22.webp,copy; original kept in git a0d6a32 (output/ deleted)
2-wordpress-export,output/pages/design-your-destiny-event-landing-page/images/Rectangle-340.png,public/images/old-site/pages/design-your-destiny-event-landing-page/Rectangle-340.webp,copy; original kept in git a0d6a32 (output/ deleted)
2-wordpress-export,output/pages/design-your-destiny/images/Mandala-08-7.png,public/images/old-site/pages/design-your-destiny/Mandala-08-7.webp,copy; original kept in git a0d6a32 (output/ deleted)
2-wordpress-export,output/pages/design-your-destiny/images/pexels-stuti-14029248-scaled.jpg,public/images/old-site/pages/design-your-destiny/pexels-stuti-14029248-scaled.webp,copy; original kept in git a0d6a32 (output/ deleted)
2-wordpress-export,output/pages/design-your-destiny/images/Screen-Shot-2023-08-27-at-11.00.04-AM.png,public/images/old-site/pages/design-your-destiny/Screen-Shot-2023-08-27-at-11.00.04-AM.webp,copy; original kept in git a0d6a32 (output/ deleted)
2-wordpress-export,output/pages/design-your-destiny/images/Untitled-design-77.png,public/images/old-site/pages/design-your-destiny/Untitled-design-77.webp,copy; original kept in git a0d6a32 (output/ deleted)
2-wordpress-export,output/pages/design-your-destiny/images/yoga-lady-in-asana1622108923.jpg,public/images/old-site/pages/design-your-destiny/yoga-lady-in-asana1622108923.webp,copy; original kept in git a0d6a32 (output/ deleted)
2-wordpress-export,output/pages/designyourdestiny/images/694a363e59a0a64da3856966.png,public/images/old-site/pages/designyourdestiny/694a363e59a0a64da3856966.webp,copy; original kept in git a0d6a32 (output/ deleted)
2-wordpress-export,output/pages/designyourdestiny/images/694a363e59a0a6b553856967.png,public/images/old-site/pages/designyourdestiny/694a363e59a0a6b553856967.webp,copy; original kept in git a0d6a32 (output/ deleted)
2-wordpress-export,output/pages/designyourdestiny/images/694a363e79fc965612eea618.png,public/images/old-site/pages/designyourdestiny/694a363e79fc965612eea618.webp,copy; original kept in git a0d6a32 (output/ deleted)
2-wordpress-export,output/pages/designyourdestiny/images/694a363e79fc9676deeea619.png,public/images/old-site/pages/designyourdestiny/694a363e79fc9676deeea619.webp,copy; original kept in git a0d6a32 (output/ deleted)
2-wordpress-export,output/pages/designyourdestiny/images/694a363e7be49d4e1df9eeca.png,public/images/old-site/pages/designyourdestiny/694a363e7be49d4e1df9eeca.webp,copy; original kept in git a0d6a32 (output/ deleted)
2-wordpress-export,output/pages/designyourdestiny/images/694a363ee5a72e4508c4b454.png,public/images/old-site/pages/designyourdestiny/694a363ee5a72e4508c4b454.webp,copy; original kept in git a0d6a32 (output/ deleted)
2-wordpress-export,output/pages/designyourdestiny/images/694a38c079fc96742beedbd1.png,public/images/old-site/pages/designyourdestiny/694a38c079fc96742beedbd1.webp,copy; original kept in git a0d6a32 (output/ deleted)
2-wordpress-export,output/pages/designyourdestiny/images/694a38c079fc96f6ffeedbd2.png,public/images/old-site/pages/designyourdestiny/694a38c079fc96f6ffeedbd2.webp,copy; original kept in git a0d6a32 (output/ deleted)
2-wordpress-export,output/pages/designyourdestiny/images/694a38c0e5a72e0de7c4e7d9.png,public/images/old-site/pages/designyourdestiny/694a38c0e5a72e0de7c4e7d9.webp,copy; original kept in git a0d6a32 (output/ deleted)
2-wordpress-export,output/pages/designyourdestiny/images/AAP_0044-1.webp.bv_resized_desktop.webp.bv_.webp,public/images/old-site/pages/designyourdestiny/AAP_0044-1.webp.bv_resized_desktop.webp.bv_.webp,copy; original kept in git a0d6a32 (output/ deleted)
2-wordpress-export,output/pages/donation/images/1-2-2.png,public/images/old-site/pages/donation/1-2-2.webp,copy; original kept in git a0d6a32 (output/ deleted)
2-wordpress-export,output/pages/donation/images/2-6-2.png,public/images/old-site/pages/donation/2-6-2.webp,copy; original kept in git a0d6a32 (output/ deleted)
2-wordpress-export,output/pages/donation/images/3-2-1-2.png,public/images/old-site/pages/donation/3-2-1-2.webp,copy; original kept in git a0d6a32 (output/ deleted)
2-wordpress-export,output/pages/donation/images/book-1.png,public/images/old-site/pages/donation/book-1.webp,copy; original kept in git a0d6a32 (output/ deleted)
2-wordpress-export,output/pages/donation/images/credit-card-icon.png,public/images/old-site/pages/donation/credit-card-icon.webp,copy; original kept in git a0d6a32 (output/ deleted)
2-wordpress-export,output/pages/donation/images/diet-1.png,public/images/old-site/pages/donation/diet-1.webp,copy; original kept in git a0d6a32 (output/ deleted)
2-wordpress-export,output/pages/donation/images/graduation-cap-1.png,public/images/old-site/pages/donation/graduation-cap-1.webp,copy; original kept in git a0d6a32 (output/ deleted)
2-wordpress-export,output/pages/donation/images/heart-icon.png,public/images/old-site/pages/donation/heart-icon.webp,copy; original kept in git a0d6a32 (output/ deleted)
2-wordpress-export,output/pages/donation/images/icons8-school-girl-30-1.png,public/images/old-site/pages/donation/icons8-school-girl-30-1.webp,copy; original kept in git a0d6a32 (output/ deleted)
2-wordpress-export,output/pages/donation/images/img-1-2.png,public/images/old-site/pages/donation/img-1-2.webp,copy; original kept in git a0d6a32 (output/ deleted)
2-wordpress-export,output/pages/donation/images/Screen-Shot-2023-03-25-at-8.32-2.png,public/images/old-site/pages/donation/Screen-Shot-2023-03-25-at-8.32-2.webp,copy; original kept in git a0d6a32 (output/ deleted)
2-wordpress-export,output/pages/donation/images/shikshasewa-banner.jpg,public/images/old-site/pages/donation/shikshasewa-banner.webp,copy; original kept in git a0d6a32 (output/ deleted)
2-wordpress-export,output/pages/donation/images/tax-icon.png,public/images/old-site/pages/donation/tax-icon.webp,copy; original kept in git a0d6a32 (output/ deleted)
2-wordpress-export,output/pages/donation/images/teacher-1.png,public/images/old-site/pages/donation/teacher-1.webp,copy; original kept in git a0d6a32 (output/ deleted)
2-wordpress-export,output/pages/education-sewa/images/68ffb5b543e05d1a60e480d9.png,public/images/old-site/pages/education-sewa/68ffb5b543e05d1a60e480d9.webp,copy; original kept in git a0d6a32 (output/ deleted)
2-wordpress-export,output/pages/education-sewa/images/690477eca3a7bb422164d734.webp,public/images/old-site/pages/education-sewa/690477eca3a7bb422164d734.webp,copy; original kept in git a0d6a32 (output/ deleted)
2-wordpress-export,output/pages/education-sewa/images/692a90332b865e7c71a36db9.jpg,public/images/old-site/pages/education-sewa/692a90332b865e7c71a36db9.webp,copy; original kept in git a0d6a32 (output/ deleted)
2-wordpress-export,output/pages/education-sewa/images/692a9033313bfdf888edafd3.jpg,public/images/old-site/pages/education-sewa/692a9033313bfdf888edafd3.webp,copy; original kept in git a0d6a32 (output/ deleted)
2-wordpress-export,output/pages/event-new/images/06a5701ebc244140cdb5393b9d5e0da3.png,public/images/old-site/pages/event-new/06a5701ebc244140cdb5393b9d5e0da3.webp,copy; original kept in git a0d6a32 (output/ deleted)
2-wordpress-export,output/pages/event-new/images/33e330551a00e39b0df46dd508e65838.jpg,public/images/old-site/pages/event-new/33e330551a00e39b0df46dd508e65838.webp,copy; original kept in git a0d6a32 (output/ deleted)
2-wordpress-export,output/pages/event-new/images/84a865d3cc64ba88fde25b3e54c851cf-22.png,public/images/old-site/pages/event-new/84a865d3cc64ba88fde25b3e54c851cf-22.webp,copy; original kept in git a0d6a32 (output/ deleted)
2-wordpress-export,output/pages/event-new/images/Ashu.Ai_.png,public/images/old-site/pages/event-new/Ashu.Ai_.webp,copy; original kept in git a0d6a32 (output/ deleted)
2-wordpress-export,output/pages/event-new/images/DSC0496-scaled.jpg,public/images/old-site/pages/event-new/DSC0496-scaled.webp,copy; original kept in git a0d6a32 (output/ deleted)
2-wordpress-export,output/pages/event-new/images/event22june.jpg,public/images/old-site/pages/event-new/event22june.webp,copy; original kept in git a0d6a32 (output/ deleted)
2-wordpress-export,output/pages/event-new/images/f1e9f12de9828c0125f319807e54ac90.png,public/images/old-site/pages/event-new/f1e9f12de9828c0125f319807e54ac90.webp,copy; original kept in git a0d6a32 (output/ deleted)
2-wordpress-export,output/pages/event-new/images/IMG_0320-scaled.jpg,public/images/old-site/pages/event-new/IMG_0320-scaled.webp,copy; original kept in git a0d6a32 (output/ deleted)
2-wordpress-export,output/pages/event-new/images/IMG_0367-scaled.jpg,public/images/old-site/pages/event-new/IMG_0367-scaled.webp,copy; original kept in git a0d6a32 (output/ deleted)
2-wordpress-export,output/pages/event-new/images/IMG_1586-scaled.jpg,public/images/old-site/pages/event-new/IMG_1586-scaled.webp,copy; original kept in git a0d6a32 (output/ deleted)
2-wordpress-export,output/pages/event-new/images/IMG_1601-scaled.jpg,public/images/old-site/pages/event-new/IMG_1601-scaled.webp,copy; original kept in git a0d6a32 (output/ deleted)
2-wordpress-export,output/pages/event-new/images/IMG_20240420_134241288-scaled.jpg,public/images/old-site/pages/event-new/IMG_20240420_134241288-scaled.webp,copy; original kept in git a0d6a32 (output/ deleted)
2-wordpress-export,output/pages/event-new/images/IMG_20240420_144007390-scaled.jpg,public/images/old-site/pages/event-new/IMG_20240420_144007390-scaled.webp,copy; original kept in git a0d6a32 (output/ deleted)
2-wordpress-export,output/pages/event-new/images/IMG_20240423_162148-scaled.jpg,public/images/old-site/pages/event-new/IMG_20240423_162148-scaled.webp,copy; original kept in git a0d6a32 (output/ deleted)
2-wordpress-export,output/pages/event-new/images/New_Year_Website-copy.jpg,public/images/old-site/pages/event-new/New_Year_Website-copy.webp,copy; original kept in git a0d6a32 (output/ deleted)
2-wordpress-export,output/pages/event-new/images/one-day-event-kasganj.jpg,public/images/old-site/pages/event-new/one-day-event-kasganj.webp,copy; original kept in git a0d6a32 (output/ deleted)
2-wordpress-export,output/pages/event-new/images/Vasant-Website-copy.jpg,public/images/old-site/pages/event-new/Vasant-Website-copy.webp,copy; original kept in git a0d6a32 (output/ deleted)
2-wordpress-export,output/pages/event-new/images/Website-copy.jpg,public/images/old-site/pages/event-new/Website-copy.webp,copy; original kept in git a0d6a32 (output/ deleted)
2-wordpress-export,output/pages/finding-purpose/images/Anxiety-Quote-1.jpg,public/images/old-site/pages/finding-purpose/Anxiety-Quote-1.webp,copy; original kept in git a0d6a32 (output/ deleted)
2-wordpress-export,output/pages/finding-purpose/images/Anxiety-Quote-2.jpg,public/images/old-site/pages/finding-purpose/Anxiety-Quote-2.webp,copy; original kept in git a0d6a32 (output/ deleted)
2-wordpress-export,output/pages/finding-purpose/images/Anxiety-Quote-3.jpg,public/images/old-site/pages/finding-purpose/Anxiety-Quote-3.webp,copy; original kept in git a0d6a32 (output/ deleted)
2-wordpress-export,output/pages/finding-purpose/images/Anxiety-Quote-4.jpg,public/images/old-site/pages/finding-purpose/Anxiety-Quote-4.webp,copy; original kept in git a0d6a32 (output/ deleted)
2-wordpress-export,output/pages/finding-purpose/images/Anxiety-Quote-5.jpg,public/images/old-site/pages/finding-purpose/Anxiety-Quote-5.webp,copy; original kept in git a0d6a32 (output/ deleted)
2-wordpress-export,output/pages/finding-purpose/images/Anxiety-Quote-6.jpg,public/images/old-site/pages/finding-purpose/Anxiety-Quote-6.webp,copy; original kept in git a0d6a32 (output/ deleted)
2-wordpress-export,output/pages/finding-purpose/images/Anxiety-Quote-7.jpg,public/images/old-site/pages/finding-purpose/Anxiety-Quote-7.webp,copy; original kept in git a0d6a32 (output/ deleted)
2-wordpress-export,output/pages/finding-purpose/images/Anxiety-Quote-8.jpg,public/images/old-site/pages/finding-purpose/Anxiety-Quote-8.webp,copy; original kept in git a0d6a32 (output/ deleted)
2-wordpress-export,output/pages/finding-purpose/images/Anxiety-Quote-9.jpg,public/images/old-site/pages/finding-purpose/Anxiety-Quote-9.webp,copy; original kept in git a0d6a32 (output/ deleted)
2-wordpress-export,output/pages/finding-purpose/images/Finding-Purpose-scaled.jpg,public/images/old-site/pages/finding-purpose/Finding-Purpose-scaled.webp,copy; original kept in git a0d6a32 (output/ deleted)
2-wordpress-export,output/pages/finding-purpose/images/LP-1.webp,public/images/old-site/pages/finding-purpose/LP-1.webp,copy; original kept in git a0d6a32 (output/ deleted)
2-wordpress-export,output/pages/get-solutions-for/images/Addictions-1024x512.jpg,public/images/old-site/pages/get-solutions-for/Addictions-1024x512.webp,copy; original kept in git a0d6a32 (output/ deleted)
2-wordpress-export,output/pages/get-solutions-for/images/Anxiety-1024x683.jpg,public/images/old-site/pages/get-solutions-for/Anxiety-1024x683.webp,copy; original kept in git a0d6a32 (output/ deleted)
2-wordpress-export,output/pages/get-solutions-for/images/Depression.jpg,public/images/old-site/pages/get-solutions-for/Depression.webp,copy; original kept in git a0d6a32 (output/ deleted)
2-wordpress-export,output/pages/get-solutions-for/images/Overthinking-1024x683.jpg,public/images/old-site/pages/get-solutions-for/Overthinking-1024x683.webp,copy; original kept in git a0d6a32 (output/ deleted)
2-wordpress-export,output/pages/get-solutions-for/images/Parenting-1024x683.jpg,public/images/old-site/pages/get-solutions-for/Parenting-1024x683.webp,copy; original kept in git a0d6a32 (output/ deleted)
2-wordpress-export,output/pages/get-solutions-for/images/Sleeping-Disorder-1024x683.jpg,public/images/old-site/pages/get-solutions-for/Sleeping-Disorder-1024x683.webp,copy; original kept in git a0d6a32 (output/ deleted)
2-wordpress-export,output/pages/get-solutions-for/images/Wellness-1024x683.jpg,public/images/old-site/pages/get-solutions-for/Wellness-1024x683.webp,copy; original kept in git a0d6a32 (output/ deleted)
2-wordpress-export,output/pages/get-started-with/images/Gratitude-1024x683.jpg,public/images/old-site/pages/get-started-with/Gratitude-1024x683.webp,copy; original kept in git a0d6a32 (output/ deleted)
2-wordpress-export,output/pages/get-started-with/images/LP-1-1024x646.webp,public/images/old-site/pages/get-started-with/LP-1-1024x646.webp,copy; original kept in git a0d6a32 (output/ deleted)
2-wordpress-export,output/pages/get-started-with/images/Meditation-and-Mental-Health-2.png,public/images/old-site/pages/get-started-with/Meditation-and-Mental-Health-2.webp,copy; original kept in git a0d6a32 (output/ deleted)
2-wordpress-export,output/pages/get-started-with/images/Mindfulness-1024x585.jpg,public/images/old-site/pages/get-started-with/Mindfulness-1024x585.webp,copy; original kept in git a0d6a32 (output/ deleted)
2-wordpress-export,output/pages/get-started-with/images/Poses-Camel-1024x684.jpg,public/images/old-site/pages/get-started-with/Poses-Camel-1024x684.webp,copy; original kept in git a0d6a32 (output/ deleted)
2-wordpress-export,output/pages/get-started-with/images/Positive-Thinking.jpg,public/images/old-site/pages/get-started-with/Positive-Thinking.webp,copy; original kept in git a0d6a32 (output/ deleted)
2-wordpress-export,output/pages/get-started-with/images/Sanjeevani-Kriya-Course-1024x576.png,public/images/old-site/pages/get-started-with/Sanjeevani-Kriya-Course-1024x576.webp,copy; original kept in git a0d6a32 (output/ deleted)
2-wordpress-export,output/pages/gratitude/images/Anxiety-Quote-1.jpg,public/images/old-site/pages/gratitude/Anxiety-Quote-1.webp,copy; original kept in git a0d6a32 (output/ deleted)
2-wordpress-export,output/pages/gratitude/images/Anxiety-Quote-2.jpg,public/images/old-site/pages/gratitude/Anxiety-Quote-2.webp,copy; original kept in git a0d6a32 (output/ deleted)
2-wordpress-export,output/pages/gratitude/images/Anxiety-Quote-3.jpg,public/images/old-site/pages/gratitude/Anxiety-Quote-3.webp,copy; original kept in git a0d6a32 (output/ deleted)
2-wordpress-export,output/pages/gratitude/images/Anxiety-Quote-4.jpg,public/images/old-site/pages/gratitude/Anxiety-Quote-4.webp,copy; original kept in git a0d6a32 (output/ deleted)
2-wordpress-export,output/pages/gratitude/images/Anxiety-Quote-5.jpg,public/images/old-site/pages/gratitude/Anxiety-Quote-5.webp,copy; original kept in git a0d6a32 (output/ deleted)
2-wordpress-export,output/pages/gratitude/images/Anxiety-Quote-6.jpg,public/images/old-site/pages/gratitude/Anxiety-Quote-6.webp,copy; original kept in git a0d6a32 (output/ deleted)
2-wordpress-export,output/pages/gratitude/images/Anxiety-Quote-7.jpg,public/images/old-site/pages/gratitude/Anxiety-Quote-7.webp,copy; original kept in git a0d6a32 (output/ deleted)
2-wordpress-export,output/pages/gratitude/images/Anxiety-Quote-8.jpg,public/images/old-site/pages/gratitude/Anxiety-Quote-8.webp,copy; original kept in git a0d6a32 (output/ deleted)
2-wordpress-export,output/pages/gratitude/images/Anxiety-Quote-9.jpg,public/images/old-site/pages/gratitude/Anxiety-Quote-9.webp,copy; original kept in git a0d6a32 (output/ deleted)
2-wordpress-export,output/pages/har-ghar-shiksha-volunteers/images/arrow-right-2-e1740652145967.png,public/images/old-site/pages/har-ghar-shiksha-volunteers/arrow-right-2-e1740652145967.webp,copy; original kept in git a0d6a32 (output/ deleted)
2-wordpress-export,output/pages/har-ghar-shiksha-volunteers/images/arrow-right-3-e1740652098181.png,public/images/old-site/pages/har-ghar-shiksha-volunteers/arrow-right-3-e1740652098181.webp,copy; original kept in git a0d6a32 (output/ deleted)
2-wordpress-export,output/pages/har-ghar-shiksha-volunteers/images/boy.png,public/images/old-site/pages/har-ghar-shiksha-volunteers/boy.webp,copy; original kept in git a0d6a32 (output/ deleted)
2-wordpress-export,output/pages/har-ghar-shiksha-volunteers/images/DJI_0010-2.webp,public/images/old-site/pages/har-ghar-shiksha-volunteers/DJI_0010-2.webp,copy; original kept in git a0d6a32 (output/ deleted)
2-wordpress-export,output/pages/har-ghar-shiksha-volunteers/images/woman.png,public/images/old-site/pages/har-ghar-shiksha-volunteers/woman.webp,copy; original kept in git a0d6a32 (output/ deleted)
2-wordpress-export,output/pages/har-ghar-shiksha/images/1-1.png,public/images/old-site/pages/har-ghar-shiksha/1-1.webp,copy; original kept in git a0d6a32 (output/ deleted)
2-wordpress-export,output/pages/har-ghar-shiksha/images/1.webp,public/images/old-site/pages/har-ghar-shiksha/1.webp,copy; original kept in git a0d6a32 (output/ deleted)
2-wordpress-export,output/pages/har-ghar-shiksha/images/2.png,public/images/old-site/pages/har-ghar-shiksha/2.webp,copy; original kept in git a0d6a32 (output/ deleted)
2-wordpress-export,output/pages/har-ghar-shiksha/images/2.webp,public/images/old-site/pages/har-ghar-shiksha/2-webp.webp,copy; original kept in git a0d6a32 (output/ deleted)
2-wordpress-export,output/pages/har-ghar-shiksha/images/3-1.png,public/images/old-site/pages/har-ghar-shiksha/3-1.webp,copy; original kept in git a0d6a32 (output/ deleted)
2-wordpress-export,output/pages/har-ghar-shiksha/images/3.webp,public/images/old-site/pages/har-ghar-shiksha/3.webp,copy; original kept in git a0d6a32 (output/ deleted)
2-wordpress-export,output/pages/har-ghar-shiksha/images/4-1.png,public/images/old-site/pages/har-ghar-shiksha/4-1.webp,copy; original kept in git a0d6a32 (output/ deleted)
2-wordpress-export,output/pages/har-ghar-shiksha/images/5.png,public/images/old-site/pages/har-ghar-shiksha/5.webp,copy; original kept in git a0d6a32 (output/ deleted)
2-wordpress-export,output/pages/har-ghar-shiksha/images/6.png,public/images/old-site/pages/har-ghar-shiksha/6.webp,copy; original kept in git a0d6a32 (output/ deleted)
2-wordpress-export,output/pages/har-ghar-shiksha/images/arrow-right-1.png,public/images/old-site/pages/har-ghar-shiksha/arrow-right-1.webp,copy; original kept in git a0d6a32 (output/ deleted)
2-wordpress-export,output/pages/har-ghar-shiksha/images/arrow-right-2-e1740652145967.png,public/images/old-site/pages/har-ghar-shiksha/arrow-right-2-e1740652145967.webp,copy; original kept in git a0d6a32 (output/ deleted)
2-wordpress-export,output/pages/har-ghar-shiksha/images/arrow-right-3-e1740652098181.png,public/images/old-site/pages/har-ghar-shiksha/arrow-right-3-e1740652098181.webp,copy; original kept in git a0d6a32 (output/ deleted)
2-wordpress-export,output/pages/har-ghar-shiksha/images/boy.png,public/images/old-site/pages/har-ghar-shiksha/boy.webp,copy; original kept in git a0d6a32 (output/ deleted)
2-wordpress-export,output/pages/har-ghar-shiksha/images/countries.png,public/images/old-site/pages/har-ghar-shiksha/countries.webp,copy; original kept in git a0d6a32 (output/ deleted)
2-wordpress-export,output/pages/har-ghar-shiksha/images/equanimity.png,public/images/old-site/pages/har-ghar-shiksha/equanimity.webp,copy; original kept in git a0d6a32 (output/ deleted)
2-wordpress-export,output/pages/har-ghar-shiksha/images/financial-freedom.png,public/images/old-site/pages/har-ghar-shiksha/financial-freedom.webp,copy; original kept in git a0d6a32 (output/ deleted)
2-wordpress-export,output/pages/har-ghar-shiksha/images/goal.png,public/images/old-site/pages/har-ghar-shiksha/goal.webp,copy; original kept in git a0d6a32 (output/ deleted)
2-wordpress-export,output/pages/har-ghar-shiksha/images/graduation-cap.png,public/images/old-site/pages/har-ghar-shiksha/graduation-cap.webp,copy; original kept in git a0d6a32 (output/ deleted)
2-wordpress-export,output/pages/har-ghar-shiksha/images/growth-mindset.png,public/images/old-site/pages/har-ghar-shiksha/growth-mindset.webp,copy; original kept in git a0d6a32 (output/ deleted)
2-wordpress-export,output/pages/har-ghar-shiksha/images/hnxycgntcsjbttrxbo7q.webp,public/images/old-site/pages/har-ghar-shiksha/hnxycgntcsjbttrxbo7q.webp,copy; original kept in git a0d6a32 (output/ deleted)
2-wordpress-export,output/pages/har-ghar-shiksha/images/leadership.png,public/images/old-site/pages/har-ghar-shiksha/leadership.webp,copy; original kept in git a0d6a32 (output/ deleted)
2-wordpress-export,output/pages/har-ghar-shiksha/images/meditation-1.png,public/images/old-site/pages/har-ghar-shiksha/meditation-1.webp,copy; original kept in git a0d6a32 (output/ deleted)
2-wordpress-export,output/pages/har-ghar-shiksha/images/meditation.png,public/images/old-site/pages/har-ghar-shiksha/meditation.webp,copy; original kept in git a0d6a32 (output/ deleted)
2-wordpress-export,output/pages/har-ghar-shiksha/images/mission-accomplished.png,public/images/old-site/pages/har-ghar-shiksha/mission-accomplished.webp,copy; original kept in git a0d6a32 (output/ deleted)
2-wordpress-export,output/pages/har-ghar-shiksha/images/mission.png,public/images/old-site/pages/har-ghar-shiksha/mission.webp,copy; original kept in git a0d6a32 (output/ deleted)
2-wordpress-export,output/pages/har-ghar-shiksha/images/mountain.png,public/images/old-site/pages/har-ghar-shiksha/mountain.webp,copy; original kept in git a0d6a32 (output/ deleted)
2-wordpress-export,output/pages/har-ghar-shiksha/images/mzlvjnkn-1-scaled.webp,public/images/old-site/pages/har-ghar-shiksha/mzlvjnkn-1-scaled.webp,copy; original kept in git a0d6a32 (output/ deleted)
2-wordpress-export,output/pages/har-ghar-shiksha/images/online-education.png,public/images/old-site/pages/har-ghar-shiksha/online-education.webp,copy; original kept in git a0d6a32 (output/ deleted)
2-wordpress-export,output/pages/har-ghar-shiksha/images/oreso8osvo2c0seqonq9.webp,public/images/old-site/pages/har-ghar-shiksha/oreso8osvo2c0seqonq9.webp,copy; original kept in git a0d6a32 (output/ deleted)
2-wordpress-export,output/pages/har-ghar-shiksha/images/participation-1.png,public/images/old-site/pages/har-ghar-shiksha/participation-1.webp,copy; original kept in git a0d6a32 (output/ deleted)
2-wordpress-export,output/pages/har-ghar-shiksha/images/participation.png,public/images/old-site/pages/har-ghar-shiksha/participation.webp,copy; original kept in git a0d6a32 (output/ deleted)
2-wordpress-export,output/pages/har-ghar-shiksha/images/pngegg-5.png,public/images/old-site/pages/har-ghar-shiksha/pngegg-5.webp,copy; original kept in git a0d6a32 (output/ deleted)
2-wordpress-export,output/pages/har-ghar-shiksha/images/public-library.png,public/images/old-site/pages/har-ghar-shiksha/public-library.webp,copy; original kept in git a0d6a32 (output/ deleted)
2-wordpress-export,output/pages/har-ghar-shiksha/images/self-improvement.png,public/images/old-site/pages/har-ghar-shiksha/self-improvement.webp,copy; original kept in git a0d6a32 (output/ deleted)
2-wordpress-export,output/pages/har-ghar-shiksha/images/social-network.png,public/images/old-site/pages/har-ghar-shiksha/social-network.webp,copy; original kept in git a0d6a32 (output/ deleted)
2-wordpress-export,output/pages/har-ghar-shiksha/images/success-image-1.png,public/images/old-site/pages/har-ghar-shiksha/success-image-1.webp,copy; original kept in git a0d6a32 (output/ deleted)
2-wordpress-export,output/pages/har-ghar-shiksha/images/Untitled-design-1-1.webp,public/images/old-site/pages/har-ghar-shiksha/Untitled-design-1-1.webp,copy; original kept in git a0d6a32 (output/ deleted)
2-wordpress-export,output/pages/har-ghar-shiksha/images/Untitled-design-2.png,public/images/old-site/pages/har-ghar-shiksha/Untitled-design-2.webp,copy; original kept in git a0d6a32 (output/ deleted)
2-wordpress-export,output/pages/har-ghar-shiksha/images/Untitled-design-4.png,public/images/old-site/pages/har-ghar-shiksha/Untitled-design-4.webp,copy; original kept in git a0d6a32 (output/ deleted)
2-wordpress-export,output/pages/har-ghar-shiksha/images/Untitled-design-6.png,public/images/old-site/pages/har-ghar-shiksha/Untitled-design-6.webp,copy; original kept in git a0d6a32 (output/ deleted)
2-wordpress-export,output/pages/har-ghar-shiksha/images/Untitled-design.png,public/images/old-site/pages/har-ghar-shiksha/Untitled-design.webp,copy; original kept in git a0d6a32 (output/ deleted)
2-wordpress-export,output/pages/har-ghar-shiksha/images/v2vc4kpupfnzyblbghdh.webp,public/images/old-site/pages/har-ghar-shiksha/v2vc4kpupfnzyblbghdh.webp,copy; original kept in git a0d6a32 (output/ deleted)
2-wordpress-export,output/pages/har-ghar-shiksha/images/WhatsApp-Image-2025-03-03-at-6.52.52-PM.jpeg,public/images/old-site/pages/har-ghar-shiksha/WhatsApp-Image-2025-03-03-at-6.52.52-PM.webp,copy; original kept in git a0d6a32 (output/ deleted)
2-wordpress-export,output/pages/har-ghar-shiksha/images/woman.png,public/images/old-site/pages/har-ghar-shiksha/woman.webp,copy; original kept in git a0d6a32 (output/ deleted)
2-wordpress-export,output/pages/har-ghar-shiksha/images/yoga-pose.png,public/images/old-site/pages/har-ghar-shiksha/yoga-pose.webp,copy; original kept in git a0d6a32 (output/ deleted)
2-wordpress-export,output/pages/home-copy/images/Arrow-8.png,public/images/old-site/pages/home-copy/Arrow-8.webp,copy; original kept in git a0d6a32 (output/ deleted)
2-wordpress-export,output/pages/home-copy/images/form1.jpg,public/images/old-site/pages/home-copy/form1.webp,copy; original kept in git a0d6a32 (output/ deleted)
2-wordpress-export,output/pages/home-copy/images/form2.jpg,public/images/old-site/pages/home-copy/form2.webp,copy; original kept in git a0d6a32 (output/ deleted)
2-wordpress-export,output/pages/home-copy/images/gallery1.jpg,public/images/old-site/pages/home-copy/gallery1.webp,copy; original kept in git a0d6a32 (output/ deleted)
2-wordpress-export,output/pages/home-copy/images/gallery10.jpg,public/images/old-site/pages/home-copy/gallery10.webp,copy; original kept in git a0d6a32 (output/ deleted)
2-wordpress-export,output/pages/home-copy/images/gallery11.jpg,public/images/old-site/pages/home-copy/gallery11.webp,copy; original kept in git a0d6a32 (output/ deleted)
2-wordpress-export,output/pages/home-copy/images/gallery12.jpg,public/images/old-site/pages/home-copy/gallery12.webp,copy; original kept in git a0d6a32 (output/ deleted)
2-wordpress-export,output/pages/home-copy/images/gallery2.jpg,public/images/old-site/pages/home-copy/gallery2.webp,copy; original kept in git a0d6a32 (output/ deleted)
2-wordpress-export,output/pages/home-copy/images/gallery3.jpg,public/images/old-site/pages/home-copy/gallery3.webp,copy; original kept in git a0d6a32 (output/ deleted)
2-wordpress-export,output/pages/home-copy/images/gallery4.jpg,public/images/old-site/pages/home-copy/gallery4.webp,copy; original kept in git a0d6a32 (output/ deleted)
2-wordpress-export,output/pages/home-copy/images/gallery5.jpg,public/images/old-site/pages/home-copy/gallery5.webp,copy; original kept in git a0d6a32 (output/ deleted)
2-wordpress-export,output/pages/home-copy/images/gallery6.jpg,public/images/old-site/pages/home-copy/gallery6.webp,copy; original kept in git a0d6a32 (output/ deleted)
2-wordpress-export,output/pages/home-copy/images/gallery7.jpg,public/images/old-site/pages/home-copy/gallery7.webp,copy; original kept in git a0d6a32 (output/ deleted)
2-wordpress-export,output/pages/home-copy/images/gallery8.jpg,public/images/old-site/pages/home-copy/gallery8.webp,copy; original kept in git a0d6a32 (output/ deleted)
2-wordpress-export,output/pages/home-copy/images/gallery9.jpg,public/images/old-site/pages/home-copy/gallery9.webp,copy; original kept in git a0d6a32 (output/ deleted)
2-wordpress-export,output/pages/home-copy/images/home-img1.jpg,public/images/old-site/pages/home-copy/home-img1.webp,copy; original kept in git a0d6a32 (output/ deleted)
2-wordpress-export,output/pages/home-copy/images/home-img2.jpg,public/images/old-site/pages/home-copy/home-img2.webp,copy; original kept in git a0d6a32 (output/ deleted)
2-wordpress-export,output/pages/home-copy/images/image-sec2.jpg,public/images/old-site/pages/home-copy/image-sec2.webp,copy; original kept in git a0d6a32 (output/ deleted)
2-wordpress-export,output/pages/home-copy/images/meet1.jpg,public/images/old-site/pages/home-copy/meet1.webp,copy; original kept in git a0d6a32 (output/ deleted)
2-wordpress-export,output/pages/home-copy/images/meet2.jpg,public/images/old-site/pages/home-copy/meet2.webp,copy; original kept in git a0d6a32 (output/ deleted)
2-wordpress-export,output/pages/home-copy/images/meet3.jpg,public/images/old-site/pages/home-copy/meet3.webp,copy; original kept in git a0d6a32 (output/ deleted)
2-wordpress-export,output/pages/home-copy/images/silence1.jpg,public/images/old-site/pages/home-copy/silence1.webp,copy; original kept in git a0d6a32 (output/ deleted)
2-wordpress-export,output/pages/home-copy/images/silence2.jpg,public/images/old-site/pages/home-copy/silence2.webp,copy; original kept in git a0d6a32 (output/ deleted)
2-wordpress-export,output/pages/home-copy/images/silence3.jpg,public/images/old-site/pages/home-copy/silence3.webp,copy; original kept in git a0d6a32 (output/ deleted)
2-wordpress-export,output/pages/home-copy/images/silence4.jpg,public/images/old-site/pages/home-copy/silence4.webp,copy; original kept in git a0d6a32 (output/ deleted)
2-wordpress-export,output/pages/home-copy/images/young-img1.jpg,public/images/old-site/pages/home-copy/young-img1.webp,copy; original kept in git a0d6a32 (output/ deleted)
2-wordpress-export,output/pages/home-copy/images/ypung-img2.png,public/images/old-site/pages/home-copy/ypung-img2.webp,copy; original kept in git a0d6a32 (output/ deleted)
2-wordpress-export,output/pages/home-new-march/images/001e91644c316c224c6c717c44444752.png,public/images/old-site/pages/home-new-march/001e91644c316c224c6c717c44444752.webp,copy; original kept in git a0d6a32 (output/ deleted)
2-wordpress-export,output/pages/home-new-march/images/1.png,public/images/old-site/pages/home-new-march/1.webp,copy; original kept in git a0d6a32 (output/ deleted)
2-wordpress-export,output/pages/home-new-march/images/1.webp,public/images/old-site/pages/home-new-march/1-webp.webp,copy; original kept in git a0d6a32 (output/ deleted)
2-wordpress-export,output/pages/home-new-march/images/12d73cc0821ee62ee87d0043dbc26cf1.png,public/images/old-site/pages/home-new-march/12d73cc0821ee62ee87d0043dbc26cf1.webp,copy; original kept in git a0d6a32 (output/ deleted)
2-wordpress-export,output/pages/home-new-march/images/140985b8c49bf464193b766f6b3ac129.png,public/images/old-site/pages/home-new-march/140985b8c49bf464193b766f6b3ac129.webp,copy; original kept in git a0d6a32 (output/ deleted)
2-wordpress-export,output/pages/home-new-march/images/1633156364-1633156361238.webp,public/images/old-site/pages/home-new-march/1633156364-1633156361238.webp,copy; original kept in git a0d6a32 (output/ deleted)
2-wordpress-export,output/pages/home-new-march/images/1633156378-1633156376847.webp,public/images/old-site/pages/home-new-march/1633156378-1633156376847.webp,copy; original kept in git a0d6a32 (output/ deleted)
2-wordpress-export,output/pages/home-new-march/images/1eb32da7b34c58ae55fe72b26476f3ac.jpg,public/images/old-site/pages/home-new-march/1eb32da7b34c58ae55fe72b26476f3ac.webp,copy; original kept in git a0d6a32 (output/ deleted)
2-wordpress-export,output/pages/home-new-march/images/2.png,public/images/old-site/pages/home-new-march/2.webp,copy; original kept in git a0d6a32 (output/ deleted)
2-wordpress-export,output/pages/home-new-march/images/2.webp,public/images/old-site/pages/home-new-march/2-webp.webp,copy; original kept in git a0d6a32 (output/ deleted)
2-wordpress-export,output/pages/home-new-march/images/3.png,public/images/old-site/pages/home-new-march/3.webp,copy; original kept in git a0d6a32 (output/ deleted)
2-wordpress-export,output/pages/home-new-march/images/3a20866206fed5bea77ff0c721434860.png,public/images/old-site/pages/home-new-march/3a20866206fed5bea77ff0c721434860.webp,copy; original kept in git a0d6a32 (output/ deleted)
2-wordpress-export,output/pages/home-new-march/images/4.png,public/images/old-site/pages/home-new-march/4.webp,copy; original kept in git a0d6a32 (output/ deleted)
2-wordpress-export,output/pages/home-new-march/images/5.png,public/images/old-site/pages/home-new-march/5.webp,copy; original kept in git a0d6a32 (output/ deleted)
2-wordpress-export,output/pages/home-new-march/images/56586f772359337904d777f79f4c3428.png,public/images/old-site/pages/home-new-march/56586f772359337904d777f79f4c3428.webp,copy; original kept in git a0d6a32 (output/ deleted)
2-wordpress-export,output/pages/home-new-march/images/5f3c6a3c928d81d48848c6b64b351b3a.png,public/images/old-site/pages/home-new-march/5f3c6a3c928d81d48848c6b64b351b3a.webp,copy; original kept in git a0d6a32 (output/ deleted)
2-wordpress-export,output/pages/home-new-march/images/5f537a42aad7aceaac286659728a02ea.png,public/images/old-site/pages/home-new-march/5f537a42aad7aceaac286659728a02ea.webp,copy; original kept in git a0d6a32 (output/ deleted)
2-wordpress-export,output/pages/home-new-march/images/69c265c7498b496ae05c5790385d56a8.png,public/images/old-site/pages/home-new-march/69c265c7498b496ae05c5790385d56a8.webp,copy; original kept in git a0d6a32 (output/ deleted)
2-wordpress-export,output/pages/home-new-march/images/6fc7dedfc0a80ff28a346cafe7eba95c.jpg,public/images/old-site/pages/home-new-march/6fc7dedfc0a80ff28a346cafe7eba95c.webp,copy; original kept in git a0d6a32 (output/ deleted)
2-wordpress-export,output/pages/home-new-march/images/7.png,public/images/old-site/pages/home-new-march/7.webp,copy; original kept in git a0d6a32 (output/ deleted)
2-wordpress-export,output/pages/home-new-march/images/84a865d3cc64ba88fde25b3e54c851cf.png,public/images/old-site/pages/home-new-march/84a865d3cc64ba88fde25b3e54c851cf.webp,copy; original kept in git a0d6a32 (output/ deleted)
2-wordpress-export,output/pages/home-new-march/images/a7bb01df4c10bb90baf8256f3c112e8c-1.jpg,public/images/old-site/pages/home-new-march/a7bb01df4c10bb90baf8256f3c112e8c-1.webp,copy; original kept in git a0d6a32 (output/ deleted)
2-wordpress-export,output/pages/home-new-march/images/a7bb01df4c10bb90baf8256f3c112e8c.jpg,public/images/old-site/pages/home-new-march/a7bb01df4c10bb90baf8256f3c112e8c.webp,copy; original kept in git a0d6a32 (output/ deleted)
2-wordpress-export,output/pages/home-new-march/images/bfc84daacd44554cfdd33e2e2e1a66d9.png,public/images/old-site/pages/home-new-march/bfc84daacd44554cfdd33e2e2e1a66d9.webp,copy; original kept in git a0d6a32 (output/ deleted)
2-wordpress-export,output/pages/home-new-march/images/c5476e1eb403c6b4d33982a6b7346484.png,public/images/old-site/pages/home-new-march/c5476e1eb403c6b4d33982a6b7346484.webp,copy; original kept in git a0d6a32 (output/ deleted)
2-wordpress-export,output/pages/home-new-march/images/child-150x150.png,public/images/old-site/pages/home-new-march/child-150x150.webp,copy; original kept in git a0d6a32 (output/ deleted)
2-wordpress-export,output/pages/home-new-march/images/child.png,public/images/old-site/pages/home-new-march/child.webp,copy; original kept in git a0d6a32 (output/ deleted)
2-wordpress-export,output/pages/home-new-march/images/colorful-sky-with-few-clouds-it-1-scaled.webp,public/images/old-site/pages/home-new-march/colorful-sky-with-few-clouds-it-1-scaled.webp,copy; original kept in git a0d6a32 (output/ deleted)
2-wordpress-export,output/pages/home-new-march/images/couple-150x150.png,public/images/old-site/pages/home-new-march/couple-150x150.webp,copy; original kept in git a0d6a32 (output/ deleted)
2-wordpress-export,output/pages/home-new-march/images/couple.png,public/images/old-site/pages/home-new-march/couple.webp,copy; original kept in git a0d6a32 (output/ deleted)
2-wordpress-export,output/pages/home-new-march/images/Design-Your-Destiny-copy.jpg,public/images/old-site/pages/home-new-march/Design-Your-Destiny-copy.webp,copy; original kept in git a0d6a32 (output/ deleted)
2-wordpress-export,output/pages/home-new-march/images/Design-Your-Destiny.jpg,public/images/old-site/pages/home-new-march/Design-Your-Destiny.webp,copy; original kept in git a0d6a32 (output/ deleted)
2-wordpress-export,output/pages/home-new-march/images/dhyan-with-happy-face-copy-1-1-896x1024.webp,public/images/old-site/pages/home-new-march/dhyan-with-happy-face-copy-1-1-896x1024.webp,copy; original kept in git a0d6a32 (output/ deleted)
2-wordpress-export,output/pages/home-new-march/images/dhyan-with-happy-face-copy-1-1-scaled.webp,public/images/old-site/pages/home-new-march/dhyan-with-happy-face-copy-1-1-scaled.webp,copy; original kept in git a0d6a32 (output/ deleted)
2-wordpress-export,output/pages/home-new-march/images/DJI_0966-scaled.jpg,public/images/old-site/pages/home-new-march/DJI_0966-scaled.webp,copy; original kept in git a0d6a32 (output/ deleted)
2-wordpress-export,output/pages/home-new-march/images/ecb79ac637c46db2e0f7a3867b92d06f.png,public/images/old-site/pages/home-new-march/ecb79ac637c46db2e0f7a3867b92d06f.webp,copy; original kept in git a0d6a32 (output/ deleted)
2-wordpress-export,output/pages/home-new-march/images/ece4d7c98f0adbc06d7203c2552b22c5.png,public/images/old-site/pages/home-new-march/ece4d7c98f0adbc06d7203c2552b22c5.webp,copy; original kept in git a0d6a32 (output/ deleted)
2-wordpress-export,output/pages/home-new-march/images/family-150x150.png,public/images/old-site/pages/home-new-march/family-150x150.webp,copy; original kept in git a0d6a32 (output/ deleted)
2-wordpress-export,output/pages/home-new-march/images/family.png,public/images/old-site/pages/home-new-march/family.webp,copy; original kept in git a0d6a32 (output/ deleted)
2-wordpress-export,output/pages/home-new-march/images/gospelforasia-RT18-03070-qvla74wkzfu03jfb5e7plwpddk8afeo1uqh0978hb4.jpeg,public/images/old-site/pages/home-new-march/gospelforasia-RT18-03070-qvla74wkzfu03jf-5eb465.webp,copy; original kept in git a0d6a32 (output/ deleted)
2-wordpress-export,output/pages/home-new-march/images/gospelforasia-RT18-03070.jpeg,public/images/old-site/pages/home-new-march/gospelforasia-RT18-03070.webp,copy; original kept in git a0d6a32 (output/ deleted)
2-wordpress-export,output/pages/home-new-march/images/Group-1.png,public/images/old-site/pages/home-new-march/Group-1.webp,copy; original kept in git a0d6a32 (output/ deleted)
2-wordpress-export,output/pages/home-new-march/images/Group-2.png,public/images/old-site/pages/home-new-march/Group-2.webp,copy; original kept in git a0d6a32 (output/ deleted)
2-wordpress-export,output/pages/home-new-march/images/Group-26.png,public/images/old-site/pages/home-new-march/Group-26.webp,copy; original kept in git a0d6a32 (output/ deleted)
2-wordpress-export,output/pages/home-new-march/images/Group-3.png,public/images/old-site/pages/home-new-march/Group-3.webp,copy; original kept in git a0d6a32 (output/ deleted)
2-wordpress-export,output/pages/home-new-march/images/Har-Ghar-Shiksha-1.webp,public/images/old-site/pages/home-new-march/Har-Ghar-Shiksha-1.webp,copy; original kept in git a0d6a32 (output/ deleted)
2-wordpress-export,output/pages/home-new-march/images/Har-Ghar-Shiksha.webp,public/images/old-site/pages/home-new-march/Har-Ghar-Shiksha.webp,copy; original kept in git a0d6a32 (output/ deleted)
2-wordpress-export,output/pages/home-new-march/images/har-ki-pauri-is-famous-ghat-banks-ganges-haridwar-india-1-scaled.webp,public/images/old-site/pages/home-new-march/har-ki-pauri-is-famous-ghat-banks-ganges-213abe.webp,copy; original kept in git a0d6a32 (output/ deleted)
2-wordpress-export,output/pages/home-new-march/images/headache-150x150.png,public/images/old-site/pages/home-new-march/headache-150x150.webp,copy; original kept in git a0d6a32 (output/ deleted)
2-wordpress-export,output/pages/home-new-march/images/headache.png,public/images/old-site/pages/home-new-march/headache.webp,copy; original kept in git a0d6a32 (output/ deleted)
2-wordpress-export,output/pages/home-new-march/images/heart.png,public/images/old-site/pages/home-new-march/heart.webp,copy; original kept in git a0d6a32 (output/ deleted)
2-wordpress-export,output/pages/home-new-march/images/home-outreach-texture-scaled.webp,public/images/old-site/pages/home-new-march/home-outreach-texture-scaled.webp,copy; original kept in git a0d6a32 (output/ deleted)
2-wordpress-export,output/pages/home-new-march/images/IMG-20200818-WA0055.jpg,public/images/old-site/pages/home-new-march/IMG-20200818-WA0055.webp,copy; original kept in git a0d6a32 (output/ deleted)
2-wordpress-export,output/pages/home-new-march/images/IMG-20200818-WA0064.jpg,public/images/old-site/pages/home-new-march/IMG-20200818-WA0064.webp,copy; original kept in git a0d6a32 (output/ deleted)
2-wordpress-export,output/pages/home-new-march/images/IMG_1317-scaled-qycnje1x5jro0x3zk3hzanf2tn181d8a1m064pjdls.webp,public/images/old-site/pages/home-new-march/IMG_1317-scaled-qycnje1x5jro0x3zk3hzanf2tn181d8a1m064pjdls.webp,copy; original kept in git a0d6a32 (output/ deleted)
2-wordpress-export,output/pages/home-new-march/images/IMG_6943-scaled.webp,public/images/old-site/pages/home-new-march/IMG_6943-scaled.webp,copy; original kept in git a0d6a32 (output/ deleted)
2-wordpress-export,output/pages/home-new-march/images/manoj-singh.png,public/images/old-site/pages/home-new-march/manoj-singh.webp,copy; original kept in git a0d6a32 (output/ deleted)
2-wordpress-export,output/pages/home-new-march/images/Mastering-Lifes-Challenges-1-300x287-1.png,public/images/old-site/pages/home-new-march/Mastering-Lifes-Challenges-1-300x287-1.webp,copy; original kept in git a0d6a32 (output/ deleted)
2-wordpress-export,output/pages/home-new-march/images/mental-disorder.png,public/images/old-site/pages/home-new-march/mental-disorder.webp,copy; original kept in git a0d6a32 (output/ deleted)
2-wordpress-export,output/pages/home-new-march/images/overthinking-150x150.png,public/images/old-site/pages/home-new-march/overthinking-150x150.webp,copy; original kept in git a0d6a32 (output/ deleted)
2-wordpress-export,output/pages/home-new-march/images/overthinking.png,public/images/old-site/pages/home-new-march/overthinking.webp,copy; original kept in git a0d6a32 (output/ deleted)
2-wordpress-export,output/pages/home-new-march/images/pexels-caleboquendo-3023317-scaled.jpg,public/images/old-site/pages/home-new-march/pexels-caleboquendo-3023317-scaled.webp,copy; original kept in git a0d6a32 (output/ deleted)
2-wordpress-export,output/pages/home-new-march/images/pexels-dejongwout-750896-scaled.jpg,public/images/old-site/pages/home-new-march/pexels-dejongwout-750896-scaled.webp,copy; original kept in git a0d6a32 (output/ deleted)
2-wordpress-export,output/pages/home-new-march/images/png-1.png,public/images/old-site/pages/home-new-march/png-1.webp,copy; original kept in git a0d6a32 (output/ deleted)
2-wordpress-export,output/pages/home-new-march/images/rachel-rossitto-5-1024x780-1.jpeg,public/images/old-site/pages/home-new-march/rachel-rossitto-5-1024x780-1.webp,copy; original kept in git a0d6a32 (output/ deleted)
2-wordpress-export,output/pages/home-new-march/images/Rectangle-1211.png,public/images/old-site/pages/home-new-march/Rectangle-1211.webp,copy; original kept in git a0d6a32 (output/ deleted)
2-wordpress-export,output/pages/home-new-march/images/Rectangle-1212.png,public/images/old-site/pages/home-new-march/Rectangle-1212.webp,copy; original kept in git a0d6a32 (output/ deleted)
2-wordpress-export,output/pages/home-new-march/images/Rectangle-1213.png,public/images/old-site/pages/home-new-march/Rectangle-1213.webp,copy; original kept in git a0d6a32 (output/ deleted)
2-wordpress-export,output/pages/home-new-march/images/Rectangle-23-1.png,public/images/old-site/pages/home-new-march/Rectangle-23-1.webp,copy; original kept in git a0d6a32 (output/ deleted)
2-wordpress-export,output/pages/home-new-march/images/Rectangle-23.png,public/images/old-site/pages/home-new-march/Rectangle-23.webp,copy; original kept in git a0d6a32 (output/ deleted)
2-wordpress-export,output/pages/home-new-march/images/reema-singh.png,public/images/old-site/pages/home-new-march/reema-singh.webp,copy; original kept in git a0d6a32 (output/ deleted)
2-wordpress-export,output/pages/home-new-march/images/Sage-Clinic_Negative-Thought_Young-depressed-male.jpeg,public/images/old-site/pages/home-new-march/Sage-Clinic_Negative-Thought_Young-depressed-male.webp,copy; original kept in git a0d6a32 (output/ deleted)
2-wordpress-export,output/pages/home-new-march/images/Sakshi-Shree-EXCLUSIVE-1-2.png,public/images/old-site/pages/home-new-march/Sakshi-Shree-EXCLUSIVE-1-2.webp,copy; original kept in git a0d6a32 (output/ deleted)
2-wordpress-export,output/pages/home-new-march/images/Science_Divine_Banner-banner-foundation.webp,public/images/old-site/pages/home-new-march/Science_Divine_Banner-banner-foundation.webp,copy; original kept in git a0d6a32 (output/ deleted)
2-wordpress-export,output/pages/home-new-march/images/Screen-Shot-2024-04-28-at-11.57.28-PM.png,public/images/old-site/pages/home-new-march/Screen-Shot-2024-04-28-at-11.57.28-PM.webp,copy; original kept in git a0d6a32 (output/ deleted)
2-wordpress-export,output/pages/home-new-march/images/Screen-Shot-2024-04-28-at-11.57.39-PM.png,public/images/old-site/pages/home-new-march/Screen-Shot-2024-04-28-at-11.57.39-PM.webp,copy; original kept in git a0d6a32 (output/ deleted)
2-wordpress-export,output/pages/home-new-march/images/Screen-Shot-2024-04-28-at-11.57.48-PM.png,public/images/old-site/pages/home-new-march/Screen-Shot-2024-04-28-at-11.57.48-PM.webp,copy; original kept in git a0d6a32 (output/ deleted)
2-wordpress-export,output/pages/home-new-march/images/Screen-Shot-2024-04-28-at-11.57.53-PM.png,public/images/old-site/pages/home-new-march/Screen-Shot-2024-04-28-at-11.57.53-PM.webp,copy; original kept in git a0d6a32 (output/ deleted)
2-wordpress-export,output/pages/home-new-march/images/shikha-yadav.png,public/images/old-site/pages/home-new-march/shikha-yadav.webp,copy; original kept in git a0d6a32 (output/ deleted)
2-wordpress-export,output/pages/home-new-march/images/sleeping-150x150.png,public/images/old-site/pages/home-new-march/sleeping-150x150.webp,copy; original kept in git a0d6a32 (output/ deleted)
2-wordpress-export,output/pages/home-new-march/images/sleeping.png,public/images/old-site/pages/home-new-march/sleeping.webp,copy; original kept in git a0d6a32 (output/ deleted)
2-wordpress-export,output/pages/home-new-march/images/som-bansal.png,public/images/old-site/pages/home-new-march/som-bansal.webp,copy; original kept in git a0d6a32 (output/ deleted)
2-wordpress-export,output/pages/home-new-march/images/the-psychology-behind-negative-thoughts.webp,public/images/old-site/pages/home-new-march/the-psychology-behind-negative-thoughts.webp,copy; original kept in git a0d6a32 (output/ deleted)
2-wordpress-export,output/pages/home-new-march/images/Unravelling-the-Power-of-Meditation-1-300x288-1.png,public/images/old-site/pages/home-new-march/Unravelling-the-Power-of-Meditation-1-300x288-1.webp,copy; original kept in git a0d6a32 (output/ deleted)
2-wordpress-export,output/pages/home-new-march/images/Untitled-design-1-e1741772761959.webp,public/images/old-site/pages/home-new-march/Untitled-design-1-e1741772761959.webp,copy; original kept in git a0d6a32 (output/ deleted)
2-wordpress-export,output/pages/home-new-march/images/Untitled-design-1.png,public/images/old-site/pages/home-new-march/Untitled-design-1.webp,copy; original kept in git a0d6a32 (output/ deleted)
2-wordpress-export,output/pages/home-new-march/images/Untitled-design-2-1.webp,public/images/old-site/pages/home-new-march/Untitled-design-2-1.webp,copy; original kept in git a0d6a32 (output/ deleted)
2-wordpress-export,output/pages/home-new-march/images/Untitled-design-3-1.webp,public/images/old-site/pages/home-new-march/Untitled-design-3-1.webp,copy; original kept in git a0d6a32 (output/ deleted)
2-wordpress-export,output/pages/home-new-march/images/Untitled-design.png,public/images/old-site/pages/home-new-march/Untitled-design.webp,copy; original kept in git a0d6a32 (output/ deleted)
2-wordpress-export,output/pages/home-new-march/images/Untitled-design.webp,public/images/old-site/pages/home-new-march/Untitled-design-webp.webp,copy; original kept in git a0d6a32 (output/ deleted)
2-wordpress-export,output/pages/home-new-march/images/What-Is-Positive-Thinking-300x205-1.png,public/images/old-site/pages/home-new-march/What-Is-Positive-Thinking-300x205-1.webp,copy; original kept in git a0d6a32 (output/ deleted)
2-wordpress-export,output/pages/home-new-march/images/WhatsApp-Image-2024-08-09-at-5.19.24-PM.webp,public/images/old-site/pages/home-new-march/WhatsApp-Image-2024-08-09-at-5.19.24-PM.webp,copy; original kept in git a0d6a32 (output/ deleted)
2-wordpress-export,output/pages/home-new-march/images/wwwwwwwww.png,public/images/old-site/pages/home-new-march/wwwwwwwww.webp,copy; original kept in git a0d6a32 (output/ deleted)
2-wordpress-export,output/pages/home-new-march/images/yoga-150x150.png,public/images/old-site/pages/home-new-march/yoga-150x150.webp,copy; original kept in git a0d6a32 (output/ deleted)
2-wordpress-export,output/pages/home-new-march/images/yoga.png,public/images/old-site/pages/home-new-march/yoga.webp,copy; original kept in git a0d6a32 (output/ deleted)
2-wordpress-export,output/pages/initiatives/images/1633154977-1633154976312.avif,public/images/old-site/pages/initiatives/1633154977-1633154976312.webp,copy; original kept in git a0d6a32 (output/ deleted)
2-wordpress-export,output/pages/initiatives/images/2.jpg,public/images/old-site/pages/initiatives/2.webp,copy; original kept in git a0d6a32 (output/ deleted)
2-wordpress-export,output/pages/initiatives/images/22.jpg,public/images/old-site/pages/initiatives/22.webp,copy; original kept in git a0d6a32 (output/ deleted)
2-wordpress-export,output/pages/initiatives/images/3-1.png,public/images/old-site/pages/initiatives/3-1.webp,copy; original kept in git a0d6a32 (output/ deleted)
2-wordpress-export,output/pages/initiatives/images/3.webp,public/images/old-site/pages/initiatives/3.webp,copy; original kept in git a0d6a32 (output/ deleted)
2-wordpress-export,output/pages/initiatives/images/33.jpg,public/images/old-site/pages/initiatives/33.webp,copy; original kept in git a0d6a32 (output/ deleted)
2-wordpress-export,output/pages/initiatives/images/4-1.png,public/images/old-site/pages/initiatives/4-1.webp,copy; original kept in git a0d6a32 (output/ deleted)
2-wordpress-export,output/pages/initiatives/images/44.jpg,public/images/old-site/pages/initiatives/44.webp,copy; original kept in git a0d6a32 (output/ deleted)
2-wordpress-export,output/pages/initiatives/images/AAP_0044-1-1.webp,public/images/old-site/pages/initiatives/AAP_0044-1-1.webp,copy; original kept in git a0d6a32 (output/ deleted)
2-wordpress-export,output/pages/initiatives/images/gospelforasia-RT18-03070.jpeg,public/images/old-site/pages/initiatives/gospelforasia-RT18-03070.webp,copy; original kept in git a0d6a32 (output/ deleted)
2-wordpress-export,output/pages/initiatives/images/image-10.webp,public/images/old-site/pages/initiatives/image-10.webp,copy; original kept in git a0d6a32 (output/ deleted)
2-wordpress-export,output/pages/initiatives/images/IMG-20200818-WA0055.jpg,public/images/old-site/pages/initiatives/IMG-20200818-WA0055.webp,copy; original kept in git a0d6a32 (output/ deleted)
2-wordpress-export,output/pages/initiatives/images/Screen-Shot-2024-04-28-at-11.44.27-PM.png,public/images/old-site/pages/initiatives/Screen-Shot-2024-04-28-at-11.44.27-PM.webp,copy; original kept in git a0d6a32 (output/ deleted)
2-wordpress-export,output/pages/initiatives/images/Self-Conscious.jpeg,public/images/old-site/pages/initiatives/Self-Conscious.webp,copy; original kept in git a0d6a32 (output/ deleted)
2-wordpress-export,output/pages/initiatives/images/WhatsApp-Image-2025-04-04-at-1.02.45-PM.jpeg,public/images/old-site/pages/initiatives/WhatsApp-Image-2025-04-04-at-1.02.45-PM.webp,copy; original kept in git a0d6a32 (output/ deleted)
2-wordpress-export,output/pages/initiatives/images/young-img1.jpg,public/images/old-site/pages/initiatives/young-img1.webp,copy; original kept in git a0d6a32 (output/ deleted)
2-wordpress-export,output/pages/join-sunday-event/images/meditation-1-scaled.webp,public/images/old-site/pages/join-sunday-event/meditation-1-scaled.webp,copy; original kept in git a0d6a32 (output/ deleted)
2-wordpress-export,output/pages/join-sunday-event/images/silhouette-young-woman-is-practicing-yoga-1-scaled.webp,public/images/old-site/pages/join-sunday-event/silhouette-young-woman-is-practicing-yoga-1-scaled.webp,copy; original kept in git a0d6a32 (output/ deleted)
2-wordpress-export,output/pages/landing-page-copy-2/images/02USA_Banner-santa-clara-los-angles.jpg,public/images/old-site/pages/landing-page-copy-2/02USA_Banner-santa-clara-los-angles.webp,copy; original kept in git a0d6a32 (output/ deleted)
2-wordpress-export,output/pages/landing-page-copy-2/images/1693895901-research-shows-three-1.png,public/images/old-site/pages/landing-page-copy-2/1693895901-research-shows-three-1.webp,copy; original kept in git a0d6a32 (output/ deleted)
2-wordpress-export,output/pages/landing-page-copy-2/images/1693895903-research-shows-four-1.png,public/images/old-site/pages/landing-page-copy-2/1693895903-research-shows-four-1.webp,copy; original kept in git a0d6a32 (output/ deleted)
2-wordpress-export,output/pages/landing-page-copy-2/images/1693895906-research-shows-two-1-1.png,public/images/old-site/pages/landing-page-copy-2/1693895906-research-shows-two-1-1.webp,copy; original kept in git a0d6a32 (output/ deleted)
2-wordpress-export,output/pages/landing-page-copy-2/images/1693895910-research-shows-one-1.png,public/images/old-site/pages/landing-page-copy-2/1693895910-research-shows-one-1.webp,copy; original kept in git a0d6a32 (output/ deleted)
2-wordpress-export,output/pages/landing-page-copy-2/images/8d65893a1e12f7952b864918371bb882-1.png,public/images/old-site/pages/landing-page-copy-2/8d65893a1e12f7952b864918371bb882-1.webp,copy; original kept in git a0d6a32 (output/ deleted)
2-wordpress-export,output/pages/landing-page-copy-2/images/Rectangle-59.jpg,public/images/old-site/pages/landing-page-copy-2/Rectangle-59.webp,copy; original kept in git a0d6a32 (output/ deleted)
2-wordpress-export,output/pages/landing-page-copy-2/images/Screen-Shot-2023-04-28-at-7.54-1.png,public/images/old-site/pages/landing-page-copy-2/Screen-Shot-2023-04-28-at-7.54-1.webp,copy; original kept in git a0d6a32 (output/ deleted)
2-wordpress-export,output/pages/landing-page-copy-2/images/Screen-Shot-2023-04-28-at-7.54.png,public/images/old-site/pages/landing-page-copy-2/Screen-Shot-2023-04-28-at-7.54.webp,copy; original kept in git a0d6a32 (output/ deleted)
2-wordpress-export,output/pages/landing-page-copy-2/images/Screen-Shot-2023-04-28-at-8.01-1.png,public/images/old-site/pages/landing-page-copy-2/Screen-Shot-2023-04-28-at-8.01-1.webp,copy; original kept in git a0d6a32 (output/ deleted)
2-wordpress-export,output/pages/manifestation/images/Anxiety-Quote-1.jpg,public/images/old-site/pages/manifestation/Anxiety-Quote-1.webp,copy; original kept in git a0d6a32 (output/ deleted)
2-wordpress-export,output/pages/manifestation/images/Anxiety-Quote-2.jpg,public/images/old-site/pages/manifestation/Anxiety-Quote-2.webp,copy; original kept in git a0d6a32 (output/ deleted)
2-wordpress-export,output/pages/manifestation/images/Anxiety-Quote-3.jpg,public/images/old-site/pages/manifestation/Anxiety-Quote-3.webp,copy; original kept in git a0d6a32 (output/ deleted)
2-wordpress-export,output/pages/manifestation/images/Anxiety-Quote-4.jpg,public/images/old-site/pages/manifestation/Anxiety-Quote-4.webp,copy; original kept in git a0d6a32 (output/ deleted)
2-wordpress-export,output/pages/manifestation/images/Anxiety-Quote-5.jpg,public/images/old-site/pages/manifestation/Anxiety-Quote-5.webp,copy; original kept in git a0d6a32 (output/ deleted)
2-wordpress-export,output/pages/manifestation/images/Anxiety-Quote-6.jpg,public/images/old-site/pages/manifestation/Anxiety-Quote-6.webp,copy; original kept in git a0d6a32 (output/ deleted)
2-wordpress-export,output/pages/manifestation/images/Anxiety-Quote-7.jpg,public/images/old-site/pages/manifestation/Anxiety-Quote-7.webp,copy; original kept in git a0d6a32 (output/ deleted)
2-wordpress-export,output/pages/manifestation/images/Anxiety-Quote-8.jpg,public/images/old-site/pages/manifestation/Anxiety-Quote-8.webp,copy; original kept in git a0d6a32 (output/ deleted)
2-wordpress-export,output/pages/manifestation/images/Anxiety-Quote-9.jpg,public/images/old-site/pages/manifestation/Anxiety-Quote-9.webp,copy; original kept in git a0d6a32 (output/ deleted)
2-wordpress-export,output/pages/meditation/images/Anxiety-Quote-1.jpg,public/images/old-site/pages/meditation/Anxiety-Quote-1.webp,copy; original kept in git a0d6a32 (output/ deleted)
2-wordpress-export,output/pages/meditation/images/Anxiety-Quote-2.jpg,public/images/old-site/pages/meditation/Anxiety-Quote-2.webp,copy; original kept in git a0d6a32 (output/ deleted)
2-wordpress-export,output/pages/meditation/images/Anxiety-Quote-3.jpg,public/images/old-site/pages/meditation/Anxiety-Quote-3.webp,copy; original kept in git a0d6a32 (output/ deleted)
2-wordpress-export,output/pages/meditation/images/Anxiety-Quote-4.jpg,public/images/old-site/pages/meditation/Anxiety-Quote-4.webp,copy; original kept in git a0d6a32 (output/ deleted)
2-wordpress-export,output/pages/meditation/images/Anxiety-Quote-5.jpg,public/images/old-site/pages/meditation/Anxiety-Quote-5.webp,copy; original kept in git a0d6a32 (output/ deleted)
2-wordpress-export,output/pages/meditation/images/Anxiety-Quote-6.jpg,public/images/old-site/pages/meditation/Anxiety-Quote-6.webp,copy; original kept in git a0d6a32 (output/ deleted)
2-wordpress-export,output/pages/meditation/images/Anxiety-Quote-7.jpg,public/images/old-site/pages/meditation/Anxiety-Quote-7.webp,copy; original kept in git a0d6a32 (output/ deleted)
2-wordpress-export,output/pages/meditation/images/Anxiety-Quote-8.jpg,public/images/old-site/pages/meditation/Anxiety-Quote-8.webp,copy; original kept in git a0d6a32 (output/ deleted)
2-wordpress-export,output/pages/meditation/images/Anxiety-Quote-9.jpg,public/images/old-site/pages/meditation/Anxiety-Quote-9.webp,copy; original kept in git a0d6a32 (output/ deleted)
2-wordpress-export,output/pages/mind-power-meditation-2/images/Group-50.png,public/images/old-site/pages/mind-power-meditation-2/Group-50.webp,copy; original kept in git a0d6a32 (output/ deleted)
2-wordpress-export,output/pages/mind-power-meditation-2/images/Mandala-08-7.png,public/images/old-site/pages/mind-power-meditation-2/Mandala-08-7.webp,copy; original kept in git a0d6a32 (output/ deleted)
2-wordpress-export,output/pages/mind-power-meditation-2/images/pexels-nicollazzi-xiong-668353-scaled.jpg,public/images/old-site/pages/mind-power-meditation-2/pexels-nicollazzi-xiong-668353-scaled.webp,copy; original kept in git a0d6a32 (output/ deleted)
2-wordpress-export,output/pages/mind-power-meditation-2/images/Rectangle-284.png,public/images/old-site/pages/mind-power-meditation-2/Rectangle-284.webp,copy; original kept in git a0d6a32 (output/ deleted)
2-wordpress-export,output/pages/mind-power-meditation-2/images/Screen-Shot-2023-08-27-at-11.00.04-AM.png,public/images/old-site/pages/mind-power-meditation-2/Screen-Shot-2023-08-27-at-11.00.04-AM.webp,copy; original kept in git a0d6a32 (output/ deleted)
2-wordpress-export,output/pages/mind-power-meditation-2/images/Untitled-design-76.png,public/images/old-site/pages/mind-power-meditation-2/Untitled-design-76.webp,copy; original kept in git a0d6a32 (output/ deleted)
2-wordpress-export,output/pages/mind-power-meditation-2/images/yoga-lady-in-asana1622108923.jpg,public/images/old-site/pages/mind-power-meditation-2/yoga-lady-in-asana1622108923.webp,copy; original kept in git a0d6a32 (output/ deleted)
2-wordpress-export,output/pages/mind-power-meditation-landing-page/images/8d65893a1e12f7952b864918371bb882-1.png,public/images/old-site/pages/mind-power-meditation-landing-page/8d65893a1e12f7952b864918371bb882-1.webp,copy; original kept in git a0d6a32 (output/ deleted)
2-wordpress-export,output/pages/mind-power-meditation-landing-page/images/Ellipse-38.png,public/images/old-site/pages/mind-power-meditation-landing-page/Ellipse-38.webp,copy; original kept in git a0d6a32 (output/ deleted)
2-wordpress-export,output/pages/mind-power-meditation-landing-page/images/image-12.png,public/images/old-site/pages/mind-power-meditation-landing-page/image-12.webp,copy; original kept in git a0d6a32 (output/ deleted)
2-wordpress-export,output/pages/mind-power-meditation-landing-page/images/image-13.png,public/images/old-site/pages/mind-power-meditation-landing-page/image-13.webp,copy; original kept in git a0d6a32 (output/ deleted)
2-wordpress-export,output/pages/mind-power-meditation-landing-page/images/Layer-1.png,public/images/old-site/pages/mind-power-meditation-landing-page/Layer-1.webp,copy; original kept in git a0d6a32 (output/ deleted)
2-wordpress-export,output/pages/mind-power-meditation-landing-page/images/Layer-2.png,public/images/old-site/pages/mind-power-meditation-landing-page/Layer-2.webp,copy; original kept in git a0d6a32 (output/ deleted)
2-wordpress-export,output/pages/mind-power-meditation-landing-page/images/Layer-21.png,public/images/old-site/pages/mind-power-meditation-landing-page/Layer-21.webp,copy; original kept in git a0d6a32 (output/ deleted)
2-wordpress-export,output/pages/mind-power-meditation-landing-page/images/Layer-22.png,public/images/old-site/pages/mind-power-meditation-landing-page/Layer-22.webp,copy; original kept in git a0d6a32 (output/ deleted)
2-wordpress-export,output/pages/mind-power-meditation-landing-page/images/Rectangle-340.png,public/images/old-site/pages/mind-power-meditation-landing-page/Rectangle-340.webp,copy; original kept in git a0d6a32 (output/ deleted)
2-wordpress-export,output/pages/mind-power-meditation/images/1693895901-research-shows-three-1.png,public/images/old-site/pages/mind-power-meditation/1693895901-research-shows-three-1.webp,copy; original kept in git a0d6a32 (output/ deleted)
2-wordpress-export,output/pages/mind-power-meditation/images/1693895903-research-shows-four-1.png,public/images/old-site/pages/mind-power-meditation/1693895903-research-shows-four-1.webp,copy; original kept in git a0d6a32 (output/ deleted)
2-wordpress-export,output/pages/mind-power-meditation/images/1693895906-research-shows-two-1-1.png,public/images/old-site/pages/mind-power-meditation/1693895906-research-shows-two-1-1.webp,copy; original kept in git a0d6a32 (output/ deleted)
2-wordpress-export,output/pages/mind-power-meditation/images/1693895910-research-shows-one-1.png,public/images/old-site/pages/mind-power-meditation/1693895910-research-shows-one-1.webp,copy; original kept in git a0d6a32 (output/ deleted)
2-wordpress-export,output/pages/mind-power-meditation/images/651fc89a25635db7a0e5309b_Frame-2-1.png,public/images/old-site/pages/mind-power-meditation/651fc89a25635db7a0e5309b_Frame-2-1.webp,copy; original kept in git a0d6a32 (output/ deleted)
2-wordpress-export,output/pages/mind-power-meditation/images/651fc915c87a9d5daaa98adb_Icon-3-1.png,public/images/old-site/pages/mind-power-meditation/651fc915c87a9d5daaa98adb_Icon-3-1.webp,copy; original kept in git a0d6a32 (output/ deleted)
2-wordpress-export,output/pages/mind-power-meditation/images/651fc93c262ba8e696be1107_icon1-1.png,public/images/old-site/pages/mind-power-meditation/651fc93c262ba8e696be1107_icon1-1.webp,copy; original kept in git a0d6a32 (output/ deleted)
2-wordpress-export,output/pages/mind-power-meditation/images/651fc9f32693b049340e24ae_icon-4-1.png,public/images/old-site/pages/mind-power-meditation/651fc9f32693b049340e24ae_icon-4-1.webp,copy; original kept in git a0d6a32 (output/ deleted)
2-wordpress-export,output/pages/mind-power-meditation/images/Group-25.png,public/images/old-site/pages/mind-power-meditation/Group-25.webp,copy; original kept in git a0d6a32 (output/ deleted)
2-wordpress-export,output/pages/mind-power-meditation/images/Group-2611.png,public/images/old-site/pages/mind-power-meditation/Group-2611.webp,copy; original kept in git a0d6a32 (output/ deleted)
2-wordpress-export,output/pages/mind-power-meditation/images/Group-2622.png,public/images/old-site/pages/mind-power-meditation/Group-2622.webp,copy; original kept in git a0d6a32 (output/ deleted)
2-wordpress-export,output/pages/mind-power-meditation/images/pexels-felipe-borges-964530-2597205-1.png,public/images/old-site/pages/mind-power-meditation/pexels-felipe-borges-964530-2597205-1.webp,copy; original kept in git a0d6a32 (output/ deleted)
2-wordpress-export,output/pages/mindfulness/images/Anxiety-Quote-1.jpg,public/images/old-site/pages/mindfulness/Anxiety-Quote-1.webp,copy; original kept in git a0d6a32 (output/ deleted)
2-wordpress-export,output/pages/mindfulness/images/Anxiety-Quote-2.jpg,public/images/old-site/pages/mindfulness/Anxiety-Quote-2.webp,copy; original kept in git a0d6a32 (output/ deleted)
2-wordpress-export,output/pages/mindfulness/images/Anxiety-Quote-3.jpg,public/images/old-site/pages/mindfulness/Anxiety-Quote-3.webp,copy; original kept in git a0d6a32 (output/ deleted)
2-wordpress-export,output/pages/mindfulness/images/Anxiety-Quote-4.jpg,public/images/old-site/pages/mindfulness/Anxiety-Quote-4.webp,copy; original kept in git a0d6a32 (output/ deleted)
2-wordpress-export,output/pages/mindfulness/images/Anxiety-Quote-5.jpg,public/images/old-site/pages/mindfulness/Anxiety-Quote-5.webp,copy; original kept in git a0d6a32 (output/ deleted)
2-wordpress-export,output/pages/mindfulness/images/Anxiety-Quote-6.jpg,public/images/old-site/pages/mindfulness/Anxiety-Quote-6.webp,copy; original kept in git a0d6a32 (output/ deleted)
2-wordpress-export,output/pages/mindfulness/images/Anxiety-Quote-7.jpg,public/images/old-site/pages/mindfulness/Anxiety-Quote-7.webp,copy; original kept in git a0d6a32 (output/ deleted)
2-wordpress-export,output/pages/mindfulness/images/Anxiety-Quote-8.jpg,public/images/old-site/pages/mindfulness/Anxiety-Quote-8.webp,copy; original kept in git a0d6a32 (output/ deleted)
2-wordpress-export,output/pages/mindfulness/images/Anxiety-Quote-9.jpg,public/images/old-site/pages/mindfulness/Anxiety-Quote-9.webp,copy; original kept in git a0d6a32 (output/ deleted)
2-wordpress-export,output/pages/new-har-ghar-shiksha/images/equanimity.png,public/images/old-site/pages/new-har-ghar-shiksha/equanimity.webp,copy; original kept in git a0d6a32 (output/ deleted)
2-wordpress-export,output/pages/new-har-ghar-shiksha/images/graduation-cap.png,public/images/old-site/pages/new-har-ghar-shiksha/graduation-cap.webp,copy; original kept in git a0d6a32 (output/ deleted)
2-wordpress-export,output/pages/new-har-ghar-shiksha/images/growth-mindset.png,public/images/old-site/pages/new-har-ghar-shiksha/growth-mindset.webp,copy; original kept in git a0d6a32 (output/ deleted)
2-wordpress-export,output/pages/new-har-ghar-shiksha/images/IMG_1319-1-1-1-1024x448.webp,public/images/old-site/pages/new-har-ghar-shiksha/IMG_1319-1-1-1-1024x448.webp,copy; original kept in git a0d6a32 (output/ deleted)
2-wordpress-export,output/pages/new-har-ghar-shiksha/images/IMG_6954-1-1024x409.webp,public/images/old-site/pages/new-har-ghar-shiksha/IMG_6954-1-1024x409.webp,copy; original kept in git a0d6a32 (output/ deleted)
2-wordpress-export,output/pages/new-har-ghar-shiksha/images/mzlvjnkn-1-956x1024.webp,public/images/old-site/pages/new-har-ghar-shiksha/mzlvjnkn-1-956x1024.webp,copy; original kept in git a0d6a32 (output/ deleted)
2-wordpress-export,output/pages/new-har-ghar-shiksha/images/Screenshot-2025-04-09-143636.png,public/images/old-site/pages/new-har-ghar-shiksha/Screenshot-2025-04-09-143636.webp,copy; original kept in git a0d6a32 (output/ deleted)
2-wordpress-export,output/pages/new-har-ghar-shiksha/images/Screenshot-2025-04-09-143646.png,public/images/old-site/pages/new-har-ghar-shiksha/Screenshot-2025-04-09-143646.webp,copy; original kept in git a0d6a32 (output/ deleted)
2-wordpress-export,output/pages/new-har-ghar-shiksha/images/Screenshot-2025-04-09-143656.png,public/images/old-site/pages/new-har-ghar-shiksha/Screenshot-2025-04-09-143656.webp,copy; original kept in git a0d6a32 (output/ deleted)
2-wordpress-export,output/pages/new-har-ghar-shiksha/images/WhatsApp-Image-2025-04-04-at-1.02.45-PM.jpeg,public/images/old-site/pages/new-har-ghar-shiksha/WhatsApp-Image-2025-04-04-at-1.02.45-PM.webp,copy; original kept in git a0d6a32 (output/ deleted)
2-wordpress-export,output/pages/new-sample-page/images/Benefits-of-Balanced-Chakras.jpg,public/images/old-site/pages/new-sample-page/Benefits-of-Balanced-Chakras.webp,copy; original kept in git a0d6a32 (output/ deleted)
2-wordpress-export,output/pages/new-sample-page/images/Gomti-Chakra.png,public/images/old-site/pages/new-sample-page/Gomti-Chakra.webp,copy; original kept in git a0d6a32 (output/ deleted)
2-wordpress-export,output/pages/new-sample-page/images/pricing-icon-02.png,public/images/old-site/pages/new-sample-page/pricing-icon-02.webp,copy; original kept in git a0d6a32 (output/ deleted)
2-wordpress-export,output/pages/new-sample-page/images/The-Seven-Chakras.jpg,public/images/old-site/pages/new-sample-page/The-Seven-Chakras.webp,copy; original kept in git a0d6a32 (output/ deleted)
2-wordpress-export,output/pages/nirman-sewa/images/68e1283030a9a9921940f4d6.png,public/images/old-site/pages/nirman-sewa/68e1283030a9a9921940f4d6.webp,copy; original kept in git a0d6a32 (output/ deleted)
2-wordpress-export,output/pages/nirman-sewa/images/693168430b0f9d1b2d8a1231.jpg,public/images/old-site/pages/nirman-sewa/693168430b0f9d1b2d8a1231.webp,copy; original kept in git a0d6a32 (output/ deleted)
2-wordpress-export,output/pages/nirman-sewa/images/6931718de0f0925ecc8ae233.jpg,public/images/old-site/pages/nirman-sewa/6931718de0f0925ecc8ae233.webp,copy; original kept in git a0d6a32 (output/ deleted)
2-wordpress-export,output/pages/nirman-sewa/images/693171dbe0f09249538aebc5.jpg,public/images/old-site/pages/nirman-sewa/693171dbe0f09249538aebc5.webp,copy; original kept in git a0d6a32 (output/ deleted)
2-wordpress-export,output/pages/nirman-sewa/images/693172390b0f9d727a8ba4b4.jpg,public/images/old-site/pages/nirman-sewa/693172390b0f9d727a8ba4b4.webp,copy; original kept in git a0d6a32 (output/ deleted)
2-wordpress-export,output/pages/nirman-sewa/images/693176d7f3fe2a69ab6e64fa.jpg,public/images/old-site/pages/nirman-sewa/693176d7f3fe2a69ab6e64fa.webp,copy; original kept in git a0d6a32 (output/ deleted)
2-wordpress-export,output/pages/overthinking/images/Anxiety-Quote-1.jpg,public/images/old-site/pages/overthinking/Anxiety-Quote-1.webp,copy; original kept in git a0d6a32 (output/ deleted)
2-wordpress-export,output/pages/overthinking/images/Anxiety-Quote-2.jpg,public/images/old-site/pages/overthinking/Anxiety-Quote-2.webp,copy; original kept in git a0d6a32 (output/ deleted)
2-wordpress-export,output/pages/overthinking/images/Anxiety-Quote-3.jpg,public/images/old-site/pages/overthinking/Anxiety-Quote-3.webp,copy; original kept in git a0d6a32 (output/ deleted)
2-wordpress-export,output/pages/overthinking/images/Anxiety-Quote-4.jpg,public/images/old-site/pages/overthinking/Anxiety-Quote-4.webp,copy; original kept in git a0d6a32 (output/ deleted)
2-wordpress-export,output/pages/overthinking/images/Anxiety-Quote-5.jpg,public/images/old-site/pages/overthinking/Anxiety-Quote-5.webp,copy; original kept in git a0d6a32 (output/ deleted)
2-wordpress-export,output/pages/overthinking/images/Anxiety-Quote-6.jpg,public/images/old-site/pages/overthinking/Anxiety-Quote-6.webp,copy; original kept in git a0d6a32 (output/ deleted)
2-wordpress-export,output/pages/overthinking/images/Anxiety-Quote-7.jpg,public/images/old-site/pages/overthinking/Anxiety-Quote-7.webp,copy; original kept in git a0d6a32 (output/ deleted)
2-wordpress-export,output/pages/overthinking/images/Anxiety-Quote-8.jpg,public/images/old-site/pages/overthinking/Anxiety-Quote-8.webp,copy; original kept in git a0d6a32 (output/ deleted)
2-wordpress-export,output/pages/overthinking/images/Anxiety-Quote-9.jpg,public/images/old-site/pages/overthinking/Anxiety-Quote-9.webp,copy; original kept in git a0d6a32 (output/ deleted)
2-wordpress-export,output/pages/overthinking/images/Overthinking-scaled.jpg,public/images/old-site/pages/overthinking/Overthinking-scaled.webp,copy; original kept in git a0d6a32 (output/ deleted)
2-wordpress-export,output/pages/parenting/images/Anxiety-Quote-1.jpg,public/images/old-site/pages/parenting/Anxiety-Quote-1.webp,copy; original kept in git a0d6a32 (output/ deleted)
2-wordpress-export,output/pages/parenting/images/Anxiety-Quote-2.jpg,public/images/old-site/pages/parenting/Anxiety-Quote-2.webp,copy; original kept in git a0d6a32 (output/ deleted)
2-wordpress-export,output/pages/parenting/images/Anxiety-Quote-3.jpg,public/images/old-site/pages/parenting/Anxiety-Quote-3.webp,copy; original kept in git a0d6a32 (output/ deleted)
2-wordpress-export,output/pages/parenting/images/Anxiety-Quote-4.jpg,public/images/old-site/pages/parenting/Anxiety-Quote-4.webp,copy; original kept in git a0d6a32 (output/ deleted)
2-wordpress-export,output/pages/parenting/images/Anxiety-Quote-5.jpg,public/images/old-site/pages/parenting/Anxiety-Quote-5.webp,copy; original kept in git a0d6a32 (output/ deleted)
2-wordpress-export,output/pages/parenting/images/Anxiety-Quote-6.jpg,public/images/old-site/pages/parenting/Anxiety-Quote-6.webp,copy; original kept in git a0d6a32 (output/ deleted)
2-wordpress-export,output/pages/parenting/images/Anxiety-Quote-7.jpg,public/images/old-site/pages/parenting/Anxiety-Quote-7.webp,copy; original kept in git a0d6a32 (output/ deleted)
2-wordpress-export,output/pages/parenting/images/Anxiety-Quote-8.jpg,public/images/old-site/pages/parenting/Anxiety-Quote-8.webp,copy; original kept in git a0d6a32 (output/ deleted)
2-wordpress-export,output/pages/parenting/images/Anxiety-Quote-9.jpg,public/images/old-site/pages/parenting/Anxiety-Quote-9.webp,copy; original kept in git a0d6a32 (output/ deleted)
2-wordpress-export,output/pages/parenting/images/Parenting-scaled.jpg,public/images/old-site/pages/parenting/Parenting-scaled.webp,copy; original kept in git a0d6a32 (output/ deleted)
2-wordpress-export,output/pages/personal-session/images/01.png,public/images/old-site/pages/personal-session/01.webp,copy; original kept in git a0d6a32 (output/ deleted)
2-wordpress-export,output/pages/personal-session/images/02-1-1.png,public/images/old-site/pages/personal-session/02-1-1.webp,copy; original kept in git a0d6a32 (output/ deleted)
2-wordpress-export,output/pages/personal-session/images/02.png,public/images/old-site/pages/personal-session/02.webp,copy; original kept in git a0d6a32 (output/ deleted)
2-wordpress-export,output/pages/personal-session/images/04-1-1.png,public/images/old-site/pages/personal-session/04-1-1.webp,copy; original kept in git a0d6a32 (output/ deleted)
2-wordpress-export,output/pages/personal-session/images/09-1.png,public/images/old-site/pages/personal-session/09-1.webp,copy; original kept in git a0d6a32 (output/ deleted)
2-wordpress-export,output/pages/personal-session/images/1-1.webp,public/images/old-site/pages/personal-session/1-1.webp,copy; original kept in git a0d6a32 (output/ deleted)
2-wordpress-export,output/pages/personal-session/images/1.jpg,public/images/old-site/pages/personal-session/1.webp,copy; original kept in git a0d6a32 (output/ deleted)
2-wordpress-export,output/pages/personal-session/images/1003.png,public/images/old-site/pages/personal-session/1003.webp,copy; original kept in git a0d6a32 (output/ deleted)
2-wordpress-export,output/pages/personal-session/images/11.png,public/images/old-site/pages/personal-session/11.webp,copy; original kept in git a0d6a32 (output/ deleted)
2-wordpress-export,output/pages/personal-session/images/12.png,public/images/old-site/pages/personal-session/12.webp,copy; original kept in git a0d6a32 (output/ deleted)
2-wordpress-export,output/pages/personal-session/images/14.png,public/images/old-site/pages/personal-session/14.webp,copy; original kept in git a0d6a32 (output/ deleted)
2-wordpress-export,output/pages/personal-session/images/2-1.webp,public/images/old-site/pages/personal-session/2-1.webp,copy; original kept in git a0d6a32 (output/ deleted)
2-wordpress-export,output/pages/personal-session/images/2.jpg,public/images/old-site/pages/personal-session/2.webp,copy; original kept in git a0d6a32 (output/ deleted)
2-wordpress-export,output/pages/personal-session/images/3-1.webp,public/images/old-site/pages/personal-session/3-1.webp,copy; original kept in git a0d6a32 (output/ deleted)
2-wordpress-export,output/pages/personal-session/images/3.jpg,public/images/old-site/pages/personal-session/3.webp,copy; original kept in git a0d6a32 (output/ deleted)
2-wordpress-export,output/pages/personal-session/images/4-1.webp,public/images/old-site/pages/personal-session/4-1.webp,copy; original kept in git a0d6a32 (output/ deleted)
2-wordpress-export,output/pages/personal-session/images/4.jpg,public/images/old-site/pages/personal-session/4.webp,copy; original kept in git a0d6a32 (output/ deleted)
2-wordpress-export,output/pages/personal-session/images/4389602-scaled.jpg,public/images/old-site/pages/personal-session/4389602-scaled.webp,copy; original kept in git a0d6a32 (output/ deleted)
2-wordpress-export,output/pages/personal-session/images/5.jpg,public/images/old-site/pages/personal-session/5.webp,copy; original kept in git a0d6a32 (output/ deleted)
2-wordpress-export,output/pages/personal-session/images/AAP_0044-1.webp.bv_resized_desktop.webp.bv_.webp,public/images/old-site/pages/personal-session/AAP_0044-1.webp.bv_resized_desktop.webp.bv_.webp,copy; original kept in git a0d6a32 (output/ deleted)
2-wordpress-export,output/pages/personal-session/images/AAP_0044-removebg-preview.png,public/images/old-site/pages/personal-session/AAP_0044-removebg-preview.webp,copy; original kept in git a0d6a32 (output/ deleted)
2-wordpress-export,output/pages/personal-session/images/AAP_0178-1-1-1.webp,public/images/old-site/pages/personal-session/AAP_0178-1-1-1.webp,copy; original kept in git a0d6a32 (output/ deleted)
2-wordpress-export,output/pages/personal-session/images/Bg.png,public/images/old-site/pages/personal-session/Bg.webp,copy; original kept in git a0d6a32 (output/ deleted)
2-wordpress-export,output/pages/personal-session/images/Group-71-1-1-scaled.webp,public/images/old-site/pages/personal-session/Group-71-1-1-scaled.webp,copy; original kept in git a0d6a32 (output/ deleted)
2-wordpress-export,output/pages/personal-session/images/Group-91-1-scaled.webp,public/images/old-site/pages/personal-session/Group-91-1-scaled.webp,copy; original kept in git a0d6a32 (output/ deleted)
2-wordpress-export,output/pages/personal-session/images/image-1-1.webp,public/images/old-site/pages/personal-session/image-1-1.webp,copy; original kept in git a0d6a32 (output/ deleted)
2-wordpress-export,output/pages/personal-session/images/image-1.webp,public/images/old-site/pages/personal-session/image-1.webp,copy; original kept in git a0d6a32 (output/ deleted)
2-wordpress-export,output/pages/personal-session/images/image-10.png,public/images/old-site/pages/personal-session/image-10.webp,copy; original kept in git a0d6a32 (output/ deleted)
2-wordpress-export,output/pages/personal-session/images/image-14-1.png,public/images/old-site/pages/personal-session/image-14-1.webp,copy; original kept in git a0d6a32 (output/ deleted)
2-wordpress-export,output/pages/personal-session/images/image-19-1.png,public/images/old-site/pages/personal-session/image-19-1.webp,copy; original kept in git a0d6a32 (output/ deleted)
2-wordpress-export,output/pages/personal-session/images/image-21-1.png,public/images/old-site/pages/personal-session/image-21-1.webp,copy; original kept in git a0d6a32 (output/ deleted)
2-wordpress-export,output/pages/personal-session/images/image-24-1.webp,public/images/old-site/pages/personal-session/image-24-1.webp,copy; original kept in git a0d6a32 (output/ deleted)
2-wordpress-export,output/pages/personal-session/images/image-32-1-1-scaled.webp,public/images/old-site/pages/personal-session/image-32-1-1-scaled.webp,copy; original kept in git a0d6a32 (output/ deleted)
2-wordpress-export,output/pages/personal-session/images/image-9.png,public/images/old-site/pages/personal-session/image-9.webp,copy; original kept in git a0d6a32 (output/ deleted)
2-wordpress-export,output/pages/personal-session/images/image_Nero-AI_Face-1-1.png,public/images/old-site/pages/personal-session/image_Nero-AI_Face-1-1.webp,copy; original kept in git a0d6a32 (output/ deleted)
2-wordpress-export,output/pages/personal-session/images/image_Nero-AI_Face-2.png,public/images/old-site/pages/personal-session/image_Nero-AI_Face-2.webp,copy; original kept in git a0d6a32 (output/ deleted)
2-wordpress-export,output/pages/personal-session/images/IMG-20240115-WA0102_Nero-AI_Face-1.png,public/images/old-site/pages/personal-session/IMG-20240115-WA0102_Nero-AI_Face-1.webp,copy; original kept in git a0d6a32 (output/ deleted)
2-wordpress-export,output/pages/personal-session/images/IMG-20240115-WA0109_Nero-AI_Face-1-1-1.png,public/images/old-site/pages/personal-session/IMG-20240115-WA0109_Nero-AI_Face-1-1-1.webp,copy; original kept in git a0d6a32 (output/ deleted)
2-wordpress-export,output/pages/personal-session/images/IMG_0899.webp,public/images/old-site/pages/personal-session/IMG_0899.webp,copy; original kept in git a0d6a32 (output/ deleted)
2-wordpress-export,output/pages/personal-session/images/IMG_1312-scaled.webp,public/images/old-site/pages/personal-session/IMG_1312-scaled.webp,copy; original kept in git a0d6a32 (output/ deleted)
2-wordpress-export,output/pages/personal-session/images/IMG_1317-scaled.webp,public/images/old-site/pages/personal-session/IMG_1317-scaled.webp,copy; original kept in git a0d6a32 (output/ deleted)
2-wordpress-export,output/pages/personal-session/images/IMG_1335-scaled.jpg,public/images/old-site/pages/personal-session/IMG_1335-scaled.webp,copy; original kept in git a0d6a32 (output/ deleted)
2-wordpress-export,output/pages/personal-session/images/IMG_1379-scaled.jpg,public/images/old-site/pages/personal-session/IMG_1379-scaled.webp,copy; original kept in git a0d6a32 (output/ deleted)
2-wordpress-export,output/pages/personal-session/images/IMG_3580-1-scaled.webp,public/images/old-site/pages/personal-session/IMG_3580-1-scaled.webp,copy; original kept in git a0d6a32 (output/ deleted)
2-wordpress-export,output/pages/personal-session/images/IMG_8430-scaled.webp,public/images/old-site/pages/personal-session/IMG_8430-scaled.webp,copy; original kept in git a0d6a32 (output/ deleted)
2-wordpress-export,output/pages/personal-session/images/kabdvksbhk-1-scaled.webp,public/images/old-site/pages/personal-session/kabdvksbhk-1-scaled.webp,copy; original kept in git a0d6a32 (output/ deleted)
2-wordpress-export,output/pages/personal-session/images/LSNDFLKN-1.png,public/images/old-site/pages/personal-session/LSNDFLKN-1.webp,copy; original kept in git a0d6a32 (output/ deleted)
2-wordpress-export,output/pages/personal-session/images/mandala-drawing-coloring-book-art-painting-mandala-png-af7f3fd6179f319fd64c3045a8b6db3e-5.webp,public/images/old-site/pages/personal-session/mandala-drawing-coloring-book-art-painti-5e6a15.webp,copy; original kept in git a0d6a32 (output/ deleted)
2-wordpress-export,output/pages/personal-session/images/Mask-group-10-1.png,public/images/old-site/pages/personal-session/Mask-group-10-1.webp,copy; original kept in git a0d6a32 (output/ deleted)
2-wordpress-export,output/pages/personal-session/images/Mask-group-11-1.png,public/images/old-site/pages/personal-session/Mask-group-11-1.webp,copy; original kept in git a0d6a32 (output/ deleted)
2-wordpress-export,output/pages/personal-session/images/Mask-group-12-1.png,public/images/old-site/pages/personal-session/Mask-group-12-1.webp,copy; original kept in git a0d6a32 (output/ deleted)
2-wordpress-export,output/pages/personal-session/images/Mask-group-14-1-scaled.webp,public/images/old-site/pages/personal-session/Mask-group-14-1-scaled.webp,copy; original kept in git a0d6a32 (output/ deleted)
2-wordpress-export,output/pages/personal-session/images/Mask-group-14.png,public/images/old-site/pages/personal-session/Mask-group-14.webp,copy; original kept in git a0d6a32 (output/ deleted)
2-wordpress-export,output/pages/personal-session/images/Mask-group-15-1-1.png,public/images/old-site/pages/personal-session/Mask-group-15-1-1.webp,copy; original kept in git a0d6a32 (output/ deleted)
2-wordpress-export,output/pages/personal-session/images/Mask-group-15-1.png,public/images/old-site/pages/personal-session/Mask-group-15-1.webp,copy; original kept in git a0d6a32 (output/ deleted)
2-wordpress-export,output/pages/personal-session/images/Mask-group-6.png,public/images/old-site/pages/personal-session/Mask-group-6.webp,copy; original kept in git a0d6a32 (output/ deleted)
2-wordpress-export,output/pages/personal-session/images/Mask-group-7.png,public/images/old-site/pages/personal-session/Mask-group-7.webp,copy; original kept in git a0d6a32 (output/ deleted)
2-wordpress-export,output/pages/personal-session/images/Mask-group-8.png,public/images/old-site/pages/personal-session/Mask-group-8.webp,copy; original kept in git a0d6a32 (output/ deleted)
2-wordpress-export,output/pages/personal-session/images/Mask-group-9-1.png,public/images/old-site/pages/personal-session/Mask-group-9-1.webp,copy; original kept in git a0d6a32 (output/ deleted)
2-wordpress-export,output/pages/personal-session/images/Meditation-2-1.png,public/images/old-site/pages/personal-session/Meditation-2-1.webp,copy; original kept in git a0d6a32 (output/ deleted)
2-wordpress-export,output/pages/personal-session/images/new.webp,public/images/old-site/pages/personal-session/new.webp,copy; original kept in git a0d6a32 (output/ deleted)
2-wordpress-export,output/pages/personal-session/images/powered_by_razorpay.png,public/images/old-site/pages/personal-session/powered_by_razorpay.webp,copy; original kept in git a0d6a32 (output/ deleted)
2-wordpress-export,output/pages/personal-session/images/Screenshot-2024-11-26-154449.png,public/images/old-site/pages/personal-session/Screenshot-2024-11-26-154449.webp,copy; original kept in git a0d6a32 (output/ deleted)
2-wordpress-export,output/pages/personal-session/images/Step-01-1.webp,public/images/old-site/pages/personal-session/Step-01-1.webp,copy; original kept in git a0d6a32 (output/ deleted)
2-wordpress-export,output/pages/personal-session/images/Step-02-1.webp,public/images/old-site/pages/personal-session/Step-02-1.webp,copy; original kept in git a0d6a32 (output/ deleted)
2-wordpress-export,output/pages/personal-session/images/Step-03-Copy-1.webp,public/images/old-site/pages/personal-session/Step-03-Copy-1.webp,copy; original kept in git a0d6a32 (output/ deleted)
2-wordpress-export,output/pages/personal-session/images/thumbnails.jpg,public/images/old-site/pages/personal-session/thumbnails.webp,copy; original kept in git a0d6a32 (output/ deleted)
2-wordpress-export,output/pages/personal-session/images/Untitled-design-1-scaled.webp,public/images/old-site/pages/personal-session/Untitled-design-1-scaled.webp,copy; original kept in git a0d6a32 (output/ deleted)
2-wordpress-export,output/pages/personal-session/images/Untitled-design-scaled.jpg,public/images/old-site/pages/personal-session/Untitled-design-scaled.webp,copy; original kept in git a0d6a32 (output/ deleted)
2-wordpress-export,output/pages/personal-session/images/WhatsApp-Image-2024-07-13-at-18.25.34_73815f1e-1-1.png,public/images/old-site/pages/personal-session/WhatsApp-Image-2024-07-13-at-18.25.34_73815f1e-1-1.webp,copy; original kept in git a0d6a32 (output/ deleted)
2-wordpress-export,output/pages/personal-session/images/WhatsApp-Image-2024-07-26-at-11.39.06_81ab3a55-1.png,public/images/old-site/pages/personal-session/WhatsApp-Image-2024-07-26-at-11.39.06_81ab3a55-1.webp,copy; original kept in git a0d6a32 (output/ deleted)
2-wordpress-export,output/pages/personal-session/images/WhatsApp-Image-2024-07-26-at-12.20.57_e5bc8a98-1.png,public/images/old-site/pages/personal-session/WhatsApp-Image-2024-07-26-at-12.20.57_e5bc8a98-1.webp,copy; original kept in git a0d6a32 (output/ deleted)
2-wordpress-export,output/pages/personal-session/images/WhatsApp-Image-2024-07-26-at-12.35.22_a5b77f0a-1.png,public/images/old-site/pages/personal-session/WhatsApp-Image-2024-07-26-at-12.35.22_a5b77f0a-1.webp,copy; original kept in git a0d6a32 (output/ deleted)
2-wordpress-export,output/pages/personal-session/images/WhatsApp-Image-2024-07-26-at-12.35.24_2181c7cf-1.png,public/images/old-site/pages/personal-session/WhatsApp-Image-2024-07-26-at-12.35.24_2181c7cf-1.webp,copy; original kept in git a0d6a32 (output/ deleted)
2-wordpress-export,output/pages/personal-session/images/WhatsApp-Image-2024-07-26-at-12.36.12_799010bb-1.png,public/images/old-site/pages/personal-session/WhatsApp-Image-2024-07-26-at-12.36.12_799010bb-1.webp,copy; original kept in git a0d6a32 (output/ deleted)
2-wordpress-export,output/pages/podcast/images/Podcast-With-Sakshi-Shree.png,public/images/old-site/pages/podcast/Podcast-With-Sakshi-Shree.webp,copy; original kept in git a0d6a32 (output/ deleted)
2-wordpress-export,output/pages/podcast/images/Podcast.jpg,public/images/old-site/pages/podcast/Podcast.webp,copy; original kept in git a0d6a32 (output/ deleted)
2-wordpress-export,output/pages/podcast/images/Rectangle-293.png,public/images/old-site/pages/podcast/Rectangle-293.webp,copy; original kept in git a0d6a32 (output/ deleted)
2-wordpress-export,output/pages/podcast/images/Rectangle-294.png,public/images/old-site/pages/podcast/Rectangle-294.webp,copy; original kept in git a0d6a32 (output/ deleted)
2-wordpress-export,output/pages/podcast/images/Screen-Shot-2023-05-07-at-9.17.41-PM.png,public/images/old-site/pages/podcast/Screen-Shot-2023-05-07-at-9.17.41-PM.webp,copy; original kept in git a0d6a32 (output/ deleted)
2-wordpress-export,output/pages/positive-thinking/images/Anxiety-Quote-1.jpg,public/images/old-site/pages/positive-thinking/Anxiety-Quote-1.webp,copy; original kept in git a0d6a32 (output/ deleted)
2-wordpress-export,output/pages/positive-thinking/images/Anxiety-Quote-2.jpg,public/images/old-site/pages/positive-thinking/Anxiety-Quote-2.webp,copy; original kept in git a0d6a32 (output/ deleted)
2-wordpress-export,output/pages/positive-thinking/images/Anxiety-Quote-3.jpg,public/images/old-site/pages/positive-thinking/Anxiety-Quote-3.webp,copy; original kept in git a0d6a32 (output/ deleted)
2-wordpress-export,output/pages/positive-thinking/images/Anxiety-Quote-4.jpg,public/images/old-site/pages/positive-thinking/Anxiety-Quote-4.webp,copy; original kept in git a0d6a32 (output/ deleted)
2-wordpress-export,output/pages/positive-thinking/images/Anxiety-Quote-5.jpg,public/images/old-site/pages/positive-thinking/Anxiety-Quote-5.webp,copy; original kept in git a0d6a32 (output/ deleted)
2-wordpress-export,output/pages/positive-thinking/images/Anxiety-Quote-6.jpg,public/images/old-site/pages/positive-thinking/Anxiety-Quote-6.webp,copy; original kept in git a0d6a32 (output/ deleted)
2-wordpress-export,output/pages/positive-thinking/images/Anxiety-Quote-7.jpg,public/images/old-site/pages/positive-thinking/Anxiety-Quote-7.webp,copy; original kept in git a0d6a32 (output/ deleted)
2-wordpress-export,output/pages/positive-thinking/images/Anxiety-Quote-8.jpg,public/images/old-site/pages/positive-thinking/Anxiety-Quote-8.webp,copy; original kept in git a0d6a32 (output/ deleted)
2-wordpress-export,output/pages/positive-thinking/images/Anxiety-Quote-9.jpg,public/images/old-site/pages/positive-thinking/Anxiety-Quote-9.webp,copy; original kept in git a0d6a32 (output/ deleted)
2-wordpress-export,output/pages/privacy-policy/images/1f4e7.svg,public/images/old-site/pages/privacy-policy/1f4e7.svg,copy; original kept in git a0d6a32 (output/ deleted)
2-wordpress-export,output/pages/privacy-policy/images/1f5fa.svg,public/images/old-site/pages/privacy-policy/1f5fa.svg,copy; original kept in git a0d6a32 (output/ deleted)
2-wordpress-export,output/pages/relationship/images/Anxiety-Quote-1.jpg,public/images/old-site/pages/relationship/Anxiety-Quote-1.webp,copy; original kept in git a0d6a32 (output/ deleted)
2-wordpress-export,output/pages/relationship/images/Anxiety-Quote-2.jpg,public/images/old-site/pages/relationship/Anxiety-Quote-2.webp,copy; original kept in git a0d6a32 (output/ deleted)
2-wordpress-export,output/pages/relationship/images/Anxiety-Quote-3.jpg,public/images/old-site/pages/relationship/Anxiety-Quote-3.webp,copy; original kept in git a0d6a32 (output/ deleted)
2-wordpress-export,output/pages/relationship/images/Anxiety-Quote-4.jpg,public/images/old-site/pages/relationship/Anxiety-Quote-4.webp,copy; original kept in git a0d6a32 (output/ deleted)
2-wordpress-export,output/pages/relationship/images/Anxiety-Quote-5.jpg,public/images/old-site/pages/relationship/Anxiety-Quote-5.webp,copy; original kept in git a0d6a32 (output/ deleted)
2-wordpress-export,output/pages/relationship/images/Anxiety-Quote-6.jpg,public/images/old-site/pages/relationship/Anxiety-Quote-6.webp,copy; original kept in git a0d6a32 (output/ deleted)
2-wordpress-export,output/pages/relationship/images/Anxiety-Quote-7.jpg,public/images/old-site/pages/relationship/Anxiety-Quote-7.webp,copy; original kept in git a0d6a32 (output/ deleted)
2-wordpress-export,output/pages/relationship/images/Anxiety-Quote-8.jpg,public/images/old-site/pages/relationship/Anxiety-Quote-8.webp,copy; original kept in git a0d6a32 (output/ deleted)
2-wordpress-export,output/pages/relationship/images/Anxiety-Quote-9.jpg,public/images/old-site/pages/relationship/Anxiety-Quote-9.webp,copy; original kept in git a0d6a32 (output/ deleted)
2-wordpress-export,output/pages/relationship/images/Relationship-scaled.jpg,public/images/old-site/pages/relationship/Relationship-scaled.webp,copy; original kept in git a0d6a32 (output/ deleted)
2-wordpress-export,output/pages/sample-design/images/01-1-300x300.png,public/images/old-site/pages/sample-design/01-1-300x300.webp,copy; original kept in git a0d6a32 (output/ deleted)
2-wordpress-export,output/pages/sample-design/images/02-300x300.png,public/images/old-site/pages/sample-design/02-300x300.webp,copy; original kept in git a0d6a32 (output/ deleted)
2-wordpress-export,output/pages/sample-design/images/03-300x300.png,public/images/old-site/pages/sample-design/03-300x300.webp,copy; original kept in git a0d6a32 (output/ deleted)
2-wordpress-export,output/pages/sample-design/images/323749-P9HF26-9.jpg,public/images/old-site/pages/sample-design/323749-P9HF26-9.webp,copy; original kept in git a0d6a32 (output/ deleted)
2-wordpress-export,output/pages/sample-design/images/IMG_1319-1-1-1-1024x448.webp,public/images/old-site/pages/sample-design/IMG_1319-1-1-1-1024x448.webp,copy; original kept in git a0d6a32 (output/ deleted)
2-wordpress-export,output/pages/sample-design/images/IMG_1319-1-1-1-scaled.webp,public/images/old-site/pages/sample-design/IMG_1319-1-1-1-scaled.webp,copy; original kept in git a0d6a32 (output/ deleted)
2-wordpress-export,output/pages/sample-design/images/IMG_6954-1-1024x409.webp,public/images/old-site/pages/sample-design/IMG_6954-1-1024x409.webp,copy; original kept in git a0d6a32 (output/ deleted)
2-wordpress-export,output/pages/sample-design/images/IMG_6954-1-scaled.webp,public/images/old-site/pages/sample-design/IMG_6954-1-scaled.webp,copy; original kept in git a0d6a32 (output/ deleted)
2-wordpress-export,output/pages/sample-design/images/left_imagsasase1.png,public/images/old-site/pages/sample-design/left_imagsasase1.webp,copy; original kept in git a0d6a32 (output/ deleted)
2-wordpress-export,output/pages/sample-design/images/partner_img-3-2.png,public/images/old-site/pages/sample-design/partner_img-3-2.webp,copy; original kept in git a0d6a32 (output/ deleted)
2-wordpress-export,output/pages/sample-design/images/WhatsApp-Image-2025-04-04-at-1.02.45-PM.jpeg,public/images/old-site/pages/sample-design/WhatsApp-Image-2025-04-04-at-1.02.45-PM.webp,copy; original kept in git a0d6a32 (output/ deleted)
2-wordpress-export,output/pages/sanjeevi-kriya-landing-page/images/8d65893a1e12f7952b864918371bb882-1.png,public/images/old-site/pages/sanjeevi-kriya-landing-page/8d65893a1e12f7952b864918371bb882-1.webp,copy; original kept in git a0d6a32 (output/ deleted)
2-wordpress-export,output/pages/sanjeevi-kriya-landing-page/images/Ellipse-38.png,public/images/old-site/pages/sanjeevi-kriya-landing-page/Ellipse-38.webp,copy; original kept in git a0d6a32 (output/ deleted)
2-wordpress-export,output/pages/sanjeevi-kriya-landing-page/images/image-12.png,public/images/old-site/pages/sanjeevi-kriya-landing-page/image-12.webp,copy; original kept in git a0d6a32 (output/ deleted)
2-wordpress-export,output/pages/sanjeevi-kriya-landing-page/images/image-13.png,public/images/old-site/pages/sanjeevi-kriya-landing-page/image-13.webp,copy; original kept in git a0d6a32 (output/ deleted)
2-wordpress-export,output/pages/sanjeevi-kriya-landing-page/images/Layer-1.png,public/images/old-site/pages/sanjeevi-kriya-landing-page/Layer-1.webp,copy; original kept in git a0d6a32 (output/ deleted)
2-wordpress-export,output/pages/sanjeevi-kriya-landing-page/images/Layer-2.png,public/images/old-site/pages/sanjeevi-kriya-landing-page/Layer-2.webp,copy; original kept in git a0d6a32 (output/ deleted)
2-wordpress-export,output/pages/sanjeevi-kriya-landing-page/images/Layer-21.png,public/images/old-site/pages/sanjeevi-kriya-landing-page/Layer-21.webp,copy; original kept in git a0d6a32 (output/ deleted)
2-wordpress-export,output/pages/sanjeevi-kriya-landing-page/images/Layer-22.png,public/images/old-site/pages/sanjeevi-kriya-landing-page/Layer-22.webp,copy; original kept in git a0d6a32 (output/ deleted)
2-wordpress-export,output/pages/sanjeevi-kriya-landing-page/images/Rectangle-340.png,public/images/old-site/pages/sanjeevi-kriya-landing-page/Rectangle-340.webp,copy; original kept in git a0d6a32 (output/ deleted)
2-wordpress-export,output/pages/sanjeevni-kriya-2/images/1693895901-research-shows-three-1.png,public/images/old-site/pages/sanjeevni-kriya-2/1693895901-research-shows-three-1.webp,copy; original kept in git a0d6a32 (output/ deleted)
2-wordpress-export,output/pages/sanjeevni-kriya-2/images/1693895903-research-shows-four-1.png,public/images/old-site/pages/sanjeevni-kriya-2/1693895903-research-shows-four-1.webp,copy; original kept in git a0d6a32 (output/ deleted)
2-wordpress-export,output/pages/sanjeevni-kriya-2/images/1693895906-research-shows-two-1-1.png,public/images/old-site/pages/sanjeevni-kriya-2/1693895906-research-shows-two-1-1.webp,copy; original kept in git a0d6a32 (output/ deleted)
2-wordpress-export,output/pages/sanjeevni-kriya-2/images/1693895910-research-shows-one-1.png,public/images/old-site/pages/sanjeevni-kriya-2/1693895910-research-shows-one-1.webp,copy; original kept in git a0d6a32 (output/ deleted)
2-wordpress-export,output/pages/sanjeevni-kriya-2/images/651fc89a25635db7a0e5309b_Frame-2-1.png,public/images/old-site/pages/sanjeevni-kriya-2/651fc89a25635db7a0e5309b_Frame-2-1.webp,copy; original kept in git a0d6a32 (output/ deleted)
2-wordpress-export,output/pages/sanjeevni-kriya-2/images/651fc915c87a9d5daaa98adb_Icon-3-1.png,public/images/old-site/pages/sanjeevni-kriya-2/651fc915c87a9d5daaa98adb_Icon-3-1.webp,copy; original kept in git a0d6a32 (output/ deleted)
2-wordpress-export,output/pages/sanjeevni-kriya-2/images/651fc93c262ba8e696be1107_icon1-1.png,public/images/old-site/pages/sanjeevni-kriya-2/651fc93c262ba8e696be1107_icon1-1.webp,copy; original kept in git a0d6a32 (output/ deleted)
2-wordpress-export,output/pages/sanjeevni-kriya-2/images/651fc9f32693b049340e24ae_icon-4-1.png,public/images/old-site/pages/sanjeevni-kriya-2/651fc9f32693b049340e24ae_icon-4-1.webp,copy; original kept in git a0d6a32 (output/ deleted)
2-wordpress-export,output/pages/sanjeevni-kriya-2/images/Group-25.png,public/images/old-site/pages/sanjeevni-kriya-2/Group-25.webp,copy; original kept in git a0d6a32 (output/ deleted)
2-wordpress-export,output/pages/sanjeevni-kriya-2/images/Group-2611.png,public/images/old-site/pages/sanjeevni-kriya-2/Group-2611.webp,copy; original kept in git a0d6a32 (output/ deleted)
2-wordpress-export,output/pages/sanjeevni-kriya-2/images/Group-2622.png,public/images/old-site/pages/sanjeevni-kriya-2/Group-2622.webp,copy; original kept in git a0d6a32 (output/ deleted)
2-wordpress-export,output/pages/sanjeevni-kriya-2/images/pexels-min-an-1234035-1-1.png,public/images/old-site/pages/sanjeevni-kriya-2/pexels-min-an-1234035-1-1.webp,copy; original kept in git a0d6a32 (output/ deleted)
2-wordpress-export,output/pages/sanjeevni-kriya-old/images/Ellipse-28.jpg,public/images/old-site/pages/sanjeevni-kriya-old/Ellipse-28.webp,copy; original kept in git a0d6a32 (output/ deleted)
2-wordpress-export,output/pages/sanjeevni-kriya-old/images/Ellipse-32.png,public/images/old-site/pages/sanjeevni-kriya-old/Ellipse-32.webp,copy; original kept in git a0d6a32 (output/ deleted)
2-wordpress-export,output/pages/sanjeevni-kriya-old/images/four-clicle-bg.png,public/images/old-site/pages/sanjeevni-kriya-old/four-clicle-bg.webp,copy; original kept in git a0d6a32 (output/ deleted)
2-wordpress-export,output/pages/sanjeevni-kriya-old/images/Rectangle-187.jpg,public/images/old-site/pages/sanjeevni-kriya-old/Rectangle-187.webp,copy; original kept in git a0d6a32 (output/ deleted)
2-wordpress-export,output/pages/sanjeevni-kriya-old/images/Rectangle-188.jpg,public/images/old-site/pages/sanjeevni-kriya-old/Rectangle-188.webp,copy; original kept in git a0d6a32 (output/ deleted)
2-wordpress-export,output/pages/sanjeevni-kriya-old/images/Rectangle-189.jpg,public/images/old-site/pages/sanjeevni-kriya-old/Rectangle-189.webp,copy; original kept in git a0d6a32 (output/ deleted)
2-wordpress-export,output/pages/sanjeevni-kriya-old/images/Rectangle-226.jpg,public/images/old-site/pages/sanjeevni-kriya-old/Rectangle-226.webp,copy; original kept in git a0d6a32 (output/ deleted)
2-wordpress-export,output/pages/sanjeevni-kriya-old/images/Rectangle-227.jpg,public/images/old-site/pages/sanjeevni-kriya-old/Rectangle-227.webp,copy; original kept in git a0d6a32 (output/ deleted)
2-wordpress-export,output/pages/sanjeevni-kriya/images/Group-51.png,public/images/old-site/pages/sanjeevni-kriya/Group-51.webp,copy; original kept in git a0d6a32 (output/ deleted)
2-wordpress-export,output/pages/sanjeevni-kriya/images/Mandala-08-7.png,public/images/old-site/pages/sanjeevni-kriya/Mandala-08-7.webp,copy; original kept in git a0d6a32 (output/ deleted)
2-wordpress-export,output/pages/sanjeevni-kriya/images/pexels-m-venter-1659437-scaled.jpg,public/images/old-site/pages/sanjeevni-kriya/pexels-m-venter-1659437-scaled.webp,copy; original kept in git a0d6a32 (output/ deleted)
2-wordpress-export,output/pages/sanjeevni-kriya/images/pexels-monstera-5302897-scaled.jpg,public/images/old-site/pages/sanjeevni-kriya/pexels-monstera-5302897-scaled.webp,copy; original kept in git a0d6a32 (output/ deleted)
2-wordpress-export,output/pages/sanjeevni-kriya/images/pexels-oleksandr-p-321576-scaled.jpg,public/images/old-site/pages/sanjeevni-kriya/pexels-oleksandr-p-321576-scaled.webp,copy; original kept in git a0d6a32 (output/ deleted)
2-wordpress-export,output/pages/sanjeevni-kriya/images/pexels-rdne-stock-project-8711445-1-scaled.jpg,public/images/old-site/pages/sanjeevni-kriya/pexels-rdne-stock-project-8711445-1-scaled.webp,copy; original kept in git a0d6a32 (output/ deleted)
2-wordpress-export,output/pages/sanjeevni-kriya/images/pexels-rdne-stock-project-8711445-scaled.jpg,public/images/old-site/pages/sanjeevni-kriya/pexels-rdne-stock-project-8711445-scaled.webp,copy; original kept in git a0d6a32 (output/ deleted)
2-wordpress-export,output/pages/science-of-joyful-living-march/images/1693895901-research-shows-three-1.png,public/images/old-site/pages/science-of-joyful-living-march/1693895901-research-shows-three-1.webp,copy; original kept in git a0d6a32 (output/ deleted)
2-wordpress-export,output/pages/science-of-joyful-living-march/images/1693895903-research-shows-four-1.png,public/images/old-site/pages/science-of-joyful-living-march/1693895903-research-shows-four-1.webp,copy; original kept in git a0d6a32 (output/ deleted)
2-wordpress-export,output/pages/science-of-joyful-living-march/images/1693895906-research-shows-two-1-1.png,public/images/old-site/pages/science-of-joyful-living-march/1693895906-research-shows-two-1-1.webp,copy; original kept in git a0d6a32 (output/ deleted)
2-wordpress-export,output/pages/science-of-joyful-living-march/images/1693895910-research-shows-one-1.png,public/images/old-site/pages/science-of-joyful-living-march/1693895910-research-shows-one-1.webp,copy; original kept in git a0d6a32 (output/ deleted)
2-wordpress-export,output/pages/science-of-joyful-living-march/images/651fc89a25635db7a0e5309b_Frame-2-1.png,public/images/old-site/pages/science-of-joyful-living-march/651fc89a25635db7a0e5309b_Frame-2-1.webp,copy; original kept in git a0d6a32 (output/ deleted)
2-wordpress-export,output/pages/science-of-joyful-living-march/images/651fc915c87a9d5daaa98adb_Icon-3-1.png,public/images/old-site/pages/science-of-joyful-living-march/651fc915c87a9d5daaa98adb_Icon-3-1.webp,copy; original kept in git a0d6a32 (output/ deleted)
2-wordpress-export,output/pages/science-of-joyful-living-march/images/651fc93c262ba8e696be1107_icon1-1.png,public/images/old-site/pages/science-of-joyful-living-march/651fc93c262ba8e696be1107_icon1-1.webp,copy; original kept in git a0d6a32 (output/ deleted)
2-wordpress-export,output/pages/science-of-joyful-living-march/images/651fc9f32693b049340e24ae_icon-4-1.png,public/images/old-site/pages/science-of-joyful-living-march/651fc9f32693b049340e24ae_icon-4-1.webp,copy; original kept in git a0d6a32 (output/ deleted)
2-wordpress-export,output/pages/science-of-joyful-living-march/images/dhyan-with-happy-face-copy-1-1-896x1024.webp,public/images/old-site/pages/science-of-joyful-living-march/dhyan-with-happy-face-copy-1-1-896x1024.webp,copy; original kept in git a0d6a32 (output/ deleted)
2-wordpress-export,output/pages/science-of-joyful-living-march/images/Group-25.png,public/images/old-site/pages/science-of-joyful-living-march/Group-25.webp,copy; original kept in git a0d6a32 (output/ deleted)
2-wordpress-export,output/pages/science-of-joyful-living-march/images/Group-2611.png,public/images/old-site/pages/science-of-joyful-living-march/Group-2611.webp,copy; original kept in git a0d6a32 (output/ deleted)
2-wordpress-export,output/pages/science-of-joyful-living-march/images/Group-2622.png,public/images/old-site/pages/science-of-joyful-living-march/Group-2622.webp,copy; original kept in git a0d6a32 (output/ deleted)
2-wordpress-export,output/pages/science-of-joyful-living-march/images/pexels-chetanvlad-2923157-1.png,public/images/old-site/pages/science-of-joyful-living-march/pexels-chetanvlad-2923157-1.webp,copy; original kept in git a0d6a32 (output/ deleted)
2-wordpress-export,output/pages/session/images/1633764534186.jpeg,public/images/old-site/pages/session/1633764534186.webp,copy; original kept in git a0d6a32 (output/ deleted)
2-wordpress-export,output/pages/session/images/69795b64c006d0aecd3a0e3cf0819479.png,public/images/old-site/pages/session/69795b64c006d0aecd3a0e3cf0819479.webp,copy; original kept in git a0d6a32 (output/ deleted)
2-wordpress-export,output/pages/session/images/ph_34357_128735.jpeg,public/images/old-site/pages/session/ph_34357_128735.webp,copy; original kept in git a0d6a32 (output/ deleted)
2-wordpress-export,output/pages/shiksha-sewa/images/1-1.png,public/images/old-site/pages/shiksha-sewa/1-1.webp,copy; original kept in git a0d6a32 (output/ deleted)
2-wordpress-export,output/pages/shiksha-sewa/images/4-1.png,public/images/old-site/pages/shiksha-sewa/4-1.webp,copy; original kept in git a0d6a32 (output/ deleted)
2-wordpress-export,output/pages/shiksha-sewa/images/akhilesh.png,public/images/old-site/pages/shiksha-sewa/akhilesh.webp,copy; original kept in git a0d6a32 (output/ deleted)
2-wordpress-export,output/pages/shiksha-sewa/images/approach.jpg,public/images/old-site/pages/shiksha-sewa/approach.webp,copy; original kept in git a0d6a32 (output/ deleted)
2-wordpress-export,output/pages/shiksha-sewa/images/archana-150x150.webp,public/images/old-site/pages/shiksha-sewa/archana-150x150.webp,copy; original kept in git a0d6a32 (output/ deleted)
2-wordpress-export,output/pages/shiksha-sewa/images/archana.webp,public/images/old-site/pages/shiksha-sewa/archana.webp,copy; original kept in git a0d6a32 (output/ deleted)
2-wordpress-export,output/pages/shiksha-sewa/images/donation-956x1024.webp,public/images/old-site/pages/shiksha-sewa/donation-956x1024.webp,copy; original kept in git a0d6a32 (output/ deleted)
2-wordpress-export,output/pages/shiksha-sewa/images/donation.webp,public/images/old-site/pages/shiksha-sewa/donation.webp,copy; original kept in git a0d6a32 (output/ deleted)
2-wordpress-export,output/pages/shiksha-sewa/images/guruji-1.jpg,public/images/old-site/pages/shiksha-sewa/guruji-1.webp,copy; original kept in git a0d6a32 (output/ deleted)
2-wordpress-export,output/pages/shiksha-sewa/images/guruji.jpg,public/images/old-site/pages/shiksha-sewa/guruji.webp,copy; original kept in git a0d6a32 (output/ deleted)
2-wordpress-export,output/pages/shiksha-sewa/images/guruji.webp,public/images/old-site/pages/shiksha-sewa/guruji-webp.webp,copy; original kept in git a0d6a32 (output/ deleted)
2-wordpress-export,output/pages/shiksha-sewa/images/Har-Ghar-Shiksha.webp,public/images/old-site/pages/shiksha-sewa/Har-Ghar-Shiksha.webp,copy; original kept in git a0d6a32 (output/ deleted)
2-wordpress-export,output/pages/shiksha-sewa/images/IMG_1319-1-1-1-scaled.webp,public/images/old-site/pages/shiksha-sewa/IMG_1319-1-1-1-scaled.webp,copy; original kept in git a0d6a32 (output/ deleted)
2-wordpress-export,output/pages/shiksha-sewa/images/IMG_20240420_134241288-scaled.jpg,public/images/old-site/pages/shiksha-sewa/IMG_20240420_134241288-scaled.webp,copy; original kept in git a0d6a32 (output/ deleted)
2-wordpress-export,output/pages/shiksha-sewa/images/IMG_6954-1-scaled.webp,public/images/old-site/pages/shiksha-sewa/IMG_6954-1-scaled.webp,copy; original kept in git a0d6a32 (output/ deleted)
2-wordpress-export,output/pages/shiksha-sewa/images/IMG_9938-copy.webp,public/images/old-site/pages/shiksha-sewa/IMG_9938-copy.webp,copy; original kept in git a0d6a32 (output/ deleted)
2-wordpress-export,output/pages/shiksha-sewa/images/khushi.png,public/images/old-site/pages/shiksha-sewa/khushi.webp,copy; original kept in git a0d6a32 (output/ deleted)
2-wordpress-export,output/pages/shiksha-sewa/images/leader-1.jpg,public/images/old-site/pages/shiksha-sewa/leader-1.webp,copy; original kept in git a0d6a32 (output/ deleted)
2-wordpress-export,output/pages/shiksha-sewa/images/leader-2.jpg,public/images/old-site/pages/shiksha-sewa/leader-2.webp,copy; original kept in git a0d6a32 (output/ deleted)
2-wordpress-export,output/pages/shiksha-sewa/images/leader-3.jpg,public/images/old-site/pages/shiksha-sewa/leader-3.webp,copy; original kept in git a0d6a32 (output/ deleted)
2-wordpress-export,output/pages/shiksha-sewa/images/leader-4.jpg,public/images/old-site/pages/shiksha-sewa/leader-4.webp,copy; original kept in git a0d6a32 (output/ deleted)
2-wordpress-export,output/pages/shiksha-sewa/images/leader-5-1.jpg,public/images/old-site/pages/shiksha-sewa/leader-5-1.webp,copy; original kept in git a0d6a32 (output/ deleted)
2-wordpress-export,output/pages/shiksha-sewa/images/leader-5.jpg,public/images/old-site/pages/shiksha-sewa/leader-5.webp,copy; original kept in git a0d6a32 (output/ deleted)
2-wordpress-export,output/pages/shiksha-sewa/images/media-1.jpg,public/images/old-site/pages/shiksha-sewa/media-1.webp,copy; original kept in git a0d6a32 (output/ deleted)
2-wordpress-export,output/pages/shiksha-sewa/images/media-2.jpg,public/images/old-site/pages/shiksha-sewa/media-2.webp,copy; original kept in git a0d6a32 (output/ deleted)
2-wordpress-export,output/pages/shiksha-sewa/images/ranjana.jpg,public/images/old-site/pages/shiksha-sewa/ranjana.webp,copy; original kept in git a0d6a32 (output/ deleted)
2-wordpress-export,output/pages/shiksha-sewa/images/sakshi-shree.webp,public/images/old-site/pages/shiksha-sewa/sakshi-shree.webp,copy; original kept in git a0d6a32 (output/ deleted)
2-wordpress-export,output/pages/shiksha-sewa/images/Screen-Shot-2023-05-07-at-9.16.25-PM.png,public/images/old-site/pages/shiksha-sewa/Screen-Shot-2023-05-07-at-9.16.25-PM.webp,copy; original kept in git a0d6a32 (output/ deleted)
2-wordpress-export,output/pages/shiksha-sewa/images/sneha.png,public/images/old-site/pages/shiksha-sewa/sneha.webp,copy; original kept in git a0d6a32 (output/ deleted)
2-wordpress-export,output/pages/shiksha-sewa/images/sprit.png,public/images/old-site/pages/shiksha-sewa/sprit.webp,copy; original kept in git a0d6a32 (output/ deleted)
2-wordpress-export,output/pages/shiksha-sewa/images/Untitled-design-5.webp,public/images/old-site/pages/shiksha-sewa/Untitled-design-5.webp,copy; original kept in git a0d6a32 (output/ deleted)
2-wordpress-export,output/pages/shiksha-sewa/images/vision.jpg,public/images/old-site/pages/shiksha-sewa/vision.webp,copy; original kept in git a0d6a32 (output/ deleted)
2-wordpress-export,output/pages/sleeping-disorder/images/Anxiety-Quote-1.jpg,public/images/old-site/pages/sleeping-disorder/Anxiety-Quote-1.webp,copy; original kept in git a0d6a32 (output/ deleted)
2-wordpress-export,output/pages/sleeping-disorder/images/Anxiety-Quote-2.jpg,public/images/old-site/pages/sleeping-disorder/Anxiety-Quote-2.webp,copy; original kept in git a0d6a32 (output/ deleted)
2-wordpress-export,output/pages/sleeping-disorder/images/Anxiety-Quote-3.jpg,public/images/old-site/pages/sleeping-disorder/Anxiety-Quote-3.webp,copy; original kept in git a0d6a32 (output/ deleted)
2-wordpress-export,output/pages/sleeping-disorder/images/Anxiety-Quote-4.jpg,public/images/old-site/pages/sleeping-disorder/Anxiety-Quote-4.webp,copy; original kept in git a0d6a32 (output/ deleted)
2-wordpress-export,output/pages/sleeping-disorder/images/Anxiety-Quote-5.jpg,public/images/old-site/pages/sleeping-disorder/Anxiety-Quote-5.webp,copy; original kept in git a0d6a32 (output/ deleted)
2-wordpress-export,output/pages/sleeping-disorder/images/Anxiety-Quote-6.jpg,public/images/old-site/pages/sleeping-disorder/Anxiety-Quote-6.webp,copy; original kept in git a0d6a32 (output/ deleted)
2-wordpress-export,output/pages/sleeping-disorder/images/Anxiety-Quote-7.jpg,public/images/old-site/pages/sleeping-disorder/Anxiety-Quote-7.webp,copy; original kept in git a0d6a32 (output/ deleted)
2-wordpress-export,output/pages/sleeping-disorder/images/Anxiety-Quote-8.jpg,public/images/old-site/pages/sleeping-disorder/Anxiety-Quote-8.webp,copy; original kept in git a0d6a32 (output/ deleted)
2-wordpress-export,output/pages/sleeping-disorder/images/Anxiety-Quote-9.jpg,public/images/old-site/pages/sleeping-disorder/Anxiety-Quote-9.webp,copy; original kept in git a0d6a32 (output/ deleted)
2-wordpress-export,output/pages/sleeping-disorder/images/Sleeping-Disorder-scaled.jpg,public/images/old-site/pages/sleeping-disorder/Sleeping-Disorder-scaled.webp,copy; original kept in git a0d6a32 (output/ deleted)
2-wordpress-export,output/pages/stress/images/Anxiety-Quote-1.jpg,public/images/old-site/pages/stress/Anxiety-Quote-1.webp,copy; original kept in git a0d6a32 (output/ deleted)
2-wordpress-export,output/pages/stress/images/Anxiety-Quote-2.jpg,public/images/old-site/pages/stress/Anxiety-Quote-2.webp,copy; original kept in git a0d6a32 (output/ deleted)
2-wordpress-export,output/pages/stress/images/Anxiety-Quote-3.jpg,public/images/old-site/pages/stress/Anxiety-Quote-3.webp,copy; original kept in git a0d6a32 (output/ deleted)
2-wordpress-export,output/pages/stress/images/Anxiety-Quote-4.jpg,public/images/old-site/pages/stress/Anxiety-Quote-4.webp,copy; original kept in git a0d6a32 (output/ deleted)
2-wordpress-export,output/pages/stress/images/Anxiety-Quote-5.jpg,public/images/old-site/pages/stress/Anxiety-Quote-5.webp,copy; original kept in git a0d6a32 (output/ deleted)
2-wordpress-export,output/pages/stress/images/Anxiety-Quote-6.jpg,public/images/old-site/pages/stress/Anxiety-Quote-6.webp,copy; original kept in git a0d6a32 (output/ deleted)
2-wordpress-export,output/pages/stress/images/Anxiety-Quote-7.jpg,public/images/old-site/pages/stress/Anxiety-Quote-7.webp,copy; original kept in git a0d6a32 (output/ deleted)
2-wordpress-export,output/pages/stress/images/Anxiety-Quote-8.jpg,public/images/old-site/pages/stress/Anxiety-Quote-8.webp,copy; original kept in git a0d6a32 (output/ deleted)
2-wordpress-export,output/pages/stress/images/Anxiety-Quote-9.jpg,public/images/old-site/pages/stress/Anxiety-Quote-9.webp,copy; original kept in git a0d6a32 (output/ deleted)
2-wordpress-export,output/pages/stress/images/Stress-scaled.jpg,public/images/old-site/pages/stress/Stress-scaled.webp,copy; original kept in git a0d6a32 (output/ deleted)
2-wordpress-export,output/pages/sunday-event-1-february/images/dhyan-with-happy-face-copy-1-1-896x1024.webp,public/images/old-site/pages/sunday-event-1-february/dhyan-with-happy-face-copy-1-1-896x1024.webp,copy; original kept in git a0d6a32 (output/ deleted)
2-wordpress-export,output/pages/sunday-event-1-february/images/group-five-yogi-females-sitting-sukhasana-683x1024.webp,public/images/old-site/pages/sunday-event-1-february/group-five-yogi-females-sitting-sukhasana-683x1024.webp,copy; original kept in git a0d6a32 (output/ deleted)
2-wordpress-export,output/pages/sunday-event-1-february/images/Mask-group-6.png,public/images/old-site/pages/sunday-event-1-february/Mask-group-6.webp,copy; original kept in git a0d6a32 (output/ deleted)
2-wordpress-export,output/pages/sunday-event-1-february/images/Mask-group-7.png,public/images/old-site/pages/sunday-event-1-february/Mask-group-7.webp,copy; original kept in git a0d6a32 (output/ deleted)
2-wordpress-export,output/pages/sunday-event-1-february/images/Untitled-design-2-1.webp,public/images/old-site/pages/sunday-event-1-february/Untitled-design-2-1.webp,copy; original kept in git a0d6a32 (output/ deleted)
2-wordpress-export,output/pages/sunday-event-1-february/images/Untitled-design-3-1.png,public/images/old-site/pages/sunday-event-1-february/Untitled-design-3-1.webp,copy; original kept in git a0d6a32 (output/ deleted)
2-wordpress-export,output/pages/sunday-event-1-february/images/WhatsApp-Image-2025-03-27-at-3.21.31-PM-1-1024x576.jpeg,public/images/old-site/pages/sunday-event-1-february/WhatsApp-Image-2025-03-27-at-3.21.31-PM-1-1024x576.webp,copy; original kept in git a0d6a32 (output/ deleted)
2-wordpress-export,output/pages/sunday-event-1-march/images/dhyan-with-happy-face-copy-1-1-896x1024.webp,public/images/old-site/pages/sunday-event-1-march/dhyan-with-happy-face-copy-1-1-896x1024.webp,copy; original kept in git a0d6a32 (output/ deleted)
2-wordpress-export,output/pages/sunday-event-1-march/images/group-five-yogi-females-sitting-sukhasana-683x1024.webp,public/images/old-site/pages/sunday-event-1-march/group-five-yogi-females-sitting-sukhasana-683x1024.webp,copy; original kept in git a0d6a32 (output/ deleted)
2-wordpress-export,output/pages/sunday-event-1-march/images/Mask-group-6.png,public/images/old-site/pages/sunday-event-1-march/Mask-group-6.webp,copy; original kept in git a0d6a32 (output/ deleted)
2-wordpress-export,output/pages/sunday-event-1-march/images/Mask-group-7.png,public/images/old-site/pages/sunday-event-1-march/Mask-group-7.webp,copy; original kept in git a0d6a32 (output/ deleted)
2-wordpress-export,output/pages/sunday-event-1-march/images/Untitled-design-3-1.png,public/images/old-site/pages/sunday-event-1-march/Untitled-design-3-1.webp,copy; original kept in git a0d6a32 (output/ deleted)
2-wordpress-export,output/pages/sunday-event-1-march/images/Untitled-design-3.png,public/images/old-site/pages/sunday-event-1-march/Untitled-design-3.webp,copy; original kept in git a0d6a32 (output/ deleted)
2-wordpress-export,output/pages/sunday-event-1-march/images/WhatsApp-Image-2025-03-27-at-3.21.31-PM-1-1024x576.jpeg,public/images/old-site/pages/sunday-event-1-march/WhatsApp-Image-2025-03-27-at-3.21.31-PM-1-1024x576.webp,copy; original kept in git a0d6a32 (output/ deleted)
2-wordpress-export,output/pages/sunday-event-3-may/images/dhyan-with-happy-face-copy-1-1-896x1024.webp,public/images/old-site/pages/sunday-event-3-may/dhyan-with-happy-face-copy-1-1-896x1024.webp,copy; original kept in git a0d6a32 (output/ deleted)
2-wordpress-export,output/pages/sunday-event-3-may/images/group-five-yogi-females-sitting-sukhasana-683x1024.webp,public/images/old-site/pages/sunday-event-3-may/group-five-yogi-females-sitting-sukhasana-683x1024.webp,copy; original kept in git a0d6a32 (output/ deleted)
2-wordpress-export,output/pages/sunday-event-3-may/images/Mask-group-6.png,public/images/old-site/pages/sunday-event-3-may/Mask-group-6.webp,copy; original kept in git a0d6a32 (output/ deleted)
2-wordpress-export,output/pages/sunday-event-3-may/images/Mask-group-7.png,public/images/old-site/pages/sunday-event-3-may/Mask-group-7.webp,copy; original kept in git a0d6a32 (output/ deleted)
2-wordpress-export,output/pages/sunday-event-3-may/images/Untitled-design-3-1.png,public/images/old-site/pages/sunday-event-3-may/Untitled-design-3-1.webp,copy; original kept in git a0d6a32 (output/ deleted)
2-wordpress-export,output/pages/sunday-event-3-may/images/WhatsApp-Image-2025-03-27-at-3.21.31-PM-1-1024x576.jpeg,public/images/old-site/pages/sunday-event-3-may/WhatsApp-Image-2025-03-27-at-3.21.31-PM-1-1024x576.webp,copy; original kept in git a0d6a32 (output/ deleted)
2-wordpress-export,output/pages/sunday-event-4-january/images/dhyan-with-happy-face-copy-1-1-896x1024.webp,public/images/old-site/pages/sunday-event-4-january/dhyan-with-happy-face-copy-1-1-896x1024.webp,copy; original kept in git a0d6a32 (output/ deleted)
2-wordpress-export,output/pages/sunday-event-4-january/images/group-five-yogi-females-sitting-sukhasana-683x1024.webp,public/images/old-site/pages/sunday-event-4-january/group-five-yogi-females-sitting-sukhasana-683x1024.webp,copy; original kept in git a0d6a32 (output/ deleted)
2-wordpress-export,output/pages/sunday-event-4-january/images/Mask-group-6.png,public/images/old-site/pages/sunday-event-4-january/Mask-group-6.webp,copy; original kept in git a0d6a32 (output/ deleted)
2-wordpress-export,output/pages/sunday-event-4-january/images/Mask-group-7.png,public/images/old-site/pages/sunday-event-4-january/Mask-group-7.webp,copy; original kept in git a0d6a32 (output/ deleted)
2-wordpress-export,output/pages/sunday-event-4-january/images/Untitled-design-3-1.png,public/images/old-site/pages/sunday-event-4-january/Untitled-design-3-1.webp,copy; original kept in git a0d6a32 (output/ deleted)
2-wordpress-export,output/pages/sunday-event-4-january/images/Untitled-design-5-1.webp,public/images/old-site/pages/sunday-event-4-january/Untitled-design-5-1.webp,copy; original kept in git a0d6a32 (output/ deleted)
2-wordpress-export,output/pages/sunday-event-4-january/images/WhatsApp-Image-2025-03-27-at-3.21.31-PM-1-1024x576.jpeg,public/images/old-site/pages/sunday-event-4-january/WhatsApp-Image-2025-03-27-at-3.21.31-PM-1-1024x576.webp,copy; original kept in git a0d6a32 (output/ deleted)
2-wordpress-export,output/pages/sunday-event-5-april/images/17-2-1024x694.webp,public/images/old-site/pages/sunday-event-5-april/17-2-1024x694.webp,copy; original kept in git a0d6a32 (output/ deleted)
2-wordpress-export,output/pages/sunday-event-5-april/images/dhyan-with-happy-face-copy-1-1-896x1024.webp,public/images/old-site/pages/sunday-event-5-april/dhyan-with-happy-face-copy-1-1-896x1024.webp,copy; original kept in git a0d6a32 (output/ deleted)
2-wordpress-export,output/pages/sunday-event-5-april/images/group-five-yogi-females-sitting-sukhasana-683x1024.webp,public/images/old-site/pages/sunday-event-5-april/group-five-yogi-females-sitting-sukhasana-683x1024.webp,copy; original kept in git a0d6a32 (output/ deleted)
2-wordpress-export,output/pages/sunday-event-5-april/images/Mask-group-6.png,public/images/old-site/pages/sunday-event-5-april/Mask-group-6.webp,copy; original kept in git a0d6a32 (output/ deleted)
2-wordpress-export,output/pages/sunday-event-5-april/images/Mask-group-7.png,public/images/old-site/pages/sunday-event-5-april/Mask-group-7.webp,copy; original kept in git a0d6a32 (output/ deleted)
2-wordpress-export,output/pages/sunday-event-5-april/images/Untitled-design-3-1.png,public/images/old-site/pages/sunday-event-5-april/Untitled-design-3-1.webp,copy; original kept in git a0d6a32 (output/ deleted)
2-wordpress-export,output/pages/sunday-event-5-april/images/WhatsApp-Image-2025-03-27-at-3.21.31-PM-1-1024x576.jpeg,public/images/old-site/pages/sunday-event-5-april/WhatsApp-Image-2025-03-27-at-3.21.31-PM-1-1024x576.webp,copy; original kept in git a0d6a32 (output/ deleted)
2-wordpress-export,output/pages/terms-and-conditions/images/1f4e7.svg,public/images/old-site/pages/terms-and-conditions/1f4e7.svg,copy; original kept in git a0d6a32 (output/ deleted)
2-wordpress-export,output/pages/terms-and-conditions/images/1f5fa.svg,public/images/old-site/pages/terms-and-conditions/1f5fa.svg,copy; original kept in git a0d6a32 (output/ deleted)
2-wordpress-export,output/pages/thankyou-page/images/WhatsApp-Image-2025-01-18-at-4.42.42-PM-1024x1024.jpeg,public/images/old-site/pages/thankyou-page/WhatsApp-Image-2025-01-18-at-4.42.42-PM-1024x1024.webp,copy; original kept in git a0d6a32 (output/ deleted)
2-wordpress-export,output/pages/thankyou-page/images/WhatsApp-Image-2025-01-18-at-4.42.42-PM.jpeg,public/images/old-site/pages/thankyou-page/WhatsApp-Image-2025-01-18-at-4.42.42-PM.webp,copy; original kept in git a0d6a32 (output/ deleted)
2-wordpress-export,output/pages/the-science-of-joyful-living-landing-page/images/8d65893a1e12f7952b864918371bb882-1.png,public/images/old-site/pages/the-science-of-joyful-living-landing-page/8d65893a1e12f7952b864918371bb882-1.webp,copy; original kept in git a0d6a32 (output/ deleted)
2-wordpress-export,output/pages/the-science-of-joyful-living-landing-page/images/Ellipse-38.png,public/images/old-site/pages/the-science-of-joyful-living-landing-page/Ellipse-38.webp,copy; original kept in git a0d6a32 (output/ deleted)
2-wordpress-export,output/pages/the-science-of-joyful-living-landing-page/images/image-12.png,public/images/old-site/pages/the-science-of-joyful-living-landing-page/image-12.webp,copy; original kept in git a0d6a32 (output/ deleted)
2-wordpress-export,output/pages/the-science-of-joyful-living-landing-page/images/image-13.png,public/images/old-site/pages/the-science-of-joyful-living-landing-page/image-13.webp,copy; original kept in git a0d6a32 (output/ deleted)
2-wordpress-export,output/pages/the-science-of-joyful-living-landing-page/images/Layer-1.png,public/images/old-site/pages/the-science-of-joyful-living-landing-page/Layer-1.webp,copy; original kept in git a0d6a32 (output/ deleted)
2-wordpress-export,output/pages/the-science-of-joyful-living-landing-page/images/Layer-2.png,public/images/old-site/pages/the-science-of-joyful-living-landing-page/Layer-2.webp,copy; original kept in git a0d6a32 (output/ deleted)
2-wordpress-export,output/pages/the-science-of-joyful-living-landing-page/images/Layer-21.png,public/images/old-site/pages/the-science-of-joyful-living-landing-page/Layer-21.webp,copy; original kept in git a0d6a32 (output/ deleted)
2-wordpress-export,output/pages/the-science-of-joyful-living-landing-page/images/Layer-22.png,public/images/old-site/pages/the-science-of-joyful-living-landing-page/Layer-22.webp,copy; original kept in git a0d6a32 (output/ deleted)
2-wordpress-export,output/pages/the-science-of-joyful-living-landing-page/images/Rectangle-340.png,public/images/old-site/pages/the-science-of-joyful-living-landing-page/Rectangle-340.webp,copy; original kept in git a0d6a32 (output/ deleted)
2-wordpress-export,output/pages/the-science-of-joyful-living/images/Group-52.png,public/images/old-site/pages/the-science-of-joyful-living/Group-52.webp,copy; original kept in git a0d6a32 (output/ deleted)
2-wordpress-export,output/pages/the-science-of-joyful-living/images/Mandala-08-7.png,public/images/old-site/pages/the-science-of-joyful-living/Mandala-08-7.webp,copy; original kept in git a0d6a32 (output/ deleted)
2-wordpress-export,output/pages/the-science-of-joyful-living/images/pexels-jill-wellington-40815-scaled.jpg,public/images/old-site/pages/the-science-of-joyful-living/pexels-jill-wellington-40815-scaled.webp,copy; original kept in git a0d6a32 (output/ deleted)
2-wordpress-export,output/pages/the-science-of-joyful-living/images/pexels-stuti-14029248-scaled.jpg,public/images/old-site/pages/the-science-of-joyful-living/pexels-stuti-14029248-scaled.webp,copy; original kept in git a0d6a32 (output/ deleted)
2-wordpress-export,output/pages/us-personal-session/images/1.webp,public/images/old-site/pages/us-personal-session/1.webp,copy; original kept in git a0d6a32 (output/ deleted)
2-wordpress-export,output/pages/us-personal-session/images/2.webp,public/images/old-site/pages/us-personal-session/2.webp,copy; original kept in git a0d6a32 (output/ deleted)
2-wordpress-export,output/pages/us-personal-session/images/3.webp,public/images/old-site/pages/us-personal-session/3.webp,copy; original kept in git a0d6a32 (output/ deleted)
2-wordpress-export,output/pages/us-personal-session/images/AAP_0044-1.webp.bv_resized_desktop.webp.bv_.webp,public/images/old-site/pages/us-personal-session/AAP_0044-1.webp.bv_resized_desktop.webp.bv_.webp,copy; original kept in git a0d6a32 (output/ deleted)
2-wordpress-export,output/pages/us-personal-session/images/AAP_0178-1-1-1.webp,public/images/old-site/pages/us-personal-session/AAP_0178-1-1-1.webp,copy; original kept in git a0d6a32 (output/ deleted)
2-wordpress-export,output/pages/us-personal-session/images/IMG_1312-scaled.webp,public/images/old-site/pages/us-personal-session/IMG_1312-scaled.webp,copy; original kept in git a0d6a32 (output/ deleted)
2-wordpress-export,output/pages/us-personal-session/images/IMG_1317-scaled.webp,public/images/old-site/pages/us-personal-session/IMG_1317-scaled.webp,copy; original kept in git a0d6a32 (output/ deleted)
2-wordpress-export,output/pages/us-personal-session/images/IMG_1335-scaled.jpg,public/images/old-site/pages/us-personal-session/IMG_1335-scaled.webp,copy; original kept in git a0d6a32 (output/ deleted)
2-wordpress-export,output/pages/us-personal-session/images/IMG_1379-scaled.jpg,public/images/old-site/pages/us-personal-session/IMG_1379-scaled.webp,copy; original kept in git a0d6a32 (output/ deleted)
2-wordpress-export,output/pages/us-personal-session/images/IMG_3580-1-scaled.webp,public/images/old-site/pages/us-personal-session/IMG_3580-1-scaled.webp,copy; original kept in git a0d6a32 (output/ deleted)
2-wordpress-export,output/pages/us-personal-session/images/Step-01-1.webp,public/images/old-site/pages/us-personal-session/Step-01-1.webp,copy; original kept in git a0d6a32 (output/ deleted)
2-wordpress-export,output/pages/us-personal-session/images/Step-02-1.webp,public/images/old-site/pages/us-personal-session/Step-02-1.webp,copy; original kept in git a0d6a32 (output/ deleted)
2-wordpress-export,output/pages/us-personal-session/images/Step-03-Copy-1.webp,public/images/old-site/pages/us-personal-session/Step-03-Copy-1.webp,copy; original kept in git a0d6a32 (output/ deleted)
2-wordpress-export,output/pages/volunteer-information/images/AAP_0044-1.webp.bv_resized_desktop.webp.bv_.webp,public/images/old-site/pages/volunteer-information/AAP_0044-1.webp.bv_resized_desktop.webp.bv_.webp,copy; original kept in git a0d6a32 (output/ deleted)
2-wordpress-export,output/pages/wellness/images/Anxiety-Quote-1.jpg,public/images/old-site/pages/wellness/Anxiety-Quote-1.webp,copy; original kept in git a0d6a32 (output/ deleted)
2-wordpress-export,output/pages/wellness/images/Anxiety-Quote-2.jpg,public/images/old-site/pages/wellness/Anxiety-Quote-2.webp,copy; original kept in git a0d6a32 (output/ deleted)
2-wordpress-export,output/pages/wellness/images/Anxiety-Quote-3.jpg,public/images/old-site/pages/wellness/Anxiety-Quote-3.webp,copy; original kept in git a0d6a32 (output/ deleted)
2-wordpress-export,output/pages/wellness/images/Anxiety-Quote-4.jpg,public/images/old-site/pages/wellness/Anxiety-Quote-4.webp,copy; original kept in git a0d6a32 (output/ deleted)
2-wordpress-export,output/pages/wellness/images/Anxiety-Quote-5.jpg,public/images/old-site/pages/wellness/Anxiety-Quote-5.webp,copy; original kept in git a0d6a32 (output/ deleted)
2-wordpress-export,output/pages/wellness/images/Anxiety-Quote-6.jpg,public/images/old-site/pages/wellness/Anxiety-Quote-6.webp,copy; original kept in git a0d6a32 (output/ deleted)
2-wordpress-export,output/pages/wellness/images/Anxiety-Quote-7.jpg,public/images/old-site/pages/wellness/Anxiety-Quote-7.webp,copy; original kept in git a0d6a32 (output/ deleted)
2-wordpress-export,output/pages/wellness/images/Anxiety-Quote-8.jpg,public/images/old-site/pages/wellness/Anxiety-Quote-8.webp,copy; original kept in git a0d6a32 (output/ deleted)
2-wordpress-export,output/pages/wellness/images/Anxiety-Quote-9.jpg,public/images/old-site/pages/wellness/Anxiety-Quote-9.webp,copy; original kept in git a0d6a32 (output/ deleted)
2-wordpress-export,output/pages/wellness/images/Wellness-scaled.jpg,public/images/old-site/pages/wellness/Wellness-scaled.webp,copy; original kept in git a0d6a32 (output/ deleted)
2-wordpress-export,output/pages/yoga/images/Anxiety-Quote-1.jpg,public/images/old-site/pages/yoga/Anxiety-Quote-1.webp,copy; original kept in git a0d6a32 (output/ deleted)
2-wordpress-export,output/pages/yoga/images/Anxiety-Quote-2.jpg,public/images/old-site/pages/yoga/Anxiety-Quote-2.webp,copy; original kept in git a0d6a32 (output/ deleted)
2-wordpress-export,output/pages/yoga/images/Anxiety-Quote-3.jpg,public/images/old-site/pages/yoga/Anxiety-Quote-3.webp,copy; original kept in git a0d6a32 (output/ deleted)
2-wordpress-export,output/pages/yoga/images/Anxiety-Quote-4.jpg,public/images/old-site/pages/yoga/Anxiety-Quote-4.webp,copy; original kept in git a0d6a32 (output/ deleted)
2-wordpress-export,output/pages/yoga/images/Anxiety-Quote-5.jpg,public/images/old-site/pages/yoga/Anxiety-Quote-5.webp,copy; original kept in git a0d6a32 (output/ deleted)
2-wordpress-export,output/pages/yoga/images/Anxiety-Quote-6.jpg,public/images/old-site/pages/yoga/Anxiety-Quote-6.webp,copy; original kept in git a0d6a32 (output/ deleted)
2-wordpress-export,output/pages/yoga/images/Anxiety-Quote-7.jpg,public/images/old-site/pages/yoga/Anxiety-Quote-7.webp,copy; original kept in git a0d6a32 (output/ deleted)
2-wordpress-export,output/pages/yoga/images/Anxiety-Quote-8.jpg,public/images/old-site/pages/yoga/Anxiety-Quote-8.webp,copy; original kept in git a0d6a32 (output/ deleted)
2-wordpress-export,output/pages/yoga/images/Anxiety-Quote-9.jpg,public/images/old-site/pages/yoga/Anxiety-Quote-9.webp,copy; original kept in git a0d6a32 (output/ deleted)
2-wordpress-export,output/posts/7-chakras-of-body/images/Benefits-of-Balanced-Chakras.jpg,public/images/old-site/posts/7-chakras-of-body/Benefits-of-Balanced-Chakras.webp,copy; original kept in git a0d6a32 (output/ deleted)
2-wordpress-export,output/posts/7-chakras-of-body/images/Crown-Chakra.jpg,public/images/old-site/posts/7-chakras-of-body/Crown-Chakra.webp,copy; original kept in git a0d6a32 (output/ deleted)
2-wordpress-export,output/posts/7-chakras-of-body/images/Heart-Chakra.png,public/images/old-site/posts/7-chakras-of-body/Heart-Chakra.webp,copy; original kept in git a0d6a32 (output/ deleted)
2-wordpress-export,output/posts/7-chakras-of-body/images/How-to-Unblock-Chakras.jpg,public/images/old-site/posts/7-chakras-of-body/How-to-Unblock-Chakras.webp,copy; original kept in git a0d6a32 (output/ deleted)
2-wordpress-export,output/posts/7-chakras-of-body/images/Root-Chakra.jpg,public/images/old-site/posts/7-chakras-of-body/Root-Chakra.webp,copy; original kept in git a0d6a32 (output/ deleted)
2-wordpress-export,output/posts/7-chakras-of-body/images/Sacral-Chakra.jpg,public/images/old-site/posts/7-chakras-of-body/Sacral-Chakra.webp,copy; original kept in git a0d6a32 (output/ deleted)
2-wordpress-export,output/posts/7-chakras-of-body/images/Solar-Plexus-Chakra.jpg,public/images/old-site/posts/7-chakras-of-body/Solar-Plexus-Chakra.webp,copy; original kept in git a0d6a32 (output/ deleted)
2-wordpress-export,output/posts/7-chakras-of-body/images/Third-Eye-Chakra.jpg,public/images/old-site/posts/7-chakras-of-body/Third-Eye-Chakra.webp,copy; original kept in git a0d6a32 (output/ deleted)
2-wordpress-export,output/posts/7-chakras-of-body/images/Throat-Chakra.jpg,public/images/old-site/posts/7-chakras-of-body/Throat-Chakra.webp,copy; original kept in git a0d6a32 (output/ deleted)
2-wordpress-export,output/posts/ajna-chakra/images/6-chakra.jpg,public/images/old-site/posts/ajna-chakra/6-chakra.webp,copy; original kept in git a0d6a32 (output/ deleted)
2-wordpress-export,output/posts/ajna-chakra/images/Ajna-Chakra-third-eye-meditation.jpg,public/images/old-site/posts/ajna-chakra/Ajna-Chakra-third-eye-meditation.webp,copy; original kept in git a0d6a32 (output/ deleted)
2-wordpress-export,output/posts/ajna-chakra/images/khechari-mudra.jpg,public/images/old-site/posts/ajna-chakra/khechari-mudra.webp,copy; original kept in git a0d6a32 (output/ deleted)
2-wordpress-export,output/posts/ajna-chakra/images/Third-Eye-Chakra.jpg,public/images/old-site/posts/ajna-chakra/Third-Eye-Chakra.webp,copy; original kept in git a0d6a32 (output/ deleted)
2-wordpress-export,output/posts/anahata-chakra/images/4-chakra.jpg,public/images/old-site/posts/anahata-chakra/4-chakra.webp,copy; original kept in git a0d6a32 (output/ deleted)
2-wordpress-export,output/posts/anahata-chakra/images/Anahata-Chakra-Mudra-and-Meditation.jpg,public/images/old-site/posts/anahata-chakra/Anahata-Chakra-Mudra-and-Meditation.webp,copy; original kept in git a0d6a32 (output/ deleted)
2-wordpress-export,output/posts/anahata-chakra/images/Bhujangasana-Cobra-Pose.jpg,public/images/old-site/posts/anahata-chakra/Bhujangasana-Cobra-Pose.webp,copy; original kept in git a0d6a32 (output/ deleted)
2-wordpress-export,output/posts/anahata-chakra/images/Breathing-Techniques-Pranayama-manipura-chakra.jpg,public/images/old-site/posts/anahata-chakra/Breathing-Techniques-Pranayama-manipura-chakra.webp,copy; original kept in git a0d6a32 (output/ deleted)
2-wordpress-export,output/posts/anahata-chakra/images/Fish-Pose.jpg,public/images/old-site/posts/anahata-chakra/Fish-Pose.webp,copy; original kept in git a0d6a32 (output/ deleted)
2-wordpress-export,output/posts/anahata-chakra/images/Heart-Chakra.png,public/images/old-site/posts/anahata-chakra/Heart-Chakra.webp,copy; original kept in git a0d6a32 (output/ deleted)
2-wordpress-export,output/posts/anahata-chakra/images/Poses-Camel-scaled.jpg,public/images/old-site/posts/anahata-chakra/Poses-Camel-scaled.webp,copy; original kept in git a0d6a32 (output/ deleted)
2-wordpress-export,output/posts/asana-for-high-blood-pressure/images/asana-for-high-blood-pressure-Baddha-Konasana-Butterfly-Pose.png,public/images/old-site/posts/asana-for-high-blood-pressure/asana-for-high-blood-pressure-Baddha-Konasana-Butterfly-Pose.webp,copy; original kept in git a0d6a32 (output/ deleted)
2-wordpress-export,output/posts/asana-for-high-blood-pressure/images/asana-for-high-blood-pressure-cover.png,public/images/old-site/posts/asana-for-high-blood-pressure/asana-for-high-blood-pressure-cover.webp,copy; original kept in git a0d6a32 (output/ deleted)
2-wordpress-export,output/posts/asana-for-high-blood-pressure/images/asana-for-high-blood-pressure-Janu-Sirsasana-Head-to-Knee-Forward-Bend.png,public/images/old-site/posts/asana-for-high-blood-pressure/asana-for-high-blood-pressure-Janu-Sirsa-415453.webp,copy; original kept in git a0d6a32 (output/ deleted)
2-wordpress-export,output/posts/asana-for-high-blood-pressure/images/asana-for-high-blood-pressure-Setu-Bandhasana-Bridge-Pose.png,public/images/old-site/posts/asana-for-high-blood-pressure/asana-for-high-blood-pressure-Setu-Bandhasana-Bridge-Pose.webp,copy; original kept in git a0d6a32 (output/ deleted)
2-wordpress-export,output/posts/asana-for-high-blood-pressure/images/asana-for-high-blood-pressure-Shavasana-Corpse-Pose.png,public/images/old-site/posts/asana-for-high-blood-pressure/asana-for-high-blood-pressure-Shavasana-Corpse-Pose.webp,copy; original kept in git a0d6a32 (output/ deleted)
2-wordpress-export,output/posts/asana-for-high-blood-pressure/images/asana-for-high-blood-pressure-Tree-Pose-Vrksasana.png,public/images/old-site/posts/asana-for-high-blood-pressure/asana-for-high-blood-pressure-Tree-Pose-Vrksasana.webp,copy; original kept in git a0d6a32 (output/ deleted)
2-wordpress-export,output/posts/asana-for-high-blood-pressure/images/PVNc0PNxerdVRcu82tQjMO_35d8PslVM07k-Acr-KAonS6lflUdtAn3f8xwVFrt2EAonyJUmrRMZu2efrR6Q0dk9pNenrdPo3c5RMBYP58oaZyLLpQWYmASYWoCgfwQ7YZ5FaVKAQguBytT1k8sdTZQ.jpg,public/images/old-site/posts/asana-for-high-blood-pressure/PVNc0PNxerdVRcu82tQjMO_35d8PslVM07k-Acr-a88b6c.jpg,copy; original kept in git a0d6a32 (output/ deleted)
2-wordpress-export,output/posts/basics-of-meditation/images/basics-of-meditation.png,public/images/old-site/posts/basics-of-meditation/basics-of-meditation.webp,copy; original kept in git a0d6a32 (output/ deleted)
2-wordpress-export,output/posts/benefits-of-meditation/images/How-to-Do-Meditation-at-Home.png,public/images/old-site/posts/benefits-of-meditation/How-to-Do-Meditation-at-Home.webp,copy; original kept in git a0d6a32 (output/ deleted)
2-wordpress-export,output/posts/benefits-of-meditation/images/Meditation-Benefits-for-Brain.png,public/images/old-site/posts/benefits-of-meditation/Meditation-Benefits-for-Brain.webp,copy; original kept in git a0d6a32 (output/ deleted)
2-wordpress-export,output/posts/benefits-of-meditation/images/Meditation-cover.png,public/images/old-site/posts/benefits-of-meditation/Meditation-cover.webp,copy; original kept in git a0d6a32 (output/ deleted)
2-wordpress-export,output/posts/benefits-of-meditation/images/Power-of-Meditation.png,public/images/old-site/posts/benefits-of-meditation/Power-of-Meditation.webp,copy; original kept in git a0d6a32 (output/ deleted)
2-wordpress-export,output/posts/benefits-of-meditation/images/Types-of-Meditation.png,public/images/old-site/posts/benefits-of-meditation/Types-of-Meditation.webp,copy; original kept in git a0d6a32 (output/ deleted)
2-wordpress-export,output/posts/build-mental-power/images/Build-Mental-Power-1.webp,public/images/old-site/posts/build-mental-power/Build-Mental-Power-1.webp,copy; original kept in git a0d6a32 (output/ deleted)
2-wordpress-export,output/posts/build-mental-power/images/Build-Mental-Power-2.webp,public/images/old-site/posts/build-mental-power/Build-Mental-Power-2.webp,copy; original kept in git a0d6a32 (output/ deleted)
2-wordpress-export,output/posts/build-mental-power/images/Build-Mental-Power-cover.webp,public/images/old-site/posts/build-mental-power/Build-Mental-Power-cover.webp,copy; original kept in git a0d6a32 (output/ deleted)
2-wordpress-export,output/posts/chakras-in-human-body/images/7-healing-benefits-of-chakra-alignment-cover.jpeg,public/images/old-site/posts/chakras-in-human-body/7-healing-benefits-of-chakra-alignment-cover.webp,copy; original kept in git a0d6a32 (output/ deleted)
2-wordpress-export,output/posts/chakras-in-human-body/images/Benefits-of-Balanced-Chakras.jpg,public/images/old-site/posts/chakras-in-human-body/Benefits-of-Balanced-Chakras.webp,copy; original kept in git a0d6a32 (output/ deleted)
2-wordpress-export,output/posts/chakras-in-human-body/images/Crown-Chakra.jpg,public/images/old-site/posts/chakras-in-human-body/Crown-Chakra.webp,copy; original kept in git a0d6a32 (output/ deleted)
2-wordpress-export,output/posts/chakras-in-human-body/images/Heart-Chakra.png,public/images/old-site/posts/chakras-in-human-body/Heart-Chakra.webp,copy; original kept in git a0d6a32 (output/ deleted)
2-wordpress-export,output/posts/chakras-in-human-body/images/How-to-Unblock-Chakras.jpg,public/images/old-site/posts/chakras-in-human-body/How-to-Unblock-Chakras.webp,copy; original kept in git a0d6a32 (output/ deleted)
2-wordpress-export,output/posts/chakras-in-human-body/images/Root-Chakra.jpg,public/images/old-site/posts/chakras-in-human-body/Root-Chakra.webp,copy; original kept in git a0d6a32 (output/ deleted)
2-wordpress-export,output/posts/chakras-in-human-body/images/Sacral-Chakra.jpg,public/images/old-site/posts/chakras-in-human-body/Sacral-Chakra.webp,copy; original kept in git a0d6a32 (output/ deleted)
2-wordpress-export,output/posts/chakras-in-human-body/images/Solar-Plexus-Chakra.jpg,public/images/old-site/posts/chakras-in-human-body/Solar-Plexus-Chakra.webp,copy; original kept in git a0d6a32 (output/ deleted)
2-wordpress-export,output/posts/chakras-in-human-body/images/Third-Eye-Chakra.jpg,public/images/old-site/posts/chakras-in-human-body/Third-Eye-Chakra.webp,copy; original kept in git a0d6a32 (output/ deleted)
2-wordpress-export,output/posts/chakras-in-human-body/images/Throat-Chakra.jpg,public/images/old-site/posts/chakras-in-human-body/Throat-Chakra.webp,copy; original kept in git a0d6a32 (output/ deleted)
2-wordpress-export,output/posts/change-your-destiny/images/Change-your-destiny.png,public/images/old-site/posts/change-your-destiny/Change-your-destiny.webp,copy; original kept in git a0d6a32 (output/ deleted)
2-wordpress-export,output/posts/connect-with-the-divine-power/images/Connect-with-the-divine-power.jpeg,public/images/old-site/posts/connect-with-the-divine-power/Connect-with-the-divine-power.webp,copy; original kept in git a0d6a32 (output/ deleted)
2-wordpress-export,output/posts/conscious-mind-and-subconscious-mind/images/Conscious-mind-and-Subconscious-mind.jpg,public/images/old-site/posts/conscious-mind-and-subconscious-mind/Conscious-mind-and-Subconscious-mind.webp,copy; original kept in git a0d6a32 (output/ deleted)
2-wordpress-export,output/posts/conscious-mind-and-subconscious-mind/images/Difference-Between-Conscious-and-Subconscious-Mind.png,public/images/old-site/posts/conscious-mind-and-subconscious-mind/Difference-Between-Conscious-and-Subconscious-Mind.webp,copy; original kept in git a0d6a32 (output/ deleted)
2-wordpress-export,output/posts/conscious/images/Conscious.png,public/images/old-site/posts/conscious/Conscious.webp,copy; original kept in git a0d6a32 (output/ deleted)
2-wordpress-export,output/posts/conscious/images/How-to-Be-More-Conscious.png,public/images/old-site/posts/conscious/How-to-Be-More-Conscious.webp,copy; original kept in git a0d6a32 (output/ deleted)
2-wordpress-export,output/posts/conscious/images/Self-Conscious.jpeg,public/images/old-site/posts/conscious/Self-Conscious.webp,copy; original kept in git a0d6a32 (output/ deleted)
2-wordpress-export,output/posts/declutter-your-mind-and-cleanse-your-soul/images/decluter-thumbnail.jpg,public/images/old-site/posts/declutter-your-mind-and-cleanse-your-soul/decluter-thumbnail.webp,copy; original kept in git a0d6a32 (output/ deleted)
2-wordpress-export,output/posts/deep-breathing-for-better-brain/images/deep-breathing-for-better-brain.png,public/images/old-site/posts/deep-breathing-for-better-brain/deep-breathing-for-better-brain.webp,copy; original kept in git a0d6a32 (output/ deleted)
2-wordpress-export,output/posts/deep-connection-between-meditation-and-the-soul/images/Deep-Connection-Between-Meditation-and-the-Soul.webp,public/images/old-site/posts/deep-connection-between-meditation-and-the-soul/Deep-Connection-Between-Meditation-and-the-Soul.webp,copy; original kept in git a0d6a32 (output/ deleted)
2-wordpress-export,output/posts/deepening-connection-in-marriage/images/Rekindling-Intimacy-and-Deepening-Connection-in-Marriage.jpg,public/images/old-site/posts/deepening-connection-in-marriage/Rekindling-Intimacy-and-Deepening-Connection-in-Marriage.webp,copy; original kept in git a0d6a32 (output/ deleted)
2-wordpress-export,output/posts/embark-on-your-meditation-journey/images/Embark-on-Your-Meditation-Journey-1.png,public/images/old-site/posts/embark-on-your-meditation-journey/Embark-on-Your-Meditation-Journey-1.webp,copy; original kept in git a0d6a32 (output/ deleted)
2-wordpress-export,output/posts/embark-on-your-meditation-journey/images/Embark-on-Your-Meditation-Journey-2.png,public/images/old-site/posts/embark-on-your-meditation-journey/Embark-on-Your-Meditation-Journey-2.webp,copy; original kept in git a0d6a32 (output/ deleted)
2-wordpress-export,output/posts/feminine-energy/images/Feminine-Energy.png,public/images/old-site/posts/feminine-energy/Feminine-Energy.webp,copy; original kept in git a0d6a32 (output/ deleted)
2-wordpress-export,output/posts/five-effective-yoga-poses/images/5-Effective-Yoga-Poses.png,public/images/old-site/posts/five-effective-yoga-poses/5-Effective-Yoga-Poses.webp,copy; original kept in git a0d6a32 (output/ deleted)
2-wordpress-export,output/posts/gateway-to-nirvana/images/Gateway-to-Nirvana.webp,public/images/old-site/posts/gateway-to-nirvana/Gateway-to-Nirvana.webp,copy; original kept in git a0d6a32 (output/ deleted)
2-wordpress-export,output/posts/gomti-chakra/images/Gomti-Chakra.png,public/images/old-site/posts/gomti-chakra/Gomti-Chakra.webp,copy; original kept in git a0d6a32 (output/ deleted)
2-wordpress-export,output/posts/gomti-chakra/images/What-is-Gomti-Chakra.jpg,public/images/old-site/posts/gomti-chakra/What-is-Gomti-Chakra.webp,copy; original kept in git a0d6a32 (output/ deleted)
2-wordpress-export,output/posts/habits-that-can-change-your-life/images/habits-that-can-change-your-life.jpeg,public/images/old-site/posts/habits-that-can-change-your-life/habits-that-can-change-your-life.webp,copy; original kept in git a0d6a32 (output/ deleted)
2-wordpress-export,output/posts/harmonizing-mind-and-body/images/Harmonizing-Mind-and-Body-1.png,public/images/old-site/posts/harmonizing-mind-and-body/Harmonizing-Mind-and-Body-1.webp,copy; original kept in git a0d6a32 (output/ deleted)
2-wordpress-export,output/posts/harmonizing-mind-and-body/images/Harmonizing-Mind-and-Body-2.png,public/images/old-site/posts/harmonizing-mind-and-body/Harmonizing-Mind-and-Body-2.webp,copy; original kept in git a0d6a32 (output/ deleted)
2-wordpress-export,output/posts/healing-after-failed-love/images/healing-after-failed-love.jpeg,public/images/old-site/posts/healing-after-failed-love/healing-after-failed-love.webp,copy; original kept in git a0d6a32 (output/ deleted)
2-wordpress-export,output/posts/how-energy-flow-shapes-your-physical/images/How-Energy-Flow-Shapes-Your-Physical.webp,public/images/old-site/posts/how-energy-flow-shapes-your-physical/How-Energy-Flow-Shapes-Your-Physical.webp,copy; original kept in git a0d6a32 (output/ deleted)
2-wordpress-export,output/posts/how-to-make-life-a-game/images/how-to-make-life-a-game.jpeg,public/images/old-site/posts/how-to-make-life-a-game/how-to-make-life-a-game.webp,copy; original kept in git a0d6a32 (output/ deleted)
2-wordpress-export,output/posts/impact-of-spirituality-on-academic-pursuits/images/Academic-Growth.png,public/images/old-site/posts/impact-of-spirituality-on-academic-pursuits/Academic-Growth.webp,copy; original kept in git a0d6a32 (output/ deleted)
2-wordpress-export,output/posts/impact-of-spirituality-on-academic-pursuits/images/Creating-a-Balance.png,public/images/old-site/posts/impact-of-spirituality-on-academic-pursuits/Creating-a-Balance.webp,copy; original kept in git a0d6a32 (output/ deleted)
2-wordpress-export,output/posts/impact-of-spirituality-on-academic-pursuits/images/Impact-of-Spirituality.png,public/images/old-site/posts/impact-of-spirituality-on-academic-pursuits/Impact-of-Spirituality.webp,copy; original kept in git a0d6a32 (output/ deleted)
2-wordpress-export,output/posts/impact-of-spirituality-on-academic-pursuits/images/Increased-Creativity.png,public/images/old-site/posts/impact-of-spirituality-on-academic-pursuits/Increased-Creativity.webp,copy; original kept in git a0d6a32 (output/ deleted)
2-wordpress-export,output/posts/impact-of-spirituality-on-academic-pursuits/images/Reducing-Anxiety.png,public/images/old-site/posts/impact-of-spirituality-on-academic-pursuits/Reducing-Anxiety.webp,copy; original kept in git a0d6a32 (output/ deleted)
2-wordpress-export,output/posts/manipura-chakra/images/3-chakra.jpg,public/images/old-site/posts/manipura-chakra/3-chakra.webp,copy; original kept in git a0d6a32 (output/ deleted)
2-wordpress-export,output/posts/manipura-chakra/images/Breathing-Techniques-Pranayama-manipura-chakra.jpg,public/images/old-site/posts/manipura-chakra/Breathing-Techniques-Pranayama-manipura-chakra.webp,copy; original kept in git a0d6a32 (output/ deleted)
2-wordpress-export,output/posts/manipura-chakra/images/Manipura-Chakra-Bow-Pose.jpg,public/images/old-site/posts/manipura-chakra/Manipura-Chakra-Bow-Pose.webp,copy; original kept in git a0d6a32 (output/ deleted)
2-wordpress-export,output/posts/manipura-chakra/images/Manipura-Chakra-Meditation.png,public/images/old-site/posts/manipura-chakra/Manipura-Chakra-Meditation.webp,copy; original kept in git a0d6a32 (output/ deleted)
2-wordpress-export,output/posts/manipura-chakra/images/Manipura-Chakra-of-Plank-Pose.jpg,public/images/old-site/posts/manipura-chakra/Manipura-Chakra-of-Plank-Pose.webp,copy; original kept in git a0d6a32 (output/ deleted)
2-wordpress-export,output/posts/manipura-chakra/images/Solar-Plexus-Chakra.jpg,public/images/old-site/posts/manipura-chakra/Solar-Plexus-Chakra.webp,copy; original kept in git a0d6a32 (output/ deleted)
2-wordpress-export,output/posts/master-art-of-deep-relaxation/images/Master-the-Art-of-Deep-Relaxation-1.png,public/images/old-site/posts/master-art-of-deep-relaxation/Master-the-Art-of-Deep-Relaxation-1.webp,copy; original kept in git a0d6a32 (output/ deleted)
2-wordpress-export,output/posts/master-art-of-deep-relaxation/images/Master-the-Art-of-Deep-Relaxation-2.png,public/images/old-site/posts/master-art-of-deep-relaxation/Master-the-Art-of-Deep-Relaxation-2.webp,copy; original kept in git a0d6a32 (output/ deleted)
2-wordpress-export,output/posts/master-your-own-fate/images/master-your-own-fate.webp,public/images/old-site/posts/master-your-own-fate/master-your-own-fate.webp,copy; original kept in git a0d6a32 (output/ deleted)
2-wordpress-export,output/posts/mastering-calm/images/Mastering-Calm-1.png,public/images/old-site/posts/mastering-calm/Mastering-Calm-1.webp,copy; original kept in git a0d6a32 (output/ deleted)
2-wordpress-export,output/posts/mastering-calm/images/Mastering-Calm-2.png,public/images/old-site/posts/mastering-calm/Mastering-Calm-2.webp,copy; original kept in git a0d6a32 (output/ deleted)
2-wordpress-export,output/posts/mastering-life-s-challenges/images/Mastering-Lifes-Challenges-1.png,public/images/old-site/posts/mastering-life-s-challenges/Mastering-Lifes-Challenges-1.webp,copy; original kept in git a0d6a32 (output/ deleted)
2-wordpress-export,output/posts/mastering-life-s-challenges/images/Mastering-Lifes-Challenges-2.png,public/images/old-site/posts/mastering-life-s-challenges/Mastering-Lifes-Challenges-2.webp,copy; original kept in git a0d6a32 (output/ deleted)
2-wordpress-export,output/posts/meditation-and-mental-health/images/Meditation-and-Mental-Health-1.png,public/images/old-site/posts/meditation-and-mental-health/Meditation-and-Mental-Health-1.webp,copy; original kept in git a0d6a32 (output/ deleted)
2-wordpress-export,output/posts/meditation-and-mental-health/images/Meditation-and-Mental-Health-2.png,public/images/old-site/posts/meditation-and-mental-health/Meditation-and-Mental-Health-2.webp,copy; original kept in git a0d6a32 (output/ deleted)
2-wordpress-export,output/posts/meditation-at-home/images/meditation-at-home.png,public/images/old-site/posts/meditation-at-home/meditation-at-home.webp,copy; original kept in git a0d6a32 (output/ deleted)
2-wordpress-export,output/posts/meditation-for-kids/images/Meditation-for-Kids-1.png,public/images/old-site/posts/meditation-for-kids/Meditation-for-Kids-1.webp,copy; original kept in git a0d6a32 (output/ deleted)
2-wordpress-export,output/posts/meditation-for-kids/images/Meditation-for-Kids-2.png,public/images/old-site/posts/meditation-for-kids/Meditation-for-Kids-2.webp,copy; original kept in git a0d6a32 (output/ deleted)
2-wordpress-export,output/posts/meditation-for-kids/images/Meditation-for-Kids-3.png,public/images/old-site/posts/meditation-for-kids/Meditation-for-Kids-3.webp,copy; original kept in git a0d6a32 (output/ deleted)
2-wordpress-export,output/posts/meditation-for-seniors/images/Meditation-for-Seniors-1.png,public/images/old-site/posts/meditation-for-seniors/Meditation-for-Seniors-1.webp,copy; original kept in git a0d6a32 (output/ deleted)
2-wordpress-export,output/posts/meditation-for-seniors/images/Meditation-for-Seniors-2.png,public/images/old-site/posts/meditation-for-seniors/Meditation-for-Seniors-2.webp,copy; original kept in git a0d6a32 (output/ deleted)
2-wordpress-export,output/posts/meditation-into-your-daily-routine/images/Meditation-into-Your-Daily-Routine-1.png,public/images/old-site/posts/meditation-into-your-daily-routine/Meditation-into-Your-Daily-Routine-1.webp,copy; original kept in git a0d6a32 (output/ deleted)
2-wordpress-export,output/posts/meditation-into-your-daily-routine/images/Meditation-into-Your-Daily-Routine-2.png,public/images/old-site/posts/meditation-into-your-daily-routine/Meditation-into-Your-Daily-Routine-2.webp,copy; original kept in git a0d6a32 (output/ deleted)
2-wordpress-export,output/posts/muladhara-chakra/images/1-chakra.jpg,public/images/old-site/posts/muladhara-chakra/1-chakra.webp,copy; original kept in git a0d6a32 (output/ deleted)
2-wordpress-export,output/posts/muladhara-chakra/images/Jnana-Mudra-Mudra-of-Knowledge.png,public/images/old-site/posts/muladhara-chakra/Jnana-Mudra-Mudra-of-Knowledge.webp,copy; original kept in git a0d6a32 (output/ deleted)
2-wordpress-export,output/posts/muladhara-chakra/images/Root-Chakra.jpg,public/images/old-site/posts/muladhara-chakra/Root-Chakra.webp,copy; original kept in git a0d6a32 (output/ deleted)
2-wordpress-export,output/posts/negative-loop-of-mind/images/negative-loop-of-mind.jpeg,public/images/old-site/posts/negative-loop-of-mind/negative-loop-of-mind.webp,copy; original kept in git a0d6a32 (output/ deleted)
2-wordpress-export,output/posts/negativity-within-family/images/Negativity-Within-Family-What-it-Looks-Like-and-How-to-Find-Peace.png,public/images/old-site/posts/negativity-within-family/Negativity-Within-Family-What-it-Looks-L-42dfcd.webp,copy; original kept in git a0d6a32 (output/ deleted)
2-wordpress-export,output/posts/optimistic-mind/images/7-Ways-to-Foster-an-Optimistic-Mind.jpg,public/images/old-site/posts/optimistic-mind/7-Ways-to-Foster-an-Optimistic-Mind.webp,copy; original kept in git a0d6a32 (output/ deleted)
2-wordpress-export,output/posts/power-of-law-of-attraction/images/3-300x159.png,public/images/old-site/posts/power-of-law-of-attraction/3-300x159.webp,copy; original kept in git a0d6a32 (output/ deleted)
2-wordpress-export,output/posts/power-of-law-of-attraction/images/Power-of-law-of-attraction.png,public/images/old-site/posts/power-of-law-of-attraction/Power-of-law-of-attraction.webp,copy; original kept in git a0d6a32 (output/ deleted)
2-wordpress-export,output/posts/power-of-manifestaion/images/silence1.jpg,public/images/old-site/posts/power-of-manifestaion/silence1.webp,copy; original kept in git a0d6a32 (output/ deleted)
2-wordpress-export,output/posts/power-of-manifestation-for-your-dream-life/images/Power-of-Manifestation-For-Your-Dream-Life.jpeg,public/images/old-site/posts/power-of-manifestation-for-your-dream-life/Power-of-Manifestation-For-Your-Dream-Life.webp,copy; original kept in git a0d6a32 (output/ deleted)
2-wordpress-export,output/posts/power-of-spirituality-in-self-discovery/images/Power_Of_Spirituality_In_Self_Discovery.png,public/images/old-site/posts/power-of-spirituality-in-self-discovery/Power_Of_Spirituality_In_Self_Discovery.webp,copy; original kept in git a0d6a32 (output/ deleted)
2-wordpress-export,output/posts/prana-energy-or-soul-energy/images/key-to-better-life.jpeg,public/images/old-site/posts/prana-energy-or-soul-energy/key-to-better-life.webp,copy; original kept in git a0d6a32 (output/ deleted)
2-wordpress-export,output/posts/pranayama-for-high-blood-pressure/images/pranayama-for-high-blood-pressure-Anulom-Vilom-Pranayam-for-High-Blood-Pressure.jpg,public/images/old-site/posts/pranayama-for-high-blood-pressure/pranayama-for-high-blood-pressure-Anulom-1a2202.webp,copy; original kept in git a0d6a32 (output/ deleted)
2-wordpress-export,output/posts/pranayama-for-high-blood-pressure/images/pranayama-for-high-blood-pressure-Bhramari-Pranayam.jpg,public/images/old-site/posts/pranayama-for-high-blood-pressure/pranayama-for-high-blood-pressure-Bhramari-Pranayam.webp,copy; original kept in git a0d6a32 (output/ deleted)
2-wordpress-export,output/posts/pranayama-for-high-blood-pressure/images/pranayama-for-high-blood-pressure-cover-scaled.jpg,public/images/old-site/posts/pranayama-for-high-blood-pressure/pranayama-for-high-blood-pressure-cover-scaled.webp,copy; original kept in git a0d6a32 (output/ deleted)
2-wordpress-export,output/posts/pranayama-for-high-blood-pressure/images/pranayama-for-high-blood-pressure-Sheetali-Pranayam.jpg,public/images/old-site/posts/pranayama-for-high-blood-pressure/pranayama-for-high-blood-pressure-Sheetali-Pranayam.webp,copy; original kept in git a0d6a32 (output/ deleted)
2-wordpress-export,output/posts/pranayama-for-high-blood-pressure/images/pranayama-for-high-blood-pressure-Ujjayi-Pranayama.jpg,public/images/old-site/posts/pranayama-for-high-blood-pressure/pranayama-for-high-blood-pressure-Ujjayi-Pranayama.webp,copy; original kept in git a0d6a32 (output/ deleted)
2-wordpress-export,output/posts/sahasrara-chakra/images/7th_chakra.jpg,public/images/old-site/posts/sahasrara-chakra/7th_chakra.webp,copy; original kept in git a0d6a32 (output/ deleted)
2-wordpress-export,output/posts/sahasrara-chakra/images/Crown-Chakra.jpg,public/images/old-site/posts/sahasrara-chakra/Crown-Chakra.webp,copy; original kept in git a0d6a32 (output/ deleted)
2-wordpress-export,output/posts/sahasrara-chakra/images/Sahasrara-Chakra-Meditation.jpg,public/images/old-site/posts/sahasrara-chakra/Sahasrara-Chakra-Meditation.webp,copy; original kept in git a0d6a32 (output/ deleted)
2-wordpress-export,output/posts/seven-chakras/images/1-chakra.jpg,public/images/old-site/posts/seven-chakras/1-chakra.webp,copy; original kept in git a0d6a32 (output/ deleted)
2-wordpress-export,output/posts/seven-chakras/images/2nd_chakra.jpg,public/images/old-site/posts/seven-chakras/2nd_chakra.webp,copy; original kept in git a0d6a32 (output/ deleted)
2-wordpress-export,output/posts/seven-chakras/images/3-chakra.jpg,public/images/old-site/posts/seven-chakras/3-chakra.webp,copy; original kept in git a0d6a32 (output/ deleted)
2-wordpress-export,output/posts/seven-chakras/images/4-chakra.jpg,public/images/old-site/posts/seven-chakras/4-chakra.webp,copy; original kept in git a0d6a32 (output/ deleted)
2-wordpress-export,output/posts/seven-chakras/images/5th_chakra.jpg,public/images/old-site/posts/seven-chakras/5th_chakra.webp,copy; original kept in git a0d6a32 (output/ deleted)
2-wordpress-export,output/posts/seven-chakras/images/6-chakra.jpg,public/images/old-site/posts/seven-chakras/6-chakra.webp,copy; original kept in git a0d6a32 (output/ deleted)
2-wordpress-export,output/posts/seven-chakras/images/7th_chakra.jpg,public/images/old-site/posts/seven-chakras/7th_chakra.webp,copy; original kept in git a0d6a32 (output/ deleted)
2-wordpress-export,output/posts/seven-chakras/images/Crown-Chakra.jpg,public/images/old-site/posts/seven-chakras/Crown-Chakra.webp,copy; original kept in git a0d6a32 (output/ deleted)
2-wordpress-export,output/posts/seven-chakras/images/Heart-Chakra.png,public/images/old-site/posts/seven-chakras/Heart-Chakra.webp,copy; original kept in git a0d6a32 (output/ deleted)
2-wordpress-export,output/posts/seven-chakras/images/Root-Chakra.jpg,public/images/old-site/posts/seven-chakras/Root-Chakra.webp,copy; original kept in git a0d6a32 (output/ deleted)
2-wordpress-export,output/posts/seven-chakras/images/Sacral-Chakra.jpg,public/images/old-site/posts/seven-chakras/Sacral-Chakra.webp,copy; original kept in git a0d6a32 (output/ deleted)
2-wordpress-export,output/posts/seven-chakras/images/Solar-Plexus-Chakra.jpg,public/images/old-site/posts/seven-chakras/Solar-Plexus-Chakra.webp,copy; original kept in git a0d6a32 (output/ deleted)
2-wordpress-export,output/posts/seven-chakras/images/The-Seven-Chakras.jpg,public/images/old-site/posts/seven-chakras/The-Seven-Chakras.webp,copy; original kept in git a0d6a32 (output/ deleted)
2-wordpress-export,output/posts/seven-chakras/images/Third-Eye-Chakra.jpg,public/images/old-site/posts/seven-chakras/Third-Eye-Chakra.webp,copy; original kept in git a0d6a32 (output/ deleted)
2-wordpress-export,output/posts/seven-chakras/images/Throat-Chakra.jpg,public/images/old-site/posts/seven-chakras/Throat-Chakra.webp,copy; original kept in git a0d6a32 (output/ deleted)
2-wordpress-export,output/posts/silence-isnt-empty-its-full-2/images/silence3.jpg,public/images/old-site/posts/silence-isnt-empty-its-full-2/silence3.webp,copy; original kept in git a0d6a32 (output/ deleted)
2-wordpress-export,output/posts/silence-isnt-empty-its-full/images/silence2.jpg,public/images/old-site/posts/silence-isnt-empty-its-full/silence2.webp,copy; original kept in git a0d6a32 (output/ deleted)
2-wordpress-export,output/posts/silent-retreats-unveiled/images/Silent-Retreats-Unveiled.png,public/images/old-site/posts/silent-retreats-unveiled/Silent-Retreats-Unveiled.webp,copy; original kept in git a0d6a32 (output/ deleted)
2-wordpress-export,output/posts/spiritual-practises-to-tackle-loneliness/images/Spiritual-Practises.jpg,public/images/old-site/posts/spiritual-practises-to-tackle-loneliness/Spiritual-Practises.webp,copy; original kept in git a0d6a32 (output/ deleted)
2-wordpress-export,output/posts/spirituality-and-materialism/images/Spirituality-and-materialism.png,public/images/old-site/posts/spirituality-and-materialism/Spirituality-and-materialism.webp,copy; original kept in git a0d6a32 (output/ deleted)
2-wordpress-export,output/posts/spiritualitys-role-in-healing-childhood-trauma/images/Spiritualitys-Role-in-Healing.png,public/images/old-site/posts/spiritualitys-role-in-healing-childhood-trauma/Spiritualitys-Role-in-Healing.webp,copy; original kept in git a0d6a32 (output/ deleted)
2-wordpress-export,output/posts/stop-negative-thinking/images/10-Ways-to-Overcome-Negative-Thoughts.jpg,public/images/old-site/posts/stop-negative-thinking/10-Ways-to-Overcome-Negative-Thoughts.webp,copy; original kept in git a0d6a32 (output/ deleted)
2-wordpress-export,output/posts/stress-reduction/images/Stress-Reduction-e1707217709944.png,public/images/old-site/posts/stress-reduction/Stress-Reduction-e1707217709944.webp,copy; original kept in git a0d6a32 (output/ deleted)
2-wordpress-export,output/posts/svadhisthana-chakra/images/2nd_chakra.jpg,public/images/old-site/posts/svadhisthana-chakra/2nd_chakra.webp,copy; original kept in git a0d6a32 (output/ deleted)
2-wordpress-export,output/posts/svadhisthana-chakra/images/Baddha-Konasana-Butterfly-Pose.jpg,public/images/old-site/posts/svadhisthana-chakra/Baddha-Konasana-Butterfly-Pose.webp,copy; original kept in git a0d6a32 (output/ deleted)
2-wordpress-export,output/posts/svadhisthana-chakra/images/Bhujangasana-Cobra-Pose.jpg,public/images/old-site/posts/svadhisthana-chakra/Bhujangasana-Cobra-Pose.webp,copy; original kept in git a0d6a32 (output/ deleted)
2-wordpress-export,output/posts/svadhisthana-chakra/images/Dhyani-Mudra-Meditation-Mudra.png,public/images/old-site/posts/svadhisthana-chakra/Dhyani-Mudra-Meditation-Mudra.webp,copy; original kept in git a0d6a32 (output/ deleted)
2-wordpress-export,output/posts/svadhisthana-chakra/images/Sacral-Chakra.jpg,public/images/old-site/posts/svadhisthana-chakra/Sacral-Chakra.webp,copy; original kept in git a0d6a32 (output/ deleted)
2-wordpress-export,output/posts/svadhisthana-chakra/images/Supta-Baddha-Konasana-Reclining-Bound-Angle-Pose.jpg,public/images/old-site/posts/svadhisthana-chakra/Supta-Baddha-Konasana-Reclining-Bound-Angle-Pose.webp,copy; original kept in git a0d6a32 (output/ deleted)
2-wordpress-export,output/posts/the-art-of-observation/images/The-Art-of-Observation.webp,public/images/old-site/posts/the-art-of-observation/The-Art-of-Observation.webp,copy; original kept in git a0d6a32 (output/ deleted)
2-wordpress-export,output/posts/the-science-of-breathing/images/1.png,public/images/old-site/posts/the-science-of-breathing/1.webp,copy; original kept in git a0d6a32 (output/ deleted)
2-wordpress-export,output/posts/the-science-of-breathing/images/2-300x159.png,public/images/old-site/posts/the-science-of-breathing/2-300x159.webp,copy; original kept in git a0d6a32 (output/ deleted)
2-wordpress-export,output/posts/the-science-of-breathing/images/2.png,public/images/old-site/posts/the-science-of-breathing/2.webp,copy; original kept in git a0d6a32 (output/ deleted)
2-wordpress-export,output/posts/the-science-of-breathing/images/3.png,public/images/old-site/posts/the-science-of-breathing/3.webp,copy; original kept in git a0d6a32 (output/ deleted)
2-wordpress-export,output/posts/unlock-a-productive-day/images/Unlock-a-Productive-Day-1.png,public/images/old-site/posts/unlock-a-productive-day/Unlock-a-Productive-Day-1.webp,copy; original kept in git a0d6a32 (output/ deleted)
2-wordpress-export,output/posts/unlock-a-productive-day/images/Unlock-a-Productive-Day-2.png,public/images/old-site/posts/unlock-a-productive-day/Unlock-a-Productive-Day-2.webp,copy; original kept in git a0d6a32 (output/ deleted)
2-wordpress-export,output/posts/unlock-a-productive-day/images/Unlock-a-Productive-Day-3.png,public/images/old-site/posts/unlock-a-productive-day/Unlock-a-Productive-Day-3.webp,copy; original kept in git a0d6a32 (output/ deleted)
2-wordpress-export,output/posts/unlock-restful-nights/images/Unlock-Restful-Nights.png,public/images/old-site/posts/unlock-restful-nights/Unlock-Restful-Nights.webp,copy; original kept in git a0d6a32 (output/ deleted)
2-wordpress-export,output/posts/unlock-the-power-of-guided-meditation/images/Unlock-the-Power-of-Guided-Meditation-1.png,public/images/old-site/posts/unlock-the-power-of-guided-meditation/Unlock-the-Power-of-Guided-Meditation-1.webp,copy; original kept in git a0d6a32 (output/ deleted)
2-wordpress-export,output/posts/unlock-the-power-of-guided-meditation/images/Unlock-the-Power-of-Guided-Meditation-2.png,public/images/old-site/posts/unlock-the-power-of-guided-meditation/Unlock-the-Power-of-Guided-Meditation-2.webp,copy; original kept in git a0d6a32 (output/ deleted)
2-wordpress-export,output/posts/unlock-the-power-of-your-mind/images/Unlock-the-Power-of-Your-Mind-1.png,public/images/old-site/posts/unlock-the-power-of-your-mind/Unlock-the-Power-of-Your-Mind-1.webp,copy; original kept in git a0d6a32 (output/ deleted)
2-wordpress-export,output/posts/unlock-the-power-of-your-mind/images/Unlock-the-Power-of-Your-Mind-2.png,public/images/old-site/posts/unlock-the-power-of-your-mind/Unlock-the-Power-of-Your-Mind-2.webp,copy; original kept in git a0d6a32 (output/ deleted)
2-wordpress-export,output/posts/unlock-the-power-of-your-mind/images/Unlock-the-Power-of-Your-Mind-3.png,public/images/old-site/posts/unlock-the-power-of-your-mind/Unlock-the-Power-of-Your-Mind-3.webp,copy; original kept in git a0d6a32 (output/ deleted)
2-wordpress-export,output/posts/unlock-your-inner-harmony/images/Unlock-Your-Inner-Harmony-1.png,public/images/old-site/posts/unlock-your-inner-harmony/Unlock-Your-Inner-Harmony-1.webp,copy; original kept in git a0d6a32 (output/ deleted)
2-wordpress-export,output/posts/unlock-your-inner-harmony/images/Unlock-Your-Inner-Harmony-2.png,public/images/old-site/posts/unlock-your-inner-harmony/Unlock-Your-Inner-Harmony-2.webp,copy; original kept in git a0d6a32 (output/ deleted)
2-wordpress-export,output/posts/unlocking-creative-genius/images/Unlocking-Creative-Genius.png,public/images/old-site/posts/unlocking-creative-genius/Unlocking-Creative-Genius.webp,copy; original kept in git a0d6a32 (output/ deleted)
2-wordpress-export,output/posts/unlocking-harmony/images/Unlocking-Harmony.png,public/images/old-site/posts/unlocking-harmony/Unlocking-Harmony.webp,copy; original kept in git a0d6a32 (output/ deleted)
2-wordpress-export,output/posts/unlocking-wellness/images/Unlocking-Wellness-1.png,public/images/old-site/posts/unlocking-wellness/Unlocking-Wellness-1.webp,copy; original kept in git a0d6a32 (output/ deleted)
2-wordpress-export,output/posts/unravelling-the-power-of-meditation/images/Unravelling-the-Power-of-Meditation-1.png,public/images/old-site/posts/unravelling-the-power-of-meditation/Unravelling-the-Power-of-Meditation-1.webp,copy; original kept in git a0d6a32 (output/ deleted)
2-wordpress-export,output/posts/unravelling-the-power-of-meditation/images/Unravelling-the-Power-of-Meditation-2.png,public/images/old-site/posts/unravelling-the-power-of-meditation/Unravelling-the-Power-of-Meditation-2.webp,copy; original kept in git a0d6a32 (output/ deleted)
2-wordpress-export,output/posts/unravelling-the-power-of-meditation/images/Unravelling-the-Power-of-Meditation-3.png,public/images/old-site/posts/unravelling-the-power-of-meditation/Unravelling-the-Power-of-Meditation-3.webp,copy; original kept in git a0d6a32 (output/ deleted)
2-wordpress-export,output/posts/unveiling-the-harmony/images/Unveiling-the-Harmony.png,public/images/old-site/posts/unveiling-the-harmony/Unveiling-the-Harmony.webp,copy; original kept in git a0d6a32 (output/ deleted)
2-wordpress-export,output/posts/vishuddha-chakra/images/Fish-Pose.jpg,public/images/old-site/posts/vishuddha-chakra/Fish-Pose.webp,copy; original kept in git a0d6a32 (output/ deleted)
2-wordpress-export,output/posts/vishuddha-chakra/images/Granthita-Mudra-throat-chakra.png,public/images/old-site/posts/vishuddha-chakra/Granthita-Mudra-throat-chakra.webp,copy; original kept in git a0d6a32 (output/ deleted)
2-wordpress-export,output/posts/vishuddha-chakra/images/Shoulder-Stand-Sarvangasana.jpg,public/images/old-site/posts/vishuddha-chakra/Shoulder-Stand-Sarvangasana.webp,copy; original kept in git a0d6a32 (output/ deleted)
2-wordpress-export,output/posts/vishuddha-chakra/images/Throat-Chakra.jpg,public/images/old-site/posts/vishuddha-chakra/Throat-Chakra.webp,copy; original kept in git a0d6a32 (output/ deleted)
2-wordpress-export,output/posts/vishuddha-chakra/images/Vishuddha-Chakra-Location.jpg,public/images/old-site/posts/vishuddha-chakra/Vishuddha-Chakra-Location.webp,copy; original kept in git a0d6a32 (output/ deleted)
2-wordpress-export,output/posts/what-is-brahma-muhurta/images/Brahma-Muhurta-Benefits.png,public/images/old-site/posts/what-is-brahma-muhurta/Brahma-Muhurta-Benefits.webp,copy; original kept in git a0d6a32 (output/ deleted)
2-wordpress-export,output/posts/what-is-brahma-muhurta/images/Brahma-Muhurta.jpg,public/images/old-site/posts/what-is-brahma-muhurta/Brahma-Muhurta.webp,copy; original kept in git a0d6a32 (output/ deleted)
2-wordpress-export,output/posts/what-is-brahma-muhurta/images/what-is-brahma-muhurta.jpg,public/images/old-site/posts/what-is-brahma-muhurta/what-is-brahma-muhurta.webp,copy; original kept in git a0d6a32 (output/ deleted)
2-wordpress-export,output/posts/what-is-conscious-mind/images/Conscious-Mind.png,public/images/old-site/posts/what-is-conscious-mind/Conscious-Mind.webp,copy; original kept in git a0d6a32 (output/ deleted)
2-wordpress-export,output/posts/what-is-conscious-mind/images/Power-of-Conscious-Mind.png,public/images/old-site/posts/what-is-conscious-mind/Power-of-Conscious-Mind.webp,copy; original kept in git a0d6a32 (output/ deleted)
2-wordpress-export,output/posts/what-is-conscious-mind/images/what-is-Conscious-Mind.jpg,public/images/old-site/posts/what-is-conscious-mind/what-is-Conscious-Mind.webp,copy; original kept in git a0d6a32 (output/ deleted)
2-wordpress-export,output/posts/what-is-consciousness/images/Benefits-of-Higher-Consciousness.png,public/images/old-site/posts/what-is-consciousness/Benefits-of-Higher-Consciousness.webp,copy; original kept in git a0d6a32 (output/ deleted)
2-wordpress-export,output/posts/what-is-consciousness/images/Spiritual-Consciousness.jpg,public/images/old-site/posts/what-is-consciousness/Spiritual-Consciousness.webp,copy; original kept in git a0d6a32 (output/ deleted)
2-wordpress-export,output/posts/what-is-consciousness/images/What-is-Consciousness.jpeg,public/images/old-site/posts/what-is-consciousness/What-is-Consciousness.webp,copy; original kept in git a0d6a32 (output/ deleted)
2-wordpress-export,output/posts/what-is-manifestation/images/How-Manifestation-Works.png,public/images/old-site/posts/what-is-manifestation/How-Manifestation-Works.webp,copy; original kept in git a0d6a32 (output/ deleted)
2-wordpress-export,output/posts/what-is-manifestation/images/Manifestation-Cover.jpg,public/images/old-site/posts/what-is-manifestation/Manifestation-Cover.webp,copy; original kept in git a0d6a32 (output/ deleted)
2-wordpress-export,output/posts/what-is-manifestation/images/What-is-Manifestation.png,public/images/old-site/posts/what-is-manifestation/What-is-Manifestation.webp,copy; original kept in git a0d6a32 (output/ deleted)
2-wordpress-export,output/posts/what-is-manifestation/images/Why-is-My-Manifestation-not-Working.png,public/images/old-site/posts/what-is-manifestation/Why-is-My-Manifestation-not-Working.webp,copy; original kept in git a0d6a32 (output/ deleted)
2-wordpress-export,output/posts/what-is-mental-health/images/Mental-Health.jpg,public/images/old-site/posts/what-is-mental-health/Mental-Health.webp,copy; original kept in git a0d6a32 (output/ deleted)
2-wordpress-export,output/posts/what-is-mental-health/images/Types-of-Mental-Health-Disorders.png,public/images/old-site/posts/what-is-mental-health/Types-of-Mental-Health-Disorders.webp,copy; original kept in git a0d6a32 (output/ deleted)
2-wordpress-export,output/posts/what-is-mental-health/images/Understand-the-Concept-of-Mental-Health.jpg,public/images/old-site/posts/what-is-mental-health/Understand-the-Concept-of-Mental-Health.webp,copy; original kept in git a0d6a32 (output/ deleted)
2-wordpress-export,output/posts/what-is-mental-health/images/What-Is-Mental-Health.png,public/images/old-site/posts/what-is-mental-health/What-Is-Mental-Health.webp,copy; original kept in git a0d6a32 (output/ deleted)
2-wordpress-export,output/posts/what-is-mental-health/images/Yoga-for-Mental-Health.jpg,public/images/old-site/posts/what-is-mental-health/Yoga-for-Mental-Health.webp,copy; original kept in git a0d6a32 (output/ deleted)
2-wordpress-export,output/posts/what-is-peace-of-mind/images/Peace-of-Mind.jpg,public/images/old-site/posts/what-is-peace-of-mind/Peace-of-Mind.webp,copy; original kept in git a0d6a32 (output/ deleted)
2-wordpress-export,output/posts/what-is-peace-of-mind/images/tStG1WUKzLlWzALbrIZdZIlzNghmpt01IupVPjoPmsLbXidDx1ODuGWPPNto8SagvsHmZz1h1tBDahRxLJbM8qqNrfKHU_aqJ8s8njnB8NOjg2u9Khy7RYSfGss4fiTqo_KO-EI9cnASMyLVhXVVuLM.png,public/images/old-site/posts/what-is-peace-of-mind/tStG1WUKzLlWzALbrIZdZIlzNghmpt01IupVPjoP-1bd69c.webp,copy; original kept in git a0d6a32 (output/ deleted)
2-wordpress-export,output/posts/what-is-positive-thinking/images/h-zg4NsCXZwhRqj_Q59xjCh4qAj0phqpc08T8qkgoTSxrlpFQAUsLshJNrTUyAP6S4-IzKOc-7zZjz7VFlPj-t1Lx9LeZgHEslCFvBM7_kB7rL5xzO-hxzGtyfH2isDnA1femPUdU993YmzHFr1rmSo.png,public/images/old-site/posts/what-is-positive-thinking/h-zg4NsCXZwhRqj_Q59xjCh4qAj0phqpc08T8qkg-7feed6.png,copy; original kept in git a0d6a32 (output/ deleted)
2-wordpress-export,output/posts/what-is-positive-thinking/images/What-Is-Positive-Thinking.png,public/images/old-site/posts/what-is-positive-thinking/What-Is-Positive-Thinking.webp,copy; original kept in git a0d6a32 (output/ deleted)
2-wordpress-export,output/posts/what-is-spiritual-healing/images/Spiritual-Healing.png,public/images/old-site/posts/what-is-spiritual-healing/Spiritual-Healing.webp,copy; original kept in git a0d6a32 (output/ deleted)
2-wordpress-export,output/posts/what-is-spiritual-healing/images/What-is-Spiritual-Healing.jpg,public/images/old-site/posts/what-is-spiritual-healing/What-is-Spiritual-Healing.webp,copy; original kept in git a0d6a32 (output/ deleted)
2-wordpress-export,output/posts/what-is-spiritual/images/How-to-become-a-spiritual-person.jpg,public/images/old-site/posts/what-is-spiritual/How-to-become-a-spiritual-person.webp,copy; original kept in git a0d6a32 (output/ deleted)
2-wordpress-export,output/posts/what-is-spiritual/images/What-is-Spirituality.png,public/images/old-site/posts/what-is-spiritual/What-is-Spirituality.webp,copy; original kept in git a0d6a32 (output/ deleted)
2-wordpress-export,output/posts/what-is-spirituality/images/What-is-Spirituality.jpg,public/images/old-site/posts/what-is-spirituality/What-is-Spirituality.webp,copy; original kept in git a0d6a32 (output/ deleted)
2-wordpress-export,output/posts/why-no-one-understands-you/images/silence4.jpg,public/images/old-site/posts/why-no-one-understands-you/silence4.webp,copy; original kept in git a0d6a32 (output/ deleted)
2-wordpress-export,output/posts/yoga-for-back-pain-relief/images/Yoga-for-Back-Pain-Relief.png,public/images/old-site/posts/yoga-for-back-pain-relief/Yoga-for-Back-Pain-Relief.webp,copy; original kept in git a0d6a32 (output/ deleted)
2-wordpress-export,output/posts/yoga-for-flexibility/images/Yoga-for-Flexibility.png,public/images/old-site/posts/yoga-for-flexibility/Yoga-for-Flexibility.webp,copy; original kept in git a0d6a32 (output/ deleted)
2-wordpress-export,output/posts/yoga-for-high-bp/images/8vW7z6ej9u1aVTE-mLlC_WZZBbMP6acFEsoutUqotQFD-s-ex4FOlFxS2e6aH3ZjKivmpy3G3Y19ykarJGXfnri4qVbdV05mAy_zWSHSj0rJxrMvS6qiH7ylTbAa3U_LW-e95O5YeNmgLoCj4dxvSnc.jpg,public/images/old-site/posts/yoga-for-high-bp/8vW7z6ej9u1aVTE-mLlC_WZZBbMP6acFEsoutUqo-2f0021.webp,copy; original kept in git a0d6a32 (output/ deleted)
2-wordpress-export,output/posts/yoga-for-high-bp/images/iBU4RjKJPHkVhSv1voOuNndGuGWE3cHN48Mi-ScQfXQyEQ92xkRmWIX1SUXbPj2UkgW8cevs45FNse42Oq_uIAB4EkvuAsO9aPnxj_Mjmm5r5V7Ccs1pL8i9O9VEdTIIMAkDOo5vgWP80CPp1XyFIAk.jpg,public/images/old-site/posts/yoga-for-high-bp/iBU4RjKJPHkVhSv1voOuNndGuGWE3cHN48Mi-ScQ-7830b3.webp,copy; original kept in git a0d6a32 (output/ deleted)
2-wordpress-export,output/posts/yoga-for-high-bp/images/PVNc0PNxerdVRcu82tQjMO_35d8PslVM07k-Acr-KAonS6lflUdtAn3f8xwVFrt2EAonyJUmrRMZu2efrR6Q0dk9pNenrdPo3c5RMBYP58oaZyLLpQWYmASYWoCgfwQ7YZ5FaVKAQguBytT1k8sdTZQ.jpg,public/images/old-site/posts/yoga-for-high-bp/PVNc0PNxerdVRcu82tQjMO_35d8PslVM07k-Acr-a88b6c.webp,copy; original kept in git a0d6a32 (output/ deleted)
2-wordpress-export,output/posts/yoga-for-high-bp/images/uXPA_bYosFwcO7717VLpktyynxCIrAMijAfan7OPNDAOcP5K0asHkvwuVqRGxrLqtSaTGjfljSywW4R3KfctSHXU1hWhsL04hjnTgI44xuQnikTrfpraNQBRPEdH6p_4DRTC0fC7l2EW7kCoYTvtux8.jpg,public/images/old-site/posts/yoga-for-high-bp/uXPA_bYosFwcO7717VLpktyynxCIrAMijAfan7OP-23d67d.webp,copy; original kept in git a0d6a32 (output/ deleted)
2-wordpress-export,output/posts/yoga-for-high-bp/images/yoga-for-high-bp-Child-pose-balasana.jpg,public/images/old-site/posts/yoga-for-high-bp/yoga-for-high-bp-Child-pose-balasana.webp,copy; original kept in git a0d6a32 (output/ deleted)
2-wordpress-export,output/posts/yoga-for-high-bp/images/yoga-for-high-bp-Cover-scaled.jpg,public/images/old-site/posts/yoga-for-high-bp/yoga-for-high-bp-Cover-scaled.webp,copy; original kept in git a0d6a32 (output/ deleted)
2-wordpress-export,output/posts/yoga-for-hypertension/images/yoga-for-hypertension-Ardha-Matsyendrasana-Half-Spinal-Twist.jpg,public/images/old-site/posts/yoga-for-hypertension/yoga-for-hypertension-Ardha-Matsyendrasana-Half-Spinal-Twist.webp,copy; original kept in git a0d6a32 (output/ deleted)
2-wordpress-export,output/posts/yoga-for-hypertension/images/yoga-for-hypertension-cover.jpg,public/images/old-site/posts/yoga-for-hypertension/yoga-for-hypertension-cover.webp,copy; original kept in git a0d6a32 (output/ deleted)
2-wordpress-export,output/posts/yoga-for-hypertension/images/yoga-for-hypertension-Paschimottanasana-Seated-Forward-Bend.jpeg,public/images/old-site/posts/yoga-for-hypertension/yoga-for-hypertension-Paschimottanasana-Seated-Forward-Bend.webp,copy; original kept in git a0d6a32 (output/ deleted)
2-wordpress-export,output/posts/yoga-for-hypertension/images/yoga-for-hypertension-Virasana-Hero-Pose.jpg,public/images/old-site/posts/yoga-for-hypertension/yoga-for-hypertension-Virasana-Hero-Pose.webp,copy; original kept in git a0d6a32 (output/ deleted)
2-wordpress-export,output/posts/yoga-for-peace-of-mind/images/Adhi-Mudra.jpg,public/images/old-site/posts/yoga-for-peace-of-mind/Adhi-Mudra.webp,copy; original kept in git a0d6a32 (output/ deleted)
2-wordpress-export,output/posts/yoga-for-peace-of-mind/images/Apana-Mudra.jpg,public/images/old-site/posts/yoga-for-peace-of-mind/Apana-Mudra.webp,copy; original kept in git a0d6a32 (output/ deleted)
2-wordpress-export,output/posts/yoga-for-peace-of-mind/images/Atmanjali-Mudra-Namaste-Mudra.jpg,public/images/old-site/posts/yoga-for-peace-of-mind/Atmanjali-Mudra-Namaste-Mudra.webp,copy; original kept in git a0d6a32 (output/ deleted)
2-wordpress-export,output/posts/yoga-for-peace-of-mind/images/Benefits-of-Meditation-for-Peace-of-Mind.png,public/images/old-site/posts/yoga-for-peace-of-mind/Benefits-of-Meditation-for-Peace-of-Mind.webp,copy; original kept in git a0d6a32 (output/ deleted)
2-wordpress-export,output/posts/yoga-for-peace-of-mind/images/Dhyani-Mudra-Meditation-Mudra.png,public/images/old-site/posts/yoga-for-peace-of-mind/Dhyani-Mudra-Meditation-Mudra.webp,copy; original kept in git a0d6a32 (output/ deleted)
2-wordpress-export,output/posts/yoga-for-peace-of-mind/images/Hridaya-Mudra.png,public/images/old-site/posts/yoga-for-peace-of-mind/Hridaya-Mudra.webp,copy; original kept in git a0d6a32 (output/ deleted)
2-wordpress-export,output/posts/yoga-for-peace-of-mind/images/Jnana-Mudra-Mudra-of-Knowledge.png,public/images/old-site/posts/yoga-for-peace-of-mind/Jnana-Mudra-Mudra-of-Knowledge.webp,copy; original kept in git a0d6a32 (output/ deleted)
2-wordpress-export,output/posts/yoga-for-peace-of-mind/images/Lotus-Mudra-scaled.jpeg,public/images/old-site/posts/yoga-for-peace-of-mind/Lotus-Mudra-scaled.webp,copy; original kept in git a0d6a32 (output/ deleted)
2-wordpress-export,output/posts/yoga-for-peace-of-mind/images/Prithivi-Mudra-Earth-Mudra.png,public/images/old-site/posts/yoga-for-peace-of-mind/Prithivi-Mudra-Earth-Mudra.webp,copy; original kept in git a0d6a32 (output/ deleted)
2-wordpress-export,output/posts/yoga-for-peace-of-mind/images/What-is-Peace-of-Mind-Meditation.png,public/images/old-site/posts/yoga-for-peace-of-mind/What-is-Peace-of-Mind-Meditation.webp,copy; original kept in git a0d6a32 (output/ deleted)
2-wordpress-export,output/posts/yoga-for-peace-of-mind/images/Yoga-Poses-for-Peace-of-Mind.png,public/images/old-site/posts/yoga-for-peace-of-mind/Yoga-Poses-for-Peace-of-Mind.webp,copy; original kept in git a0d6a32 (output/ deleted)
2-wordpress-export,output/posts/yoga-for-weight-loss/images/Yoga-for-Weight-Loss.png,public/images/old-site/posts/yoga-for-weight-loss/Yoga-for-Weight-Loss.webp,copy; original kept in git a0d6a32 (output/ deleted)
2-wordpress-export,output/posts/yoga-nidra/images/Yoga-Nidra.png,public/images/old-site/posts/yoga-nidra/Yoga-Nidra.webp,copy; original kept in git a0d6a32 (output/ deleted)
3-remote-to-local,https://sciencedivine.org/wp-content/uploads/2024/05/aboutsakshishree.jpg,public/images/uploads/2024/05/aboutsakshishree.webp,restored from git a0d6a32:public/old-site/uploads
3-remote-to-local,https://sciencedivine.org/wp-content/uploads/2024/06/DJI_0169-scaled.jpg,public/images/uploads/2024/06/DJI_0169-scaled.webp,restored from git a0d6a32:public/old-site/uploads
3-remote-to-local,https://sciencedivine.org/wp-content/uploads/2024/06/National-Dope-Testing-Laboratory-New-Delhi-150x150.png,public/images/uploads/2024/06/National-Dope-Testing-Laboratory-New-Delhi-150x150.webp,restored from git a0d6a32:public/old-site/uploads
3-remote-to-local,https://sciencedivine.org/wp-content/uploads/2024/06/Indian-Pharmacopoeia-Commission-150x150.png,public/images/uploads/2024/06/Indian-Pharmacopoeia-Commission-150x150.webp,restored from git a0d6a32:public/old-site/uploads
3-remote-to-local,https://sciencedivine.org/wp-content/uploads/2024/06/Sanskar-Educational-Group.png,public/images/uploads/2024/06/Sanskar-Educational-Group.webp,restored from git a0d6a32:public/old-site/uploads
3-remote-to-local,https://sciencedivine.org/wp-content/uploads/2024/06/Pharmacopoeia-Commission-for-Indian-Medicine-Homoeopathy-150x150.png,public/images/uploads/2024/06/Pharmacopoeia-Commission-for-Indian-Medicine-Homoeopathy-150x150.webp,restored from git a0d6a32:public/old-site/uploads
3-remote-to-local,https://sciencedivine.org/wp-content/uploads/2024/06/Mewar-Group-of-Institutions-150x150.gif,public/images/uploads/2024/06/Mewar-Group-of-Institutions-150x150.gif,restored from git a0d6a32:public/old-site/uploads
3-remote-to-local,https://sciencedivine.org/wp-content/uploads/2024/06/Jind-Institute-of-Engineering-Technology-150x150.png,public/images/uploads/2024/06/Jind-Institute-of-Engineering-Technology-150x150.webp,restored from git a0d6a32:public/old-site/uploads
3-remote-to-local,https://sciencedivine.org/wp-content/uploads/2024/06/HRIT-Group-of-Institutions-150x150.png,public/images/uploads/2024/06/HRIT-Group-of-Institutions-150x150.webp,restored from git a0d6a32:public/old-site/uploads
3-remote-to-local,https://sciencedivine.org/wp-content/uploads/2024/06/Raj-Kumar-Goel-Institute-of-Technology-150x150.png,public/images/uploads/2024/06/Raj-Kumar-Goel-Institute-of-Technology-150x150.webp,restored from git a0d6a32:public/old-site/uploads
3-remote-to-local,https://sciencedivine.org/wp-content/uploads/2024/06/Institute-of-Technology-Science-ITS-Ghaziabad-150x150.png,public/images/uploads/2024/06/Institute-of-Technology-Science-ITS-Ghaziabad-150x150.webp,restored from git a0d6a32:public/old-site/uploads
3-remote-to-local,https://sciencedivine.org/wp-content/uploads/2024/06/Akums-Drugs-Pharmaceuticals-Ltd-150x150.png,public/images/uploads/2024/06/Akums-Drugs-Pharmaceuticals-Ltd-150x150.webp,restored from git a0d6a32:public/old-site/uploads
3-remote-to-local,https://sciencedivine.org/wp-content/uploads/2025/03/digital-composite-image-businessman-writing-vision-text-office-1-scaled.webp,public/images/uploads/2025/03/digital-composite-image-businessman-writing-vision-text-office-1-scaled.webp,restored from git a0d6a32:public/old-site/uploads
3-remote-to-local,https://sciencedivine.org/wp-content/uploads/2024/04/gospelforasia-RT18-03070.jpeg,public/images/uploads/2024/04/gospelforasia-RT18-03070.webp,restored from git a0d6a32:public/old-site/uploads
3-remote-to-local,https://sciencedivine.org/wp-content/uploads/2024/04/IMG-20200818-WA0055.jpg,public/images/uploads/2024/04/IMG-20200818-WA0055.webp,restored from git a0d6a32:public/old-site/uploads
3-remote-to-local,https://sciencedivine.org/wp-content/uploads/2025/12/image-4.jpg,public/images/uploads/2025/12/image-4.webp,restored from git a0d6a32:public/old-site/uploads
3-remote-to-local,https://sciencedivine.org/wp-content/uploads/2025/12/image-3.jpg,public/images/uploads/2025/12/image-3.webp,restored from git a0d6a32:public/old-site/uploads
3-remote-to-local,https://sciencedivine.org/wp-content/uploads/2025/12/image-2.jpg,public/images/uploads/2025/12/image-2.webp,restored from git a0d6a32:public/old-site/uploads
3-remote-to-local,https://sciencedivine.org/wp-content/uploads/2025/12/image-1.jpg,public/images/uploads/2025/12/image-1.webp,restored from git a0d6a32:public/old-site/uploads
3-remote-to-local,https://sciencedivine.org/wp-content/uploads/2025/03/Untitled-design-2-1.webp,public/images/uploads/2025/03/Untitled-design-2-1.webp,restored from git a0d6a32:public/old-site/uploads
3-remote-to-local,https://sciencedivine.org/wp-content/uploads/2025/02/1-1024x542.webp,public/images/uploads/2025/02/1-1024x542.webp,restored from git a0d6a32:public/old-site/uploads
3-remote-to-local,https://sciencedivine.org/wp-content/uploads/2025/02/2-1024x542.webp,public/images/uploads/2025/02/2-1024x542.webp,restored from git a0d6a32:public/old-site/uploads
3-remote-to-local,https://sciencedivine.org/wp-content/uploads/2024/12/AAP_0044-1.webp,public/images/uploads/2024/12/AAP_0044-1.webp,restored from git a0d6a32:public/old-site/uploads
3-remote-to-local,https://sciencedivine.org/wp-content/uploads/2025/02/mzlvjnkn-1-scaled.webp,public/images/uploads/2025/02/mzlvjnkn-1-scaled.webp,restored from git a0d6a32:public/old-site/uploads
3-remote-to-local,https://sciencedivine.org/wp-content/uploads/2025/03/image-10.webp,public/images/uploads/2025/03/image-10.webp,restored from git a0d6a32:public/old-site/uploads
3-remote-to-local,https://sciencedivine.org/wp-content/uploads/2023/06/young-img1.jpg,public/images/uploads/2023/06/young-img1.webp,restored from git a0d6a32:public/old-site/uploads
3-remote-to-local,https://sciencedivine.org/wp-content/uploads/2024/03/Self-Conscious.jpeg,public/images/uploads/2024/03/Self-Conscious.webp,restored from git a0d6a32:public/old-site/uploads
3-remote-to-local,https://sciencedivine.org/wp-content/uploads/2023/06/3-scaled.webp,public/images/uploads/2023/06/3-scaled.webp,restored from git a0d6a32:public/old-site/uploads
3-remote-to-local,https://sciencedivine.org/wp-content/uploads/2023/06/4-scaled.webp,public/images/uploads/2023/06/4-scaled.webp,restored from git a0d6a32:public/old-site/uploads
3-remote-to-local,https://sciencedivine.org/wp-content/uploads/2023/06/1-scaled.webp,public/images/uploads/2023/06/1-scaled.webp,restored from git a0d6a32:public/old-site/uploads
3-remote-to-local,https://sciencedivine.org/wp-content/uploads/2025/01/dhyan-with-happy-face-copy-1-1-896x1024.webp,public/images/uploads/2025/01/dhyan-with-happy-face-copy-1-1-896x1024.webp,restored from git a0d6a32:public/old-site/uploads
3-remote-to-local,https://sciencedivine.org/wp-content/uploads/2024/03/Addictions-1024x512.jpg,public/images/uploads/2024/03/Addictions-1024x512.webp,restored from git a0d6a32:public/old-site/uploads
3-remote-to-local,https://sciencedivine.org/wp-content/uploads/2024/03/651fc93c262ba8e696be1107_icon1-1.png,public/images/uploads/2024/03/651fc93c262ba8e696be1107_icon1-1.webp,restored from git a0d6a32:public/old-site/uploads
3-remote-to-local,https://sciencedivine.org/wp-content/uploads/2024/03/651fc89a25635db7a0e5309b_Frame-2-1.png,public/images/uploads/2024/03/651fc89a25635db7a0e5309b_Frame-2-1.webp,restored from git a0d6a32:public/old-site/uploads
3-remote-to-local,https://sciencedivine.org/wp-content/uploads/2024/03/651fc915c87a9d5daaa98adb_Icon-3-1.png,public/images/uploads/2024/03/651fc915c87a9d5daaa98adb_Icon-3-1.webp,restored from git a0d6a32:public/old-site/uploads
3-remote-to-local,https://sciencedivine.org/wp-content/uploads/2024/03/651fc9f32693b049340e24ae_icon-4-1.png,public/images/uploads/2024/03/651fc9f32693b049340e24ae_icon-4-1.webp,restored from git a0d6a32:public/old-site/uploads
3-remote-to-local,https://sciencedivine.org/wp-content/uploads/2024/03/1693895910-research-shows-one-1.png,public/images/uploads/2024/03/1693895910-research-shows-one-1.webp,restored from git a0d6a32:public/old-site/uploads
3-remote-to-local,https://sciencedivine.org/wp-content/uploads/2024/03/1693895906-research-shows-two-1-1.png,public/images/uploads/2024/03/1693895906-research-shows-two-1-1.webp,restored from git a0d6a32:public/old-site/uploads
3-remote-to-local,https://sciencedivine.org/wp-content/uploads/2024/03/1693895901-research-shows-three-1.png,public/images/uploads/2024/03/1693895901-research-shows-three-1.webp,restored from git a0d6a32:public/old-site/uploads
3-remote-to-local,https://sciencedivine.org/wp-content/uploads/2024/03/1693895903-research-shows-four-1.png,public/images/uploads/2024/03/1693895903-research-shows-four-1.webp,restored from git a0d6a32:public/old-site/uploads
3-remote-to-local,https://sciencedivine.org/wp-content/uploads/2024/04/pexels-felipe-borges-964530-2597205-1.png,public/images/uploads/2024/04/pexels-felipe-borges-964530-2597205-1.webp,restored from git a0d6a32:public/old-site/uploads
3-remote-to-local,https://sciencedivine.org/wp-content/uploads/2024/03/Group-2611.png,public/images/uploads/2024/03/Group-2611.webp,restored from git a0d6a32:public/old-site/uploads
3-remote-to-local,https://sciencedivine.org/wp-content/uploads/2024/03/Group-2622.png,public/images/uploads/2024/03/Group-2622.webp,restored from git a0d6a32:public/old-site/uploads
3-remote-to-local,https://sciencedivine.org/wp-content/uploads/elementor/thumbs/IMG_1317-scaled-qycnje1x5jro0x3zk3hzanf2tn181d8a1m064pjdls.webp,public/images/uploads/elementor/thumbs/IMG_1317-scaled-qycnje1x5jro0x3zk3hzanf2tn181d8a1m064pjdls.webp,restored from git a0d6a32:public/old-site/uploads
3-remote-to-local,https://sciencedivine.org/wp-content/uploads/elementor/thumbs/gospelforasia-RT18-03070-qvla74wkzfu03jfb5e7plwpddk8afeo1uqh0978hb4.jpeg,public/images/uploads/elementor/thumbs/gospelforasia-RT18-03070-qvla74wkzfu03jfb5e7plwpddk8afeo1uqh0978hb4.webp,restored from git a0d6a32:public/old-site/uploads
3-remote-to-local,https://sciencedivine.org/wp-content/uploads/2024/12/IMG_1312-scaled.webp,public/images/uploads/2024/12/IMG_1312-scaled.webp,restored from git a0d6a32:public/old-site/uploads
3-remote-to-local,https://sciencedivine.org/wp-content/uploads/2024/12/IMG_1335-scaled.jpg,public/images/uploads/2024/12/IMG_1335-scaled.webp,restored from git a0d6a32:public/old-site/uploads
3-remote-to-local,https://sciencedivine.org/wp-content/uploads/2024/12/IMG_1379-scaled.jpg,public/images/uploads/2024/12/IMG_1379-scaled.webp,restored from git a0d6a32:public/old-site/uploads
3-remote-to-local,https://sciencedivine.org/wp-content/uploads/2024/12/IMG_1317-scaled.webp,public/images/uploads/2024/12/IMG_1317-scaled.webp,restored from git a0d6a32:public/old-site/uploads
3-remote-to-local,https://sciencedivine.org/wp-content/uploads/2023/06/IMG_3580-1-scaled.webp,public/images/uploads/2023/06/IMG_3580-1-scaled.webp,restored from git a0d6a32:public/old-site/uploads
3-remote-to-local,https://sciencedivine.org/wp-content/uploads/2024/12/Step-01-1.webp,public/images/uploads/2024/12/Step-01-1.webp,restored from git a0d6a32:public/old-site/uploads
3-remote-to-local,https://sciencedivine.org/wp-content/uploads/2024/12/Step-02-1.webp,public/images/uploads/2024/12/Step-02-1.webp,restored from git a0d6a32:public/old-site/uploads
3-remote-to-local,https://sciencedivine.org/wp-content/uploads/2024/12/Step-03-Copy-1.webp,public/images/uploads/2024/12/Step-03-Copy-1.webp,restored from git a0d6a32:public/old-site/uploads
3-remote-to-local,https://sciencedivine.org/wp-content/uploads/2024/04/pexels-min-an-1234035-1-1.png,public/images/uploads/2024/04/pexels-min-an-1234035-1-1.webp,restored from git a0d6a32:public/old-site/uploads
3-remote-to-local,https://sciencedivine.org/wp-content/uploads/2024/03/reema-singh.png,public/images/uploads/2024/03/reema-singh.webp,restored from git a0d6a32:public/old-site/uploads
3-remote-to-local,https://sciencedivine.org/wp-content/uploads/2024/04/Screen-Shot-2024-04-28-at-11.57.53-PM.png,public/images/uploads/2024/04/Screen-Shot-2024-04-28-at-11.57.53-PM.webp,restored from git a0d6a32:public/old-site/uploads
3-remote-to-local,https://sciencedivine.org/wp-content/uploads/2024/04/Screen-Shot-2024-04-28-at-11.57.39-PM.png,public/images/uploads/2024/04/Screen-Shot-2024-04-28-at-11.57.39-PM.webp,restored from git a0d6a32:public/old-site/uploads
3-remote-to-local,https://sciencedivine.org/wp-content/uploads/2024/03/som-bansal.png,public/images/uploads/2024/03/som-bansal.webp,restored from git a0d6a32:public/old-site/uploads
3-remote-to-local,https://sciencedivine.org/wp-content/uploads/2024/03/shikha-yadav.png,public/images/uploads/2024/03/shikha-yadav.webp,restored from git a0d6a32:public/old-site/uploads
3-remote-to-local,https://sciencedivine.org/wp-content/uploads/2024/04/pexels-chetanvlad-2923157-1.png,public/images/uploads/2024/04/pexels-chetanvlad-2923157-1.webp,restored from git a0d6a32:public/old-site/uploads
3-remote-to-local,https://sciencedivine.org/wp-content/uploads/2025/04/IMG_6954-1-scaled.webp,public/images/uploads/2025/04/IMG_6954-1-scaled.webp,restored from git a0d6a32:public/old-site/uploads
3-remote-to-local,https://sciencedivine.org/wp-content/uploads/2025/04/IMG_1319-1-1-1-scaled.webp,public/images/uploads/2025/04/IMG_1319-1-1-1-scaled.webp,restored from git a0d6a32:public/old-site/uploads
3-remote-to-local,https://sciencedivine.org/wp-content/uploads/2025/02/1-1.png,public/images/uploads/2025/02/1-1.webp,restored from git a0d6a32:public/old-site/uploads
3-remote-to-local,https://sciencedivine.org/wp-content/uploads/2025/09/ranjana.jpg,public/images/uploads/2025/09/ranjana.webp,restored from git a0d6a32:public/old-site/uploads
3-remote-to-local,https://sciencedivine.org/wp-content/uploads/elementor/thumbs/archana-rch2fbwt9mgpew2j74mthaog953mpr0qr0affqqcjk.webp,public/images/uploads/elementor/thumbs/archana-rch2fbwt9mgpew2j74mthaog953mpr0qr0affqqcjk.webp,restored from git a0d6a32:public/old-site/uploads
3-remote-to-local,https://sciencedivine.org/wp-content/uploads/2025/09/sneha.png,public/images/uploads/2025/09/sneha.webp,restored from git a0d6a32:public/old-site/uploads
3-remote-to-local,https://sciencedivine.org/wp-content/uploads/2025/09/khushi.png,public/images/uploads/2025/09/khushi.webp,restored from git a0d6a32:public/old-site/uploads
3-remote-to-local,https://sciencedivine.org/wp-content/uploads/2025/09/akhilesh.png,public/images/uploads/2025/09/akhilesh.webp,restored from git a0d6a32:public/old-site/uploads
3-remote-to-local,https://sciencedivine.org/wp-content/uploads/2025/09/guruji.jpg,public/images/uploads/2025/09/guruji.webp,restored from git a0d6a32:public/old-site/uploads
3-remote-to-local,https://sciencedivine.org/wp-content/uploads/2025/09/guruji-1.jpg,public/images/uploads/2025/09/guruji-1.webp,restored from git a0d6a32:public/old-site/uploads
3-remote-to-local,https://sciencedivine.org/wp-content/uploads/2025/09/leader-1.jpg,public/images/uploads/2025/09/leader-1.webp,restored from git a0d6a32:public/old-site/uploads
3-remote-to-local,https://sciencedivine.org/wp-content/uploads/2025/09/leader-2.jpg,public/images/uploads/2025/09/leader-2.webp,restored from git a0d6a32:public/old-site/uploads
3-remote-to-local,https://sciencedivine.org/wp-content/uploads/2025/09/leader-4.jpg,public/images/uploads/2025/09/leader-4.webp,restored from git a0d6a32:public/old-site/uploads
3-remote-to-local,https://sciencedivine.org/wp-content/uploads/2025/09/media-1.jpg,public/images/uploads/2025/09/media-1.webp,restored from git a0d6a32:public/old-site/uploads
3-remote-to-local,https://sciencedivine.org/wp-content/uploads/2025/09/media-2.jpg,public/images/uploads/2025/09/media-2.webp,restored from git a0d6a32:public/old-site/uploads
3-remote-to-local,https://sciencedivine.org/wp-content/uploads/2025/09/guruji.webp,public/images/uploads/2025/09/guruji.webp,restored from git a0d6a32:public/old-site/uploads
3-remote-to-local,https://sciencedivine.org/wp-content/uploads/2025/09/sakshi-shree.webp,public/images/uploads/2025/09/sakshi-shree.webp,restored from git a0d6a32:public/old-site/uploads
3-remote-to-local,https://sciencedivine.org/wp-content/uploads/2025/06/Har-Ghar-Shiksha.webp,public/images/uploads/2025/06/Har-Ghar-Shiksha.webp,restored from git a0d6a32:public/old-site/uploads
3-remote-to-local,https://sciencedivine.org/wp-content/uploads/2025/09/donation-956x1024.webp,public/images/uploads/2025/09/donation-956x1024.webp,restored from git a0d6a32:public/old-site/uploads
3-remote-to-local,https://sciencedivine.org/wp-content/uploads/2023/09/Daimond-Dairy-New-Cover-300x300.jpg,public/images/uploads/2023/09/Daimond-Dairy-New-Cover-300x300.webp,restored from git a0d6a32:public/old-site/uploads
3-remote-to-local,https://sciencedivine.org/wp-content/uploads/2023/08/image-16.png,public/images/uploads/2023/08/image-16.webp,restored from git a0d6a32:public/old-site/uploads
3-remote-to-local,https://sciencedivine.org/wp-content/uploads/2024/12/Mask-group-7.png,public/images/uploads/2024/12/Mask-group-7.webp,restored from git a0d6a32:public/old-site/uploads
3-remote-to-local,https://sciencedivine.org/wp-content/uploads/2024/12/Mask-group-6.png,public/images/uploads/2024/12/Mask-group-6.webp,restored from git a0d6a32:public/old-site/uploads
3-remote-to-local,https://sciencedivine.org/wp-content/uploads/2025/01/Untitled-design-3-1.png,public/images/uploads/2025/01/Untitled-design-3-1.webp,restored from git a0d6a32:public/old-site/uploads
3-remote-to-local,https://sciencedivine.org/wp-content/uploads/2023/06/2-scaled.webp,public/images/uploads/2023/06/2-scaled.webp,restored from git a0d6a32:public/old-site/uploads
3-remote-to-local,https://sciencedivine.org/wp-content/uploads/2024/12/WhatsApp-Image-2024-07-13-at-18.25.34_73815f1e-1-1.png,public/images/uploads/2024/12/WhatsApp-Image-2024-07-13-at-18.25.34_73815f1e-1-1.webp,restored from git a0d6a32:public/old-site/uploads
3-remote-to-local,https://sciencedivine.org/wp-content/uploads/2024/12/WhatsApp-Image-2024-07-26-at-11.39.06_81ab3a55-1.png,public/images/uploads/2024/12/WhatsApp-Image-2024-07-26-at-11.39.06_81ab3a55-1.webp,restored from git a0d6a32:public/old-site/uploads
3-remote-to-local,https://sciencedivine.org/wp-content/uploads/2024/12/WhatsApp-Image-2024-07-26-at-12.20.57_e5bc8a98-1.png,public/images/uploads/2024/12/WhatsApp-Image-2024-07-26-at-12.20.57_e5bc8a98-1.webp,restored from git a0d6a32:public/old-site/uploads
3-remote-to-local,https://sciencedivine.org/wp-content/uploads/2024/12/WhatsApp-Image-2024-07-26-at-12.35.22_a5b77f0a-1.png,public/images/uploads/2024/12/WhatsApp-Image-2024-07-26-at-12.35.22_a5b77f0a-1.webp,restored from git a0d6a32:public/old-site/uploads
3-remote-to-local,https://sciencedivine.org/wp-content/uploads/2024/12/WhatsApp-Image-2024-07-26-at-12.35.24_2181c7cf-1.png,public/images/uploads/2024/12/WhatsApp-Image-2024-07-26-at-12.35.24_2181c7cf-1.webp,restored from git a0d6a32:public/old-site/uploads
3-remote-to-local,https://sciencedivine.org/wp-content/uploads/2025/01/group-five-yogi-females-sitting-sukhasana-683x1024.webp,public/images/uploads/2025/01/group-five-yogi-females-sitting-sukhasana-683x1024.webp,restored from git a0d6a32:public/old-site/uploads
3-remote-to-local,https://sciencedivine.org/wp-content/uploads/2025/01/Untitled-design-3.png,public/images/uploads/2025/01/Untitled-design-3.webp,restored from git a0d6a32:public/old-site/uploads
3-remote-to-local,https://sciencedivine.org/wp-content/uploads/2025/01/Untitled-design-5-1.webp,public/images/uploads/2025/01/Untitled-design-5-1.webp,restored from git a0d6a32:public/old-site/uploads
3-remote-to-local,https://sciencedivine.org/wp-content/uploads/2023/06/17-2-1024x694.webp,public/images/uploads/2023/06/17-2-1024x694.webp,restored from git a0d6a32:public/old-site/uploads
3-remote-to-local,https://sciencedivine.org/wp-content/uploads/2024/03/Overthinking-1024x683.jpg,public/images/uploads/2024/03/Overthinking-1024x683.webp,restored from git a0d6a32:public/old-site/uploads
3-remote-to-local,https://sciencedivine.org/wp-content/uploads/2024/03/Parenting-1024x683.jpg,public/images/uploads/2024/03/Parenting-1024x683.webp,restored from git a0d6a32:public/old-site/uploads
3-remote-to-local,https://sciencedivine.org/wp-content/uploads/2024/03/Wellness-1024x683.jpg,public/images/uploads/2024/03/Wellness-1024x683.webp,restored from git a0d6a32:public/old-site/uploads
3-remote-to-local,https://sciencedivine.org/wp-content/uploads/2024/03/Anxiety-1024x683.jpg,public/images/uploads/2024/03/Anxiety-1024x683.webp,restored from git a0d6a32:public/old-site/uploads
3-remote-to-local,https://sciencedivine.org/wp-content/uploads/2024/03/Depression.jpg,public/images/uploads/2024/03/Depression.webp,restored from git a0d6a32:public/old-site/uploads
3-remote-to-local,https://sciencedivine.org/wp-content/uploads/2023/07/cropped-SD_logo.png,public/images/uploads/2023/07/cropped-SD_logo.webp,restored from git a0d6a32:public/old-site/uploads
3-remote-to-local,https://sciencedivine.org/wp-content/uploads/2024/03/Sakshi-Shree-Profile-1.webp,public/images/sakshi-shree-avatar.webp,original not in repo; cropped from old-site/pages/shiksha-sewa/sakshi-shree.webp
3-remote-to-local,https://sciencedivine.org/wp-content/uploads/2024/03/Sleeping-1024x683.jpg,public/images/old-site/pages/get-solutions-for/Sleeping-Disorder-1024x683.webp,original not in repo; same photo from the WordPress export
3-remote-to-local,https://sciencedivine.org/wp-content/uploads/2024/03/Science-Divine-Logo.webp,https://sciencedivine.org/images/uploads/2023/07/cropped-SD_logo.webp,blog JSON-LD publisher logo; absolute URL works once the domain points to Vercel
